series,x,y,pixel_x,pixel_y
color_1,1.112427208,12.44501022,110.000,230.500
color_1,1.113947101,12.3608191,111.000,232.000
color_1,1.115466994,12.3608191,112.000,232.000
color_1,1.116986887,12.3608191,113.000,232.000
color_1,1.118506781,12.33275539,114.000,232.500
color_1,1.120026674,12.3608191,115.000,232.000
color_1,1.121546567,12.33275539,116.000,232.500
color_1,1.123066461,12.33275539,117.000,232.500
color_1,1.124586354,12.30469168,118.000,233.000
color_1,1.126106247,11.68729012,119.000,244.000
color_1,1.127626141,11.82760865,120.000,241.500
color_1,1.129146034,11.88373607,121.000,240.500
color_1,1.130665927,11.88373607,122.000,240.500
color_1,1.13218582,3.68913345,123.000,386.500
color_1,1.133705714,3.717197158,124.000,386.000
color_1,1.135225607,3.717197158,125.000,386.000
color_1,1.1367455,3.717197158,126.000,386.000
color_1,1.138265394,3.717197158,127.000,386.000
color_1,1.139785287,3.717197158,128.000,386.000
color_1,1.14130518,3.717197158,129.000,386.000
color_1,1.142825074,13.82013189,130.000,206.000
color_1,1.144344967,23.97919404,131.000,25.000
color_1,1.14586486,23.97919404,132.000,25.000
color_1,1.147384754,23.97919404,133.000,25.000
color_1,1.148904647,23.97919404,134.000,25.000
color_1,1.15042454,23.97919404,135.000,25.000
color_1,1.151944433,23.97919404,136.000,25.000
color_1,1.153464327,23.97919404,137.000,25.000
color_1,1.15498422,23.97919404,138.000,25.000
color_1,1.156504113,23.97919404,139.000,25.000
color_1,1.158024007,23.97919404,140.000,25.000
color_1,1.1595439,23.97919404,141.000,25.000
color_1,1.161063793,23.97919404,142.000,25.000
color_1,1.162583687,23.97919404,143.000,25.000
color_1,1.16410358,23.97919404,144.000,25.000
color_1,1.165623473,23.97919404,145.000,25.000
color_1,1.167143366,23.97919404,146.000,25.000
color_1,1.16866326,23.97919404,147.000,25.000
color_1,1.170183153,23.97919404,148.000,25.000
color_1,1.171703046,23.97919404,149.000,25.000
color_1,1.17322294,23.97919404,150.000,25.000
color_1,1.174742833,23.97919404,151.000,25.000
color_1,1.176262726,23.97919404,152.000,25.000
color_1,1.17778262,23.97919404,153.000,25.000
color_1,1.179302513,23.97919404,154.000,25.000
color_1,1.180822406,23.97919404,155.000,25.000
color_1,1.1823423,23.97919404,156.000,25.000
color_1,1.183862193,23.97919404,157.000,25.000
color_1,1.185382086,23.97919404,158.000,25.000
color_1,1.186901979,23.97919404,159.000,25.000
color_1,1.188421873,23.97919404,160.000,25.000
color_1,1.189941766,23.97919404,161.000,25.000
color_1,1.191461659,23.97919404,162.000,25.000
color_1,1.192981553,23.97919404,163.000,25.000
color_1,1.194501446,23.97919404,164.000,25.000
color_1,1.196021339,23.97919404,165.000,25.000
color_1,1.197541233,23.97919404,166.000,25.000
color_1,1.199061126,23.97919404,167.000,25.000
color_1,1.200581019,23.97919404,168.000,25.000
color_1,1.202100912,23.97919404,169.000,25.000
color_1,1.203620806,23.97919404,170.000,25.000
color_1,1.205140699,23.97919404,171.000,25.000
color_1,1.206660592,23.97919404,172.000,25.000
color_1,1.208180486,23.97919404,173.000,25.000
color_1,1.209700379,23.97919404,174.000,25.000
color_1,1.211220272,23.97919404,175.000,25.000
color_1,1.212740166,23.97919404,176.000,25.000
color_1,1.214260059,23.97919404,177.000,25.000
color_1,1.215779952,23.97919404,178.000,25.000
color_1,1.217299846,23.97919404,179.000,25.000
color_1,1.218819739,23.97919404,180.000,25.000
color_1,1.220339632,23.97919404,181.000,25.000
color_1,1.221859525,23.97919404,182.000,25.000
color_1,1.223379419,23.97919404,183.000,25.000
color_1,1.224899312,23.97919404,184.000,25.000
color_1,1.226419205,23.97919404,185.000,25.000
color_1,1.227939099,23.97919404,186.000,25.000
color_1,1.229458992,23.97919404,187.000,25.000
color_1,1.230978885,23.97919404,188.000,25.000
color_1,1.232498779,23.97919404,189.000,25.000
color_1,1.234018672,23.97919404,190.000,25.000
color_1,1.235538565,23.97919404,191.000,25.000
color_1,1.237058458,23.97919404,192.000,25.000
color_1,1.238578352,23.97919404,193.000,25.000
color_1,1.240098245,23.97919404,194.000,25.000
color_1,1.241618138,23.97919404,195.000,25.000
color_1,1.243138032,23.97919404,196.000,25.000
color_1,1.244657925,23.97919404,197.000,25.000
color_1,1.246177818,23.97919404,198.000,25.000
color_1,1.247697712,23.97919404,199.000,25.000
color_1,1.249217605,23.97919404,200.000,25.000
color_1,1.250737498,23.97919404,201.000,25.000
color_1,1.252257391,23.97919404,202.000,25.000
color_1,1.253777285,23.97919404,203.000,25.000
color_1,1.255297178,23.97919404,204.000,25.000
color_1,1.256817071,23.97919404,205.000,25.000
color_1,1.258336965,23.97919404,206.000,25.000
color_1,1.259856858,23.97919404,207.000,25.000
color_1,1.261376751,23.97919404,208.000,25.000
color_1,1.262896645,23.97919404,209.000,25.000
color_1,1.264416538,23.97919404,210.000,25.000
color_1,1.265936431,23.97919404,211.000,25.000
color_1,1.267456325,23.97919404,212.000,25.000
color_1,1.268976218,23.97919404,213.000,25.000
color_1,1.270496111,23.97919404,214.000,25.000
color_1,1.272016004,23.97919404,215.000,25.000
color_1,1.273535898,23.97919404,216.000,25.000
color_1,1.275055791,23.97919404,217.000,25.000
color_1,1.276575684,23.97919404,218.000,25.000
color_1,1.278095578,23.97919404,219.000,25.000
color_1,1.279615471,23.97919404,220.000,25.000
color_1,1.281135364,23.97919404,221.000,25.000
color_1,1.282655258,23.97919404,222.000,25.000
color_1,1.284175151,23.97919404,223.000,25.000
color_1,1.285695044,23.97919404,224.000,25.000
color_1,1.287214937,23.97919404,225.000,25.000
color_1,1.288734831,23.97919404,226.000,25.000
color_1,1.290254724,23.97919404,227.000,25.000
color_1,1.291774617,23.97919404,228.000,25.000
color_1,1.293294511,23.97919404,229.000,25.000
color_1,1.294814404,23.97919404,230.000,25.000
color_1,1.296334297,23.97919404,231.000,25.000
color_1,1.297854191,23.97919404,232.000,25.000
color_1,1.299374084,23.97919404,233.000,25.000
color_1,1.300893977,23.97919404,234.000,25.000
color_1,1.302413871,23.97919404,235.000,25.000
color_1,1.303933764,23.97919404,236.000,25.000
color_1,1.305453657,23.97919404,237.000,25.000
color_1,1.30697355,23.97919404,238.000,25.000
color_1,1.308493444,23.97919404,239.000,25.000
color_1,1.310013337,23.97919404,240.000,25.000
color_1,1.31153323,23.97919404,241.000,25.000
color_1,1.313053124,23.97919404,242.000,25.000
color_1,1.314573017,23.97919404,243.000,25.000
color_1,1.31609291,23.97919404,244.000,25.000
color_1,1.317612804,23.97919404,245.000,25.000
color_1,1.319132697,23.97919404,246.000,25.000
color_1,1.32065259,23.97919404,247.000,25.000
color_1,1.322172483,23.97919404,248.000,25.000
color_1,1.323692377,23.97919404,249.000,25.000
color_1,1.32521227,23.97919404,250.000,25.000
color_1,1.326732163,23.97919404,251.000,25.000
color_1,1.328252057,23.97919404,252.000,25.000
color_1,1.32977195,23.97919404,253.000,25.000
color_1,1.331291843,23.97919404,254.000,25.000
color_1,1.332811737,23.97919404,255.000,25.000
color_1,1.33433163,23.97919404,256.000,25.000
color_1,1.335851523,23.97919404,257.000,25.000
color_1,1.337371416,23.97919404,258.000,25.000
color_1,1.33889131,23.97919404,259.000,25.000
color_1,1.340411203,23.97919404,260.000,25.000
color_1,1.341931096,23.97919404,261.000,25.000
color_1,1.34345099,23.97919404,262.000,25.000
color_1,1.344970883,23.97919404,263.000,25.000
color_1,1.346490776,23.97919404,264.000,25.000
color_1,1.34801067,23.97919404,265.000,25.000
color_1,1.349530563,23.97919404,266.000,25.000
color_1,1.351050456,23.97919404,267.000,25.000
color_1,1.35257035,23.97919404,268.000,25.000
color_1,1.354090243,23.97919404,269.000,25.000
color_1,1.355610136,23.97919404,270.000,25.000
color_1,1.357130029,23.97919404,271.000,25.000
color_1,1.358649923,23.97919404,272.000,25.000
color_1,1.360169816,23.97919404,273.000,25.000
color_1,1.361689709,23.97919404,274.000,25.000
color_1,1.363209603,23.97919404,275.000,25.000
color_1,1.364729496,23.97919404,276.000,25.000
color_1,1.366249389,23.97919404,277.000,25.000
color_1,1.367769283,23.97919404,278.000,25.000
color_1,1.369289176,23.97919404,279.000,25.000
color_1,1.370809069,23.97919404,280.000,25.000
color_1,1.372328962,23.97919404,281.000,25.000
color_1,1.373848856,23.97919404,282.000,25.000
color_1,1.375368749,23.97919404,283.000,25.000
color_1,1.376888642,23.97919404,284.000,25.000
color_1,1.378408536,23.97919404,285.000,25.000
color_1,1.379928429,23.97919404,286.000,25.000
color_1,1.381448322,23.97919404,287.000,25.000
color_1,1.382968216,23.97919404,288.000,25.000
color_1,1.384488109,23.97919404,289.000,25.000
color_1,1.386008002,23.97919404,290.000,25.000
color_1,1.387527896,23.97919404,291.000,25.000
color_1,1.389047789,23.97919404,292.000,25.000
color_1,1.390567682,23.97919404,293.000,25.000
color_1,1.392087575,23.97919404,294.000,25.000
color_1,1.393607469,23.97919404,295.000,25.000
color_1,1.395127362,23.97919404,296.000,25.000
color_1,1.396647255,23.97919404,297.000,25.000
color_1,1.398167149,23.97919404,298.000,25.000
color_1,1.399687042,23.97919404,299.000,25.000
color_1,1.401206935,23.97919404,300.000,25.000
color_1,1.402726829,23.97919404,301.000,25.000
color_1,1.404246722,23.97919404,302.000,25.000
color_1,1.405766615,23.97919404,303.000,25.000
color_1,1.407286508,23.97919404,304.000,25.000
color_1,1.408806402,23.97919404,305.000,25.000
color_1,1.410326295,23.97919404,306.000,25.000
color_1,1.411846188,23.97919404,307.000,25.000
color_1,1.413366082,23.97919404,308.000,25.000
color_1,1.414885975,23.97919404,309.000,25.000
color_1,1.416405868,23.97919404,310.000,25.000
color_1,1.417925762,23.97919404,311.000,25.000
color_1,1.419445655,23.97919404,312.000,25.000
color_1,1.420965548,23.97919404,313.000,25.000
color_1,1.422485442,23.97919404,314.000,25.000
color_1,1.424005335,23.97919404,315.000,25.000
color_1,1.425525228,23.97919404,316.000,25.000
color_1,1.427045121,23.97919404,317.000,25.000
color_1,1.428565015,23.97919404,318.000,25.000
color_1,1.430084908,23.97919404,319.000,25.000
color_1,1.431604801,23.97919404,320.000,25.000
color_1,1.433124695,23.97919404,321.000,25.000
color_1,1.434644588,23.97919404,322.000,25.000
color_1,1.436164481,23.97919404,323.000,25.000
color_1,1.437684375,23.97919404,324.000,25.000
color_1,1.439204268,23.97919404,325.000,25.000
color_1,1.440724161,23.97919404,326.000,25.000
color_1,1.442244054,23.97919404,327.000,25.000
color_1,1.443763948,23.97919404,328.000,25.000
color_1,1.445283841,23.97919404,329.000,25.000
color_1,1.446803734,23.97919404,330.000,25.000
color_1,1.448323628,23.97919404,331.000,25.000
color_1,1.449843521,23.97919404,332.000,25.000
color_1,1.451363414,23.97919404,333.000,25.000
color_1,1.452883308,23.97919404,334.000,25.000
color_1,1.454403201,23.97919404,335.000,25.000
color_1,1.455923094,23.97919404,336.000,25.000
color_1,1.457442987,23.97919404,337.000,25.000
color_1,1.458962881,23.97919404,338.000,25.000
color_1,1.460482774,23.97919404,339.000,25.000
color_1,1.462002667,23.97919404,340.000,25.000
color_1,1.463522561,23.97919404,341.000,25.000
color_1,1.465042454,23.97919404,342.000,25.000
color_1,1.466562347,23.97919404,343.000,25.000
color_1,1.468082241,23.97919404,344.000,25.000
color_1,1.469602134,23.97919404,345.000,25.000
color_1,1.471122027,23.97919404,346.000,25.000
color_1,1.472641921,23.97919404,347.000,25.000
color_1,1.474161814,23.97919404,348.000,25.000
color_1,1.475681707,23.97919404,349.000,25.000
color_1,1.4772016,23.97919404,350.000,25.000
color_1,1.478721494,23.97919404,351.000,25.000
color_1,1.480241387,23.97919404,352.000,25.000
color_1,1.48176128,23.97919404,353.000,25.000
color_1,1.483281174,23.97919404,354.000,25.000
color_1,1.484801067,23.97919404,355.000,25.000
color_1,1.48632096,23.97919404,356.000,25.000
color_1,1.487840854,23.97919404,357.000,25.000
color_1,1.489360747,23.97919404,358.000,25.000
color_1,1.49088064,23.97919404,359.000,25.000
color_1,1.492400533,23.97919404,360.000,25.000
color_1,1.493920427,23.97919404,361.000,25.000
color_1,1.49544032,23.97919404,362.000,25.000
color_1,1.496960213,23.97919404,363.000,25.000
color_1,1.498480107,23.97919404,364.000,25.000
color_1,1.5,23.97919404,365.000,25.000
color_1,1.501519893,23.97919404,366.000,25.000
color_1,1.503039787,23.97919404,367.000,25.000
color_1,1.50455968,23.97919404,368.000,25.000
color_1,1.506079573,23.97919404,369.000,25.000
color_1,1.507599467,23.97919404,370.000,25.000
color_1,1.50911936,23.97919404,371.000,25.000
color_1,1.510639253,23.97919404,372.000,25.000
color_1,1.512159146,23.97919404,373.000,25.000
color_1,1.51367904,23.97919404,374.000,25.000
color_1,1.515198933,23.97919404,375.000,25.000
color_1,1.516718826,23.97919404,376.000,25.000
color_1,1.51823872,23.97919404,377.000,25.000
color_1,1.519758613,23.97919404,378.000,25.000
color_1,1.521278506,23.97919404,379.000,25.000
color_1,1.5227984,23.97919404,380.000,25.000
color_1,1.524318293,23.97919404,381.000,25.000
color_1,1.525838186,23.97919404,382.000,25.000
color_1,1.527358079,23.97919404,383.000,25.000
color_1,1.528877973,23.97919404,384.000,25.000
color_1,1.530397866,23.97919404,385.000,25.000
color_1,1.531917759,23.97919404,386.000,25.000
color_1,1.533437653,23.97919404,387.000,25.000
color_1,1.534957546,23.97919404,388.000,25.000
color_1,1.536477439,23.97919404,389.000,25.000
color_1,1.537997333,23.97919404,390.000,25.000
color_1,1.539517226,23.97919404,391.000,25.000
color_1,1.541037119,23.97919404,392.000,25.000
color_1,1.542557013,23.97919404,393.000,25.000
color_1,1.544076906,23.97919404,394.000,25.000
color_1,1.545596799,23.97919404,395.000,25.000
color_1,1.547116692,23.97919404,396.000,25.000
color_1,1.548636586,23.97919404,397.000,25.000
color_1,1.550156479,23.97919404,398.000,25.000
color_1,1.551676372,23.97919404,399.000,25.000
color_1,1.553196266,23.97919404,400.000,25.000
color_1,1.554716159,23.97919404,401.000,25.000
color_1,1.556236052,23.97919404,402.000,25.000
color_1,1.557755946,23.97919404,403.000,25.000
color_1,1.559275839,23.97919404,404.000,25.000
color_1,1.560795732,23.97919404,405.000,25.000
color_1,1.562315625,23.97919404,406.000,25.000
color_1,1.563835519,23.97919404,407.000,25.000
color_1,1.565355412,23.97919404,408.000,25.000
color_1,1.566875305,23.97919404,409.000,25.000
color_1,1.568395199,23.97919404,410.000,25.000
color_1,1.569915092,23.97919404,411.000,25.000
color_1,1.571434985,23.97919404,412.000,25.000
color_1,1.572954879,23.97919404,413.000,25.000
color_1,1.574474772,23.97919404,414.000,25.000
color_1,1.575994665,23.97919404,415.000,25.000
color_1,1.577514558,23.97919404,416.000,25.000
color_1,1.579034452,23.97919404,417.000,25.000
color_1,1.580554345,23.97919404,418.000,25.000
color_1,1.582074238,23.97919404,419.000,25.000
color_1,1.583594132,23.97919404,420.000,25.000
color_1,1.585114025,23.97919404,421.000,25.000
color_1,1.586633918,23.97919404,422.000,25.000
color_1,1.588153812,23.97919404,423.000,25.000
color_1,1.589673705,23.97919404,424.000,25.000
color_1,1.591193598,23.97919404,425.000,25.000
color_1,1.592713492,23.97919404,426.000,25.000
color_1,1.594233385,23.97919404,427.000,25.000
color_1,1.595753278,23.97919404,428.000,25.000
color_1,1.597273171,23.97919404,429.000,25.000
color_1,1.598793065,23.97919404,430.000,25.000
color_1,1.600312958,23.97919404,431.000,25.000
color_1,1.601832851,23.97919404,432.000,25.000
color_1,1.603352745,23.97919404,433.000,25.000
color_1,1.604872638,23.97919404,434.000,25.000
color_1,1.606392531,23.97919404,435.000,25.000
color_1,1.607912425,23.97919404,436.000,25.000
color_1,1.609432318,23.97919404,437.000,25.000
color_1,1.610952211,23.97919404,438.000,25.000
color_1,1.612472104,23.97919404,439.000,25.000
color_1,1.613991998,23.97919404,440.000,25.000
color_1,1.615511891,23.97919404,441.000,25.000
color_1,1.617031784,23.97919404,442.000,25.000
color_1,1.618551678,23.97919404,443.000,25.000
color_1,1.620071571,23.97919404,444.000,25.000
color_1,1.621591464,23.97919404,445.000,25.000
color_1,1.623111358,23.97919404,446.000,25.000
color_1,1.624631251,23.97919404,447.000,25.000
color_1,1.626151144,23.97919404,448.000,25.000
color_1,1.627671038,23.97919404,449.000,25.000
color_1,1.629190931,23.97919404,450.000,25.000
color_1,1.630710824,23.97919404,451.000,25.000
color_1,1.632230717,23.97919404,452.000,25.000
color_1,1.633750611,23.97919404,453.000,25.000
color_1,1.635270504,23.97919404,454.000,25.000
color_1,1.636790397,23.97919404,455.000,25.000
color_1,1.638310291,23.97919404,456.000,25.000
color_1,1.639830184,23.97919404,457.000,25.000
color_1,1.641350077,23.97919404,458.000,25.000
color_1,1.642869971,23.97919404,459.000,25.000
color_1,1.644389864,23.97919404,460.000,25.000
color_1,1.645909757,23.97919404,461.000,25.000
color_1,1.64742965,23.97919404,462.000,25.000
color_1,1.648949544,23.97919404,463.000,25.000
color_1,1.650469437,23.97919404,464.000,25.000
color_1,1.65198933,23.97919404,465.000,25.000
color_1,1.653509224,23.97919404,466.000,25.000
color_1,1.655029117,23.97919404,467.000,25.000
color_1,1.65654901,23.97919404,468.000,25.000
color_1,1.658068904,23.97919404,469.000,25.000
color_1,1.659588797,23.97919404,470.000,25.000
color_1,1.66110869,23.97919404,471.000,25.000
color_1,1.662628584,23.97919404,472.000,25.000
color_1,1.664148477,23.97919404,473.000,25.000
color_1,1.66566837,23.97919404,474.000,25.000
color_1,1.667188263,23.97919404,475.000,25.000
color_1,1.668708157,23.97919404,476.000,25.000
color_1,1.67022805,23.97919404,477.000,25.000
color_1,1.671747943,23.97919404,478.000,25.000
color_1,1.673267837,23.97919404,479.000,25.000
color_1,1.67478773,23.97919404,480.000,25.000
color_1,1.676307623,23.97919404,481.000,25.000
color_1,1.677827517,23.97919404,482.000,25.000
color_1,1.67934741,23.97919404,483.000,25.000
color_1,1.680867303,23.97919404,484.000,25.000
color_1,1.682387196,23.97919404,485.000,25.000
color_1,1.68390709,23.97919404,486.000,25.000
color_1,1.685426983,23.97919404,487.000,25.000
color_1,1.686946876,23.97919404,488.000,25.000
color_1,1.68846677,23.97919404,489.000,25.000
color_1,1.689986663,23.97919404,490.000,25.000
color_1,1.691506556,23.97919404,491.000,25.000
color_1,1.69302645,23.97919404,492.000,25.000
color_1,1.694546343,23.97919404,493.000,25.000
color_1,1.696066236,23.97919404,494.000,25.000
color_1,1.697586129,23.97919404,495.000,25.000
color_1,1.699106023,23.97919404,496.000,25.000
color_1,1.700625916,23.97919404,497.000,25.000
color_1,1.702145809,23.97919404,498.000,25.000
color_1,1.703665703,23.97919404,499.000,25.000
color_1,1.705185596,23.97919404,500.000,25.000
color_1,1.706705489,23.97919404,501.000,25.000
color_1,1.708225383,23.97919404,502.000,25.000
color_1,1.709745276,23.97919404,503.000,25.000
color_1,1.711265169,23.97919404,504.000,25.000
color_1,1.712785063,23.97919404,505.000,25.000
color_1,1.714304956,23.97919404,506.000,25.000
color_1,1.715824849,23.97919404,507.000,25.000
color_1,1.717344742,23.97919404,508.000,25.000
color_1,1.718864636,23.97919404,509.000,25.000
color_1,1.720384529,23.97919404,510.000,25.000
color_1,1.721904422,23.97919404,511.000,25.000
color_1,1.723424316,23.97919404,512.000,25.000
color_1,1.724944209,23.97919404,513.000,25.000
color_1,1.726464102,23.97919404,514.000,25.000
color_1,1.727983996,23.97919404,515.000,25.000
color_1,1.729503889,23.97919404,516.000,25.000
color_1,1.731023782,23.97919404,517.000,25.000
color_1,1.732543675,23.97919404,518.000,25.000
color_1,1.734063569,23.97919404,519.000,25.000
color_1,1.735583462,23.97919404,520.000,25.000
color_1,1.737103355,23.97919404,521.000,25.000
color_1,1.738623249,23.97919404,522.000,25.000
color_1,1.740143142,23.97919404,523.000,25.000
color_1,1.741663035,23.97919404,524.000,25.000
color_1,1.743182929,23.97919404,525.000,25.000
color_1,1.744702822,23.97919404,526.000,25.000
color_1,1.746222715,23.97919404,527.000,25.000
color_1,1.747742609,23.97919404,528.000,25.000
color_1,1.749262502,23.97919404,529.000,25.000
color_1,1.750782395,23.97919404,530.000,25.000
color_1,1.752302288,23.97919404,531.000,25.000
color_1,1.753822182,23.97919404,532.000,25.000
color_1,1.755342075,23.97919404,533.000,25.000
color_1,1.756861968,23.97919404,534.000,25.000
color_1,1.758381862,23.97919404,535.000,25.000
color_1,1.759901755,23.97919404,536.000,25.000
color_1,1.761421648,23.97919404,537.000,25.000
color_1,1.762941542,23.97919404,538.000,25.000
color_1,1.764461435,23.97919404,539.000,25.000
color_1,1.765981328,23.97919404,540.000,25.000
color_1,1.767501221,23.97919404,541.000,25.000
color_1,1.769021115,23.97919404,542.000,25.000
color_1,1.770541008,23.97919404,543.000,25.000
color_1,1.772060901,23.97919404,544.000,25.000
color_1,1.773580795,23.97919404,545.000,25.000
color_1,1.775100688,23.97919404,546.000,25.000
color_1,1.776620581,23.97919404,547.000,25.000
color_1,1.778140475,23.97919404,548.000,25.000
color_1,1.779660368,23.97919404,549.000,25.000
color_1,1.781180261,23.97919404,550.000,25.000
color_1,1.782700154,23.97919404,551.000,25.000
color_1,1.784220048,23.97919404,552.000,25.000
color_1,1.785739941,23.97919404,553.000,25.000
color_1,1.787259834,23.97919404,554.000,25.000
color_1,1.788779728,23.97919404,555.000,25.000
color_1,1.790299621,23.97919404,556.000,25.000
color_1,1.791819514,23.97919404,557.000,25.000
color_1,1.793339408,23.97919404,558.000,25.000
color_1,1.794859301,23.97919404,559.000,25.000
color_1,1.796379194,23.97919404,560.000,25.000
color_1,1.797899088,23.97919404,561.000,25.000
color_1,1.799418981,23.97919404,562.000,25.000
color_1,1.800938874,23.97919404,563.000,25.000
color_1,1.802458767,23.97919404,564.000,25.000
color_1,1.803978661,23.97919404,565.000,25.000
color_1,1.805498554,23.97919404,566.000,25.000
color_1,1.807018447,23.97919404,567.000,25.000
color_1,1.808538341,23.97919404,568.000,25.000
color_1,1.810058234,23.97919404,569.000,25.000
color_1,1.811578127,23.97919404,570.000,25.000
color_1,1.813098021,23.97919404,571.000,25.000
color_1,1.814617914,23.97919404,572.000,25.000
color_1,1.816137807,23.97919404,573.000,25.000
color_1,1.8176577,23.97919404,574.000,25.000
color_1,1.819177594,23.97919404,575.000,25.000
color_1,1.820697487,23.97919404,576.000,25.000
color_1,1.82221738,23.97919404,577.000,25.000
color_1,1.823737274,23.97919404,578.000,25.000
color_1,1.825257167,23.97919404,579.000,25.000
color_1,1.82677706,23.97919404,580.000,25.000
color_1,1.828296954,23.97919404,581.000,25.000
color_1,1.829816847,23.97919404,582.000,25.000
color_1,1.83133674,23.97919404,583.000,25.000
color_1,1.832856634,23.97919404,584.000,25.000
color_1,1.834376527,23.97919404,585.000,25.000
color_1,1.83589642,23.97919404,586.000,25.000
color_1,1.837416313,23.97919404,587.000,25.000
color_1,1.838936207,23.97919404,588.000,25.000
color_1,1.8404561,23.97919404,589.000,25.000
color_1,1.841975993,23.97919404,590.000,25.000
color_1,1.843495887,23.97919404,591.000,25.000
color_1,1.84501578,23.97919404,592.000,25.000
color_1,1.846535673,23.97919404,593.000,25.000
color_1,1.848055567,23.97919404,594.000,25.000
color_1,1.84957546,23.97919404,595.000,25.000
color_1,1.851095353,23.97919404,596.000,25.000
color_1,1.852615246,23.97919404,597.000,25.000
color_1,1.85413514,23.97919404,598.000,25.000
color_1,1.855655033,23.97919404,599.000,25.000
color_1,1.857174926,23.97919404,600.000,25.000
color_1,1.85869482,23.97919404,601.000,25.000
color_1,1.860214713,23.97919404,602.000,25.000
color_1,1.861734606,23.97919404,603.000,25.000
color_1,1.8632545,23.97919404,604.000,25.000
color_1,1.864774393,23.97919404,605.000,25.000
color_1,1.866294286,23.97919404,606.000,25.000
color_1,1.86781418,23.97919404,607.000,25.000
color_1,1.869334073,23.97919404,608.000,25.000
color_1,1.870853966,23.97919404,609.000,25.000
color_1,1.872373859,23.97919404,610.000,25.000
color_1,1.873893753,23.97919404,611.000,25.000
color_1,1.875413646,23.97919404,612.000,25.000
color_1,1.876933539,23.97919404,613.000,25.000
color_1,1.878453433,23.97919404,614.000,25.000
color_1,1.879973326,23.97919404,615.000,25.000
color_1,1.881493219,23.97919404,616.000,25.000
color_1,1.883013113,23.97919404,617.000,25.000
color_1,1.884533006,23.97919404,618.000,25.000
color_1,1.886052899,23.97919404,619.000,25.000
color_1,1.887572792,23.97919404,620.000,25.000
color_1,1.889092686,23.97919404,621.000,25.000
color_1,1.890612579,23.97919404,622.000,25.000
color_1,1.892132472,23.97919404,623.000,25.000
color_1,1.893652366,23.97919404,624.000,25.000
color_1,1.895172259,23.97919404,625.000,25.000
color_1,1.896692152,23.97919404,626.000,25.000
color_1,1.898212046,23.97919404,627.000,25.000
color_1,1.899731939,23.97919404,628.000,25.000
color_1,1.901251832,23.97919404,629.000,25.000
color_1,1.902771725,23.97919404,630.000,25.000
color_1,1.904291619,23.97919404,631.000,25.000
color_1,1.905811512,23.97919404,632.000,25.000
color_1,1.907331405,23.97919404,633.000,25.000
color_1,1.908851299,23.97919404,634.000,25.000
color_1,1.910371192,23.97919404,635.000,25.000
color_1,1.911891085,23.97919404,636.000,25.000
color_1,1.913410979,23.97919404,637.000,25.000
color_1,1.914930872,23.97919404,638.000,25.000
color_1,1.916450765,23.97919404,639.000,25.000
color_1,1.917970659,23.97919404,640.000,25.000
color_1,1.919490552,23.97919404,641.000,25.000
color_1,1.921010445,23.97919404,642.000,25.000
color_1,1.922530338,23.97919404,643.000,25.000
color_1,1.924050232,23.97919404,644.000,25.000
color_1,1.925570125,23.97919404,645.000,25.000
color_1,1.927090018,23.97919404,646.000,25.000
color_1,1.928609912,23.97919404,647.000,25.000
color_1,1.930129805,23.97919404,648.000,25.000
color_1,1.931649698,23.97919404,649.000,25.000
color_1,1.933169592,23.97919404,650.000,25.000
color_1,1.934689485,23.97919404,651.000,25.000
color_1,1.936209378,23.97919404,652.000,25.000
color_1,1.937729271,23.97919404,653.000,25.000
color_1,1.939249165,23.97919404,654.000,25.000
color_1,1.940769058,23.97919404,655.000,25.000
color_1,1.942288951,23.97919404,656.000,25.000
color_1,1.943808845,23.97919404,657.000,25.000
color_1,1.945328738,23.97919404,658.000,25.000
color_1,1.946848631,23.97919404,659.000,25.000
color_1,1.948368525,23.97919404,660.000,25.000
color_1,1.949888418,23.97919404,661.000,25.000
color_1,1.951408311,23.97919404,662.000,25.000
color_1,1.952928205,23.97919404,663.000,25.000
color_1,1.954448098,23.97919404,664.000,25.000
color_1,1.955967991,23.97919404,665.000,25.000
color_1,1.957487884,23.97919404,666.000,25.000
color_1,1.959007778,23.97919404,667.000,25.000
color_1,1.960527671,23.97919404,668.000,25.000
color_1,1.962047564,23.97919404,669.000,25.000
color_1,1.963567458,23.97919404,670.000,25.000
color_1,1.965087351,23.97919404,671.000,25.000
color_1,1.966607244,23.97919404,672.000,25.000
color_1,1.968127138,23.97919404,673.000,25.000
color_1,1.969647031,23.97919404,674.000,25.000
color_1,1.971166924,23.97919404,675.000,25.000
color_1,1.972686817,23.97919404,676.000,25.000
color_1,1.974206711,23.97919404,677.000,25.000
color_1,1.975726604,23.97919404,678.000,25.000
color_1,1.977246497,23.97919404,679.000,25.000
color_1,1.978766391,23.97919404,680.000,25.000
color_1,1.980286284,23.97919404,681.000,25.000
color_1,1.981806177,23.97919404,682.000,25.000
color_1,1.983326071,23.97919404,683.000,25.000
color_1,1.984845964,23.97919404,684.000,25.000
color_1,1.986365857,23.97919404,685.000,25.000
color_1,1.987885751,23.97919404,686.000,25.000
color_1,1.989405644,23.97919404,687.000,25.000
color_1,1.990925537,0.8546989828,688.000,437.000
color_1,1.99244543,0.7985715676,689.000,438.000
color_1,1.993965324,0.7143804448,690.000,439.500
color_1,1.995485217,0.6582530296,691.000,440.500
color_1,1.99700511,0.4618070765,692.000,444.000
color_1,1.998525004,0.2934248309,693.000,447.000
color_1,2.000044897,0.0689151701,694.000,451.000
color_1,2.00156479,0.0127877549,695.000,452.000
color_1,2.003084684,0.0127877549,696.000,452.000
color_1,2.004604577,0.0127877549,697.000,452.000
color_1,2.00612447,0.0689151701,698.000,451.000
color_1,2.007644363,0.1811700005,699.000,449.000
color_1,2.009164257,0.4056796613,700.000,445.000
color_1,2.01068415,0.5179344917,701.000,443.000
color_1,2.012204043,0.630189322,702.000,441.000
color_1,2.013723937,0.630189322,703.000,441.000
color_1,2.01524383,0.630189322,704.000,441.000
color_1,2.016763723,4.699426924,705.000,368.500
color_1,2.018283617,4.811681754,706.000,366.500
color_2,1.162583687,15.19525356,143.000,181.500
color_2,1.16410358,15.19525356,144.000,181.500
color_2,1.165623473,15.16718986,145.000,182.000
color_2,1.167143366,15.16718986,146.000,182.000
color_2,1.16866326,15.16718986,147.000,182.000
color_2,1.170183153,15.16718986,148.000,182.000
color_2,1.171703046,15.16718986,149.000,182.000
color_2,1.17322294,15.16718986,150.000,182.000
color_2,1.174742833,15.16718986,151.000,182.000
color_2,1.176262726,15.16718986,152.000,182.000
color_2,1.17778262,15.16718986,153.000,182.000
color_2,1.179302513,15.16718986,154.000,182.000
color_2,1.180822406,15.16718986,155.000,182.000
color_2,1.1823423,15.16718986,156.000,182.000
color_2,1.183862193,15.16718986,157.000,182.000
color_2,1.185382086,15.16718986,158.000,182.000
color_2,1.186901979,15.16718986,159.000,182.000
color_2,1.188421873,15.16718986,160.000,182.000
color_2,1.189941766,15.05493503,161.000,184.000
color_2,1.191461659,7.954817005,162.000,310.500
color_2,1.192981553,7.954817005,163.000,310.500
color_2,1.194501446,7.954817005,164.000,310.500
color_2,1.196021339,7.954817005,165.000,310.500
color_2,1.197541233,7.954817005,166.000,310.500
color_2,1.199061126,7.954817005,167.000,310.500
color_2,1.200581019,7.954817005,168.000,310.500
color_2,1.202100912,7.954817005,169.000,310.500
color_2,1.203620806,7.954817005,170.000,310.500
color_2,1.205140699,7.954817005,171.000,310.500
color_2,1.206660592,7.954817005,172.000,310.500
color_2,1.208180486,7.954817005,173.000,310.500
color_2,1.209700379,7.954817005,174.000,310.500
color_2,1.211220272,7.954817005,175.000,310.500
color_2,1.212740166,7.954817005,176.000,310.500
color_2,1.214260059,7.954817005,177.000,310.500
color_2,1.215779952,7.954817005,178.000,310.500
color_2,1.217299846,7.954817005,179.000,310.500
color_2,1.218819739,7.954817005,180.000,310.500
color_2,1.220339632,7.954817005,181.000,310.500
color_2,1.221859525,7.954817005,182.000,310.500
color_2,1.223379419,7.954817005,183.000,310.500
color_2,1.224899312,7.954817005,184.000,310.500
color_2,1.226419205,7.954817005,185.000,310.500
color_2,1.227939099,7.954817005,186.000,310.500
color_2,1.229458992,7.954817005,187.000,310.500
color_2,1.230978885,7.954817005,188.000,310.500
color_2,1.232498779,7.954817005,189.000,310.500
color_2,1.234018672,7.954817005,190.000,310.500
color_2,1.235538565,7.954817005,191.000,310.500
color_2,1.237058458,7.954817005,192.000,310.500
color_2,1.238578352,7.954817005,193.000,310.500
color_2,1.240098245,7.954817005,194.000,310.500
color_2,1.241618138,7.954817005,195.000,310.500
color_2,1.243138032,7.954817005,196.000,310.500
color_2,1.244657925,7.954817005,197.000,310.500
color_2,1.246177818,7.954817005,198.000,310.500
color_2,1.247697712,7.954817005,199.000,310.500
color_2,1.249217605,7.954817005,200.000,310.500
color_2,1.250737498,7.954817005,201.000,310.500
color_2,1.252257391,7.954817005,202.000,310.500
color_2,1.253777285,7.954817005,203.000,310.500
color_2,1.255297178,7.954817005,204.000,310.500
color_2,1.256817071,7.954817005,205.000,310.500
color_2,1.258336965,0.8546989828,206.000,437.000
color_2,1.259856858,0.8546989828,207.000,437.000
color_2,1.261376751,0.7424441524,208.000,439.000
color_2,1.262896645,0.7424441524,209.000,439.000
color_2,1.264416538,0.7424441524,210.000,439.000
color_2,1.265936431,0.7424441524,211.000,439.000
color_2,1.267456325,0.7424441524,212.000,439.000
color_2,1.268976218,0.7424441524,213.000,439.000
color_2,1.270496111,0.7424441524,214.000,439.000
color_2,1.272016004,0.7424441524,215.000,439.000
color_2,1.273535898,0.7424441524,216.000,439.000
color_2,1.275055791,0.7424441524,217.000,439.000
color_2,1.276575684,0.7424441524,218.000,439.000
color_2,1.278095578,0.7424441524,219.000,439.000
color_2,1.279615471,0.7424441524,220.000,439.000
color_2,1.281135364,0.7424441524,221.000,439.000
color_2,1.282655258,0.7424441524,222.000,439.000
color_2,1.284175151,0.7424441524,223.000,439.000
color_2,1.285695044,0.7424441524,224.000,439.000
color_2,1.287214937,0.7424441524,225.000,439.000
color_2,1.288734831,0.7424441524,226.000,439.000
color_2,1.290254724,0.7424441524,227.000,439.000
color_2,1.291774617,0.7424441524,228.000,439.000
color_2,1.293294511,0.7424441524,229.000,439.000
color_2,1.294814404,0.7424441524,230.000,439.000
color_2,1.296334297,0.7424441524,231.000,439.000
color_2,1.297854191,0.7424441524,232.000,439.000
color_2,1.299374084,0.7424441524,233.000,439.000
color_2,1.300893977,0.7424441524,234.000,439.000
color_2,1.302413871,0.7424441524,235.000,439.000
color_2,1.303933764,0.7424441524,236.000,439.000
color_2,1.305453657,0.7424441524,237.000,439.000
color_2,1.30697355,0.7424441524,238.000,439.000
color_2,1.308493444,0.7424441524,239.000,439.000
color_2,1.310013337,0.7424441524,240.000,439.000
color_2,1.31153323,0.7424441524,241.000,439.000
color_2,1.313053124,0.7424441524,242.000,439.000
color_2,1.314573017,0.7424441524,243.000,439.000
color_2,1.31609291,0.7424441524,244.000,439.000
color_2,1.317612804,0.7424441524,245.000,439.000
color_2,1.319132697,0.7424441524,246.000,439.000
color_2,1.32065259,0.7424441524,247.000,439.000
color_2,1.322172483,0.7424441524,248.000,439.000
color_2,1.323692377,0.7424441524,249.000,439.000
color_2,1.32521227,0.7424441524,250.000,439.000
color_2,1.326732163,0.7424441524,251.000,439.000
color_2,1.328252057,0.7424441524,252.000,439.000
color_2,1.32977195,0.7424441524,253.000,439.000
color_2,1.331291843,0.7424441524,254.000,439.000
color_2,1.332811737,0.7424441524,255.000,439.000
color_2,1.33433163,0.7424441524,256.000,439.000
color_2,1.335851523,0.7424441524,257.000,439.000
color_2,1.337371416,0.7424441524,258.000,439.000
color_2,1.33889131,0.7424441524,259.000,439.000
color_2,1.340411203,0.7424441524,260.000,439.000
color_2,1.341931096,0.7424441524,261.000,439.000
color_2,1.34345099,0.7424441524,262.000,439.000
color_2,1.344970883,0.7424441524,263.000,439.000
color_2,1.346490776,0.7424441524,264.000,439.000
color_2,1.34801067,0.7424441524,265.000,439.000
color_2,1.349530563,0.7424441524,266.000,439.000
color_2,1.351050456,0.7424441524,267.000,439.000
color_2,1.35257035,0.7424441524,268.000,439.000
color_2,1.354090243,0.7424441524,269.000,439.000
color_2,1.355610136,0.7424441524,270.000,439.000
color_2,1.357130029,0.7424441524,271.000,439.000
color_2,1.358649923,0.7424441524,272.000,439.000
color_2,1.360169816,0.7424441524,273.000,439.000
color_2,1.361689709,0.7424441524,274.000,439.000
color_2,1.363209603,0.7424441524,275.000,439.000
color_2,1.364729496,0.7424441524,276.000,439.000
color_2,1.366249389,0.7424441524,277.000,439.000
color_2,1.367769283,0.7424441524,278.000,439.000
color_2,1.369289176,0.7424441524,279.000,439.000
color_2,1.370809069,0.7424441524,280.000,439.000
color_2,1.372328962,0.7424441524,281.000,439.000
color_2,1.373848856,0.7424441524,282.000,439.000
color_2,1.375368749,0.7424441524,283.000,439.000
color_2,1.376888642,0.7424441524,284.000,439.000
color_2,1.378408536,0.7424441524,285.000,439.000
color_2,1.379928429,0.7424441524,286.000,439.000
color_2,1.381448322,0.7424441524,287.000,439.000
color_2,1.382968216,0.7424441524,288.000,439.000
color_2,1.384488109,0.7424441524,289.000,439.000
color_2,1.386008002,0.7424441524,290.000,439.000
color_2,1.387527896,0.7424441524,291.000,439.000
color_2,1.389047789,0.7424441524,292.000,439.000
color_2,1.390567682,0.7143804448,293.000,439.500
color_2,1.392087575,0.7143804448,294.000,439.500
color_2,1.393607469,0.7143804448,295.000,439.500
color_2,1.395127362,0.7143804448,296.000,439.500
color_2,1.396647255,0.7143804448,297.000,439.500
color_2,1.398167149,0.7143804448,298.000,439.500
color_2,1.399687042,0.7143804448,299.000,439.500
color_2,1.401206935,0.7143804448,300.000,439.500
color_2,1.402726829,0.7143804448,301.000,439.500
color_2,1.404246722,0.7143804448,302.000,439.500
color_2,1.405766615,0.7143804448,303.000,439.500
color_2,1.407286508,0.7143804448,304.000,439.500
color_2,1.408806402,0.7143804448,305.000,439.500
color_2,1.410326295,0.7143804448,306.000,439.500
color_2,1.411846188,0.7143804448,307.000,439.500
color_2,1.413366082,0.7143804448,308.000,439.500
color_2,1.414885975,0.7143804448,309.000,439.500
color_2,1.416405868,0.7143804448,310.000,439.500
color_2,1.417925762,0.7143804448,311.000,439.500
color_2,1.419445655,0.7143804448,312.000,439.500
color_2,1.420965548,0.7143804448,313.000,439.500
color_2,1.422485442,0.7143804448,314.000,439.500
color_2,1.424005335,0.7143804448,315.000,439.500
color_2,1.425525228,0.7143804448,316.000,439.500
color_2,1.427045121,0.7143804448,317.000,439.500
color_2,1.428565015,0.7143804448,318.000,439.500
color_2,1.430084908,0.7143804448,319.000,439.500
color_2,1.431604801,0.7143804448,320.000,439.500
color_2,1.433124695,0.7143804448,321.000,439.500
color_2,1.434644588,0.7143804448,322.000,439.500
color_2,1.436164481,0.7143804448,323.000,439.500
color_2,1.437684375,0.7143804448,324.000,439.500
color_2,1.439204268,0.7143804448,325.000,439.500
color_2,1.440724161,0.7143804448,326.000,439.500
color_2,1.442244054,0.7143804448,327.000,439.500
color_2,1.443763948,0.7143804448,328.000,439.500
color_2,1.445283841,0.7143804448,329.000,439.500
color_2,1.446803734,0.7143804448,330.000,439.500
color_2,1.448323628,0.7143804448,331.000,439.500
color_2,1.449843521,0.7143804448,332.000,439.500
color_2,1.451363414,0.7143804448,333.000,439.500
color_2,1.452883308,0.7143804448,334.000,439.500
color_2,1.454403201,0.7143804448,335.000,439.500
color_2,1.455923094,0.7143804448,336.000,439.500
color_2,1.457442987,0.7143804448,337.000,439.500
color_2,1.458962881,0.7143804448,338.000,439.500
color_2,1.460482774,0.7143804448,339.000,439.500
color_2,1.462002667,0.7143804448,340.000,439.500
color_2,1.463522561,0.7143804448,341.000,439.500
color_2,1.465042454,0.7143804448,342.000,439.500
color_2,1.466562347,0.7143804448,343.000,439.500
color_2,1.468082241,0.7143804448,344.000,439.500
color_2,1.469602134,0.7143804448,345.000,439.500
color_2,1.471122027,0.7143804448,346.000,439.500
color_2,1.472641921,0.7143804448,347.000,439.500
color_2,1.474161814,0.7143804448,348.000,439.500
color_2,1.475681707,0.7143804448,349.000,439.500
color_2,1.4772016,0.7143804448,350.000,439.500
color_2,1.478721494,0.7143804448,351.000,439.500
color_2,1.480241387,0.7143804448,352.000,439.500
color_2,1.48176128,0.7143804448,353.000,439.500
color_2,1.483281174,0.7143804448,354.000,439.500
color_2,1.484801067,0.7143804448,355.000,439.500
color_2,1.48632096,0.7143804448,356.000,439.500
color_2,1.487840854,0.7143804448,357.000,439.500
color_2,1.489360747,0.7143804448,358.000,439.500
color_2,1.49088064,0.7143804448,359.000,439.500
color_2,1.492400533,0.7143804448,360.000,439.500
color_2,1.493920427,0.7143804448,361.000,439.500
color_2,1.49544032,0.7143804448,362.000,439.500
color_2,1.496960213,0.7143804448,363.000,439.500
color_2,1.498480107,0.7143804448,364.000,439.500
color_2,1.5,0.7143804448,365.000,439.500
color_2,1.501519893,0.7143804448,366.000,439.500
color_2,1.503039787,0.7143804448,367.000,439.500
color_2,1.50455968,0.7143804448,368.000,439.500
color_2,1.506079573,0.7143804448,369.000,439.500
color_2,1.507599467,0.7143804448,370.000,439.500
color_2,1.50911936,0.7143804448,371.000,439.500
color_2,1.510639253,0.7143804448,372.000,439.500
color_2,1.512159146,0.7143804448,373.000,439.500
color_2,1.51367904,0.7143804448,374.000,439.500
color_2,1.515198933,0.7143804448,375.000,439.500
color_2,1.516718826,0.7143804448,376.000,439.500
color_2,1.51823872,0.7143804448,377.000,439.500
color_2,1.519758613,0.7143804448,378.000,439.500
color_2,1.521278506,0.7143804448,379.000,439.500
color_2,1.5227984,0.7143804448,380.000,439.500
color_2,1.524318293,0.7143804448,381.000,439.500
color_2,1.525838186,0.7143804448,382.000,439.500
color_2,1.527358079,0.7143804448,383.000,439.500
color_2,1.528877973,0.7143804448,384.000,439.500
color_2,1.530397866,0.7143804448,385.000,439.500
color_2,1.531917759,0.7143804448,386.000,439.500
color_2,1.533437653,0.7143804448,387.000,439.500
color_2,1.534957546,0.7143804448,388.000,439.500
color_2,1.536477439,0.7143804448,389.000,439.500
color_2,1.537997333,0.7143804448,390.000,439.500
color_2,1.539517226,0.7143804448,391.000,439.500
color_2,1.541037119,0.7143804448,392.000,439.500
color_2,1.542557013,0.7143804448,393.000,439.500
color_2,1.544076906,0.7143804448,394.000,439.500
color_2,1.545596799,0.7143804448,395.000,439.500
color_2,1.547116692,0.7143804448,396.000,439.500
color_2,1.548636586,0.7143804448,397.000,439.500
color_2,1.550156479,0.7143804448,398.000,439.500
color_2,1.551676372,0.7143804448,399.000,439.500
color_2,1.553196266,0.7143804448,400.000,439.500
color_2,1.554716159,0.7143804448,401.000,439.500
color_2,1.556236052,0.7143804448,402.000,439.500
color_2,1.557755946,0.7143804448,403.000,439.500
color_2,1.559275839,0.7143804448,404.000,439.500
color_2,1.560795732,0.7143804448,405.000,439.500
color_2,1.562315625,0.7143804448,406.000,439.500
color_2,1.563835519,0.7143804448,407.000,439.500
color_2,1.565355412,0.7143804448,408.000,439.500
color_2,1.566875305,0.7143804448,409.000,439.500
color_2,1.568395199,0.7143804448,410.000,439.500
color_2,1.569915092,0.7143804448,411.000,439.500
color_2,1.571434985,0.7143804448,412.000,439.500
color_2,1.572954879,0.7143804448,413.000,439.500
color_2,1.574474772,0.7143804448,414.000,439.500
color_2,1.575994665,0.7143804448,415.000,439.500
color_2,1.577514558,0.7143804448,416.000,439.500
color_2,1.579034452,0.7143804448,417.000,439.500
color_2,1.580554345,0.7143804448,418.000,439.500
color_2,1.582074238,0.7143804448,419.000,439.500
color_2,1.583594132,0.7143804448,420.000,439.500
color_2,1.585114025,0.7143804448,421.000,439.500
color_2,1.586633918,0.7143804448,422.000,439.500
color_2,1.588153812,0.7143804448,423.000,439.500
color_2,1.589673705,0.7143804448,424.000,439.500
color_2,1.591193598,0.7143804448,425.000,439.500
color_2,1.592713492,0.7143804448,426.000,439.500
color_2,1.594233385,0.7143804448,427.000,439.500
color_2,1.595753278,0.7143804448,428.000,439.500
color_2,1.597273171,0.7143804448,429.000,439.500
color_2,1.598793065,0.7143804448,430.000,439.500
color_2,1.600312958,0.7143804448,431.000,439.500
color_2,1.601832851,0.7143804448,432.000,439.500
color_2,1.603352745,0.7143804448,433.000,439.500
color_2,1.604872638,0.7143804448,434.000,439.500
color_2,1.606392531,0.7143804448,435.000,439.500
color_2,1.607912425,0.7143804448,436.000,439.500
color_2,1.609432318,0.7143804448,437.000,439.500
color_2,1.610952211,0.7143804448,438.000,439.500
color_2,1.612472104,0.7143804448,439.000,439.500
color_2,1.613991998,0.7143804448,440.000,439.500
color_2,1.615511891,0.7143804448,441.000,439.500
color_2,1.617031784,0.7143804448,442.000,439.500
color_2,1.618551678,0.7143804448,443.000,439.500
color_2,1.620071571,0.7143804448,444.000,439.500
color_2,1.621591464,0.7143804448,445.000,439.500
color_2,1.623111358,0.7143804448,446.000,439.500
color_2,1.624631251,0.7143804448,447.000,439.500
color_2,1.626151144,0.7143804448,448.000,439.500
color_2,1.627671038,0.7143804448,449.000,439.500
color_2,1.629190931,0.7143804448,450.000,439.500
color_2,1.630710824,0.7143804448,451.000,439.500
color_2,1.632230717,0.7143804448,452.000,439.500
color_2,1.633750611,0.7143804448,453.000,439.500
color_2,1.635270504,0.7424441524,454.000,439.000
color_2,1.636790397,0.7424441524,455.000,439.000
color_2,1.638310291,0.7424441524,456.000,439.000
color_2,1.639830184,0.7424441524,457.000,439.000
color_2,1.641350077,0.7424441524,458.000,439.000
color_2,1.642869971,0.7424441524,459.000,439.000
color_2,1.644389864,0.7424441524,460.000,439.000
color_2,1.645909757,0.7424441524,461.000,439.000
color_2,1.64742965,0.7424441524,462.000,439.000
color_2,1.648949544,0.7424441524,463.000,439.000
color_2,1.650469437,0.7424441524,464.000,439.000
color_2,1.65198933,0.77050786,465.000,438.500
color_2,1.653509224,0.77050786,466.000,438.500
color_2,1.655029117,0.77050786,467.000,438.500
color_2,1.65654901,0.77050786,468.000,438.500
color_2,1.658068904,0.7985715676,469.000,438.000
color_2,1.659588797,0.7985715676,470.000,438.000
color_2,1.66110869,0.7985715676,471.000,438.000
color_2,1.662628584,0.7985715676,472.000,438.000
color_2,1.664148477,0.7985715676,473.000,438.000
color_2,1.66566837,0.8266352752,474.000,437.500
color_2,1.667188263,0.8266352752,475.000,437.500
color_2,1.668708157,0.8266352752,476.000,437.500
color_2,1.67022805,0.8266352752,477.000,437.500
color_2,1.671747943,0.8266352752,478.000,437.500
color_2,1.673267837,0.8266352752,479.000,437.500
color_2,1.67478773,0.8266352752,480.000,437.500
color_2,1.676307623,0.8266352752,481.000,437.500
color_2,1.677827517,0.8266352752,482.000,437.500
color_2,1.67934741,0.8266352752,483.000,437.500
color_2,1.680867303,0.8266352752,484.000,437.500
color_2,1.682387196,0.8266352752,485.000,437.500
color_2,1.68390709,0.8546989828,486.000,437.000
color_2,1.685426983,0.8546989828,487.000,437.000
color_2,1.686946876,0.8546989828,488.000,437.000
color_2,1.68846677,0.8546989828,489.000,437.000
color_2,1.689986663,0.8546989828,490.000,437.000
color_2,1.691506556,0.8546989828,491.000,437.000
color_2,1.69302645,0.8546989828,492.000,437.000
color_2,1.694546343,0.8546989828,493.000,437.000
color_2,1.696066236,0.8266352752,494.000,437.500
color_2,1.697586129,0.8266352752,495.000,437.500
color_2,1.699106023,0.8266352752,496.000,437.500
color_2,1.700625916,0.8266352752,497.000,437.500
color_2,1.702145809,0.8266352752,498.000,437.500
color_2,1.703665703,0.8266352752,499.000,437.500
color_2,1.705185596,0.8266352752,500.000,437.500
color_2,1.706705489,0.8266352752,501.000,437.500
color_2,1.708225383,0.8266352752,502.000,437.500
color_2,1.709745276,0.7985715676,503.000,438.000
color_2,1.711265169,0.7985715676,504.000,438.000
color_2,1.712785063,0.7985715676,505.000,438.000
color_2,1.714304956,0.7985715676,506.000,438.000
color_2,1.715824849,0.7985715676,507.000,438.000
color_2,1.717344742,0.7985715676,508.000,438.000
color_2,1.718864636,0.7985715676,509.000,438.000
color_2,1.720384529,0.7985715676,510.000,438.000
color_2,1.721904422,0.7985715676,511.000,438.000
color_2,1.723424316,0.7985715676,512.000,438.000
color_2,1.724944209,0.7985715676,513.000,438.000
color_2,1.726464102,0.7985715676,514.000,438.000
color_2,1.727983996,0.7985715676,515.000,438.000
color_2,1.729503889,0.7985715676,516.000,438.000
color_2,1.731023782,0.7985715676,517.000,438.000
color_2,1.732543675,0.7985715676,518.000,438.000
color_2,1.734063569,0.7985715676,519.000,438.000
color_2,1.735583462,0.7985715676,520.000,438.000
color_2,1.737103355,0.7985715676,521.000,438.000
color_2,1.738623249,0.7985715676,522.000,438.000
color_2,1.740143142,0.7985715676,523.000,438.000
color_2,1.741663035,0.7985715676,524.000,438.000
color_2,1.743182929,0.7985715676,525.000,438.000
color_2,1.744702822,0.7985715676,526.000,438.000
color_2,1.746222715,0.8266352752,527.000,437.500
color_2,1.747742609,0.8266352752,528.000,437.500
color_2,1.749262502,0.8266352752,529.000,437.500
color_2,1.750782395,0.7985715676,530.000,438.000
color_2,1.752302288,0.7985715676,531.000,438.000
color_2,1.753822182,0.7985715676,532.000,438.000
color_2,1.755342075,0.7985715676,533.000,438.000
color_2,1.756861968,0.7985715676,534.000,438.000
color_2,1.758381862,0.7985715676,535.000,438.000
color_2,1.759901755,0.7985715676,536.000,438.000
color_2,1.761421648,0.7985715676,537.000,438.000
color_2,1.762941542,0.7985715676,538.000,438.000
color_2,1.764461435,0.7985715676,539.000,438.000
color_2,1.765981328,0.7985715676,540.000,438.000
color_2,1.767501221,0.7985715676,541.000,438.000
color_2,1.769021115,0.7985715676,542.000,438.000
color_2,1.770541008,0.7985715676,543.000,438.000
color_2,1.772060901,0.7985715676,544.000,438.000
color_2,1.773580795,0.7985715676,545.000,438.000
color_2,1.775100688,0.7985715676,546.000,438.000
color_2,1.776620581,0.7985715676,547.000,438.000
color_2,1.778140475,0.7985715676,548.000,438.000
color_2,1.779660368,0.8266352752,549.000,437.500
color_2,1.781180261,0.8266352752,550.000,437.500
color_2,1.782700154,0.8266352752,551.000,437.500
color_2,1.784220048,0.8266352752,552.000,437.500
color_2,1.785739941,0.8266352752,553.000,437.500
color_2,1.787259834,0.8266352752,554.000,437.500
color_2,1.788779728,0.8266352752,555.000,437.500
color_2,1.790299621,0.8266352752,556.000,437.500
color_2,1.791819514,0.8266352752,557.000,437.500
color_2,1.793339408,0.8266352752,558.000,437.500
color_2,1.794859301,0.8266352752,559.000,437.500
color_2,1.796379194,0.8266352752,560.000,437.500
color_2,1.797899088,0.8266352752,561.000,437.500
color_2,1.799418981,0.8266352752,562.000,437.500
color_2,1.800938874,0.8266352752,563.000,437.500
color_2,1.802458767,0.8266352752,564.000,437.500
color_2,1.803978661,0.8266352752,565.000,437.500
color_2,1.805498554,0.8266352752,566.000,437.500
color_2,1.807018447,0.8266352752,567.000,437.500
color_2,1.808538341,0.8266352752,568.000,437.500
color_2,1.810058234,0.8266352752,569.000,437.500
color_2,1.811578127,0.8266352752,570.000,437.500
color_2,1.813098021,0.8266352752,571.000,437.500
color_2,1.814617914,0.8266352752,572.000,437.500
color_2,1.816137807,0.8266352752,573.000,437.500
color_2,1.8176577,0.8266352752,574.000,437.500
color_2,1.819177594,0.8266352752,575.000,437.500
color_2,1.820697487,0.8266352752,576.000,437.500
color_2,1.82221738,0.8266352752,577.000,437.500
color_2,1.823737274,0.8266352752,578.000,437.500
color_2,1.825257167,0.8266352752,579.000,437.500
color_2,1.82677706,0.8266352752,580.000,437.500
color_2,1.828296954,0.8266352752,581.000,437.500
color_2,1.829816847,0.8266352752,582.000,437.500
color_2,1.83133674,0.8546989828,583.000,437.000
color_2,1.832856634,0.8546989828,584.000,437.000
color_2,1.834376527,0.8546989828,585.000,437.000
color_2,1.83589642,0.8827626904,586.000,436.500
color_2,1.837416313,0.8827626904,587.000,436.500
color_2,1.838936207,0.8827626904,588.000,436.500
color_2,1.8404561,0.8827626904,589.000,436.500
color_2,1.841975993,0.8827626904,590.000,436.500
color_2,1.843495887,0.8827626904,591.000,436.500
color_2,1.84501578,0.8827626904,592.000,436.500
color_2,1.846535673,0.8827626904,593.000,436.500
color_2,1.848055567,0.8827626904,594.000,436.500
color_2,1.84957546,0.910826398,595.000,436.000
color_2,1.851095353,0.910826398,596.000,436.000
color_2,1.852615246,0.910826398,597.000,436.000
color_2,1.85413514,0.910826398,598.000,436.000
color_2,1.855655033,0.9388901056,599.000,435.500
color_2,1.857174926,0.9388901056,600.000,435.500
color_2,1.85869482,0.9388901056,601.000,435.500
color_2,1.860214713,0.9388901056,602.000,435.500
color_2,1.861734606,0.9669538132,603.000,435.000
color_2,1.8632545,0.9669538132,604.000,435.000
color_2,1.864774393,0.9669538132,605.000,435.000
color_2,1.866294286,0.9669538132,606.000,435.000
color_2,1.86781418,0.9950175208,607.000,434.500
color_2,1.869334073,1.023081228,608.000,434.000
color_2,1.870853966,1.023081228,609.000,434.000
color_2,1.872373859,1.023081228,610.000,434.000
color_2,1.873893753,1.079208644,611.000,433.000
color_2,1.875413646,1.079208644,612.000,433.000
color_2,1.876933539,1.079208644,613.000,433.000
color_2,1.878453433,1.079208644,614.000,433.000
color_2,1.879973326,1.135336059,615.000,432.000
color_2,1.881493219,1.135336059,616.000,432.000
color_2,1.883013113,1.135336059,617.000,432.000
color_2,1.884533006,1.191463474,618.000,431.000
color_2,1.886052899,1.191463474,619.000,431.000
color_2,1.887572792,1.219527182,620.000,430.500
color_2,1.889092686,1.247590889,621.000,430.000
color_2,1.890612579,1.275654597,622.000,429.500
color_2,1.892132472,1.303718304,623.000,429.000
color_2,1.893652366,1.303718304,624.000,429.000
color_2,1.895172259,1.331782012,625.000,428.500
color_2,1.896692152,1.35984572,626.000,428.000
color_2,1.898212046,1.387909427,627.000,427.500
color_2,1.899731939,1.444036842,628.000,426.500
color_2,1.901251832,1.500164258,629.000,425.500
color_2,1.902771725,1.500164258,630.000,425.500
color_2,1.904291619,1.556291673,631.000,424.500
color_2,1.905811512,1.556291673,632.000,424.500
color_2,1.907331405,1.612419088,633.000,423.500
color_2,1.908851299,1.668546503,634.000,422.500
color_2,1.910371192,1.724673918,635.000,421.500
color_2,1.911891085,1.752737626,636.000,421.000
color_2,1.913410979,1.808865041,637.000,420.000
color_2,1.914930872,1.864992456,638.000,419.000
color_2,1.916450765,1.921119872,639.000,418.000
color_2,1.917970659,1.977247287,640.000,417.000
color_2,1.919490552,2.033374702,641.000,416.000
color_2,1.921010445,2.089502117,642.000,415.000
color_2,1.922530338,2.145629532,643.000,414.000
color_2,1.924050232,2.17369324,644.000,413.500
color_2,1.925570125,2.28594807,645.000,411.500
color_2,1.927090018,2.342075485,646.000,410.500
color_2,1.928609912,2.398202901,647.000,409.500
color_2,1.930129805,2.482394023,648.000,408.000
color_2,1.931649698,2.538521439,649.000,407.000
color_2,1.933169592,2.650776269,650.000,405.000
color_2,1.934689485,2.706903684,651.000,404.000
color_2,1.936209378,2.791094807,652.000,402.500
color_2,1.937729271,2.903349637,653.000,400.500
color_2,1.939249165,3.015604468,654.000,398.500
color_2,1.940769058,3.071731883,655.000,397.500
color_2,1.942288951,3.183986713,656.000,395.500
color_2,1.943808845,3.240114129,657.000,394.500
color_2,1.945328738,3.352368959,658.000,392.500
color_2,1.946848631,3.464623789,659.000,390.500
color_2,1.948368525,3.57687862,660.000,388.500
color_2,1.949888418,3.661069743,661.000,387.000
color_2,1.951408311,3.773324573,662.000,385.000
color_2,1.952928205,3.885579403,663.000,383.000
color_2,1.954448098,4.053961649,664.000,380.000
color_2,1.955967991,4.110089064,665.000,379.000
color_2,1.957487884,4.250407602,666.000,376.500
color_2,1.959007778,4.39072614,667.000,374.000
color_2,1.960527671,4.559108386,668.000,371.000
color_2,1.962047564,4.671363216,669.000,369.000
color_2,1.963567458,4.783618046,670.000,367.000
color_2,1.965087351,4.952000292,671.000,364.000
color_2,1.966607244,5.09231883,672.000,361.500
color_2,1.968127138,5.232637368,673.000,359.000
color_2,1.969647031,5.401019614,674.000,356.000
color_2,1.971166924,5.541338152,675.000,353.500
color_2,1.972686817,5.68165669,676.000,351.000
color_2,1.974206711,5.821975228,677.000,348.500
color_2,1.975726604,5.990357473,678.000,345.500
color_2,1.977246497,6.102612303,679.000,343.500
color_2,1.978766391,6.270994549,680.000,340.500
color_2,1.980286284,6.439376795,681.000,337.500
color_2,1.981806177,6.579695333,682.000,335.000
color_2,1.983326071,6.776141286,683.000,331.500
color_2,1.984845964,6.916459824,684.000,329.000
color_2,1.986365857,7.112905777,685.000,325.500
color_2,1.987885751,7.281288023,686.000,322.500
color_2,1.989405644,7.449670268,687.000,319.500
color_2,1.990925537,7.646116221,688.000,316.000
color_2,1.99244543,7.786434759,689.000,313.500
color_2,1.993965324,8.01094442,690.000,309.500
color_2,1.995485217,8.179326666,691.000,306.500
color_2,1.99700511,8.375772619,692.000,303.000
color_2,1.998525004,8.544154864,693.000,300.000
color_2,2.000044897,8.71253711,694.000,297.000
color_2,2.00156479,8.880919356,695.000,294.000
color_2,2.003084684,9.049301601,696.000,291.000
color_2,2.004604577,9.217683847,697.000,288.000
color_2,2.00612447,9.4141298,698.000,284.500
color_2,2.007644363,9.610575753,699.000,281.000
color_2,2.009164257,9.778957999,700.000,278.000
color_2,2.01068415,9.947340244,701.000,275.000
color_2,2.012204043,10.17184991,702.000,271.000
color_2,2.013723937,10.42442327,703.000,266.500
color_2,2.01524383,10.62086923,704.000,263.000
color_2,2.016763723,10.81731518,705.000,259.500
color_2,2.018283617,10.95763372,706.000,257.000
color_3,1.129146034,0.6021256144,121.000,441.500
color_3,1.130665927,0.630189322,122.000,441.000
color_3,1.13218582,0.630189322,123.000,441.000
color_3,1.133705714,0.630189322,124.000,441.000
color_3,1.135225607,0.630189322,125.000,441.000
color_3,1.1367455,0.630189322,126.000,441.000
color_3,1.138265394,0.630189322,127.000,441.000
color_3,1.139785287,0.630189322,128.000,441.000
color_3,1.14130518,0.630189322,129.000,441.000
color_3,1.142825074,0.630189322,130.000,441.000
color_3,1.144344967,0.630189322,131.000,441.000
color_3,1.14586486,0.630189322,132.000,441.000
color_3,1.147384754,0.630189322,133.000,441.000
color_3,1.148904647,0.630189322,134.000,441.000
color_3,1.15042454,0.630189322,135.000,441.000
color_3,1.151944433,0.630189322,136.000,441.000
color_3,1.153464327,0.630189322,137.000,441.000
color_3,1.15498422,0.630189322,138.000,441.000
color_3,1.156504113,0.630189322,139.000,441.000
color_3,1.158024007,0.630189322,140.000,441.000
color_3,1.1595439,0.630189322,141.000,441.000
color_3,1.161063793,0.630189322,142.000,441.000
color_3,1.162583687,0.7143804448,143.000,439.500
color_3,1.16410358,11.77148124,144.000,242.500
color_3,1.165623473,11.77148124,145.000,242.500
color_3,1.167143366,11.77148124,146.000,242.500
color_3,1.16866326,11.77148124,147.000,242.500
color_3,1.170183153,11.77148124,148.000,242.500
color_3,1.171703046,11.77148124,149.000,242.500
color_3,1.17322294,11.77148124,150.000,242.500
color_3,1.174742833,11.77148124,151.000,242.500
color_3,1.176262726,11.77148124,152.000,242.500
color_3,1.17778262,11.77148124,153.000,242.500
color_3,1.179302513,11.77148124,154.000,242.500
color_3,1.180822406,11.77148124,155.000,242.500
color_3,1.1823423,11.77148124,156.000,242.500
color_3,1.183862193,11.77148124,157.000,242.500
color_3,1.185382086,11.77148124,158.000,242.500
color_3,1.186901979,11.77148124,159.000,242.500
color_3,1.188421873,22.91277315,160.000,44.000
color_3,1.189941766,22.91277315,161.000,44.000
color_3,1.191461659,22.91277315,162.000,44.000
color_3,1.192981553,22.91277315,163.000,44.000
color_3,1.194501446,22.91277315,164.000,44.000
color_3,1.196021339,22.91277315,165.000,44.000
color_3,1.197541233,22.91277315,166.000,44.000
color_3,1.199061126,22.91277315,167.000,44.000
color_3,1.200581019,22.91277315,168.000,44.000
color_3,1.202100912,22.91277315,169.000,44.000
color_3,1.203620806,22.91277315,170.000,44.000
color_3,1.205140699,22.91277315,171.000,44.000
color_3,1.206660592,22.91277315,172.000,44.000
color_3,1.208180486,22.91277315,173.000,44.000
color_3,1.209700379,22.91277315,174.000,44.000
color_3,1.211220272,22.91277315,175.000,44.000
color_3,1.212740166,22.91277315,176.000,44.000
color_3,1.214260059,22.91277315,177.000,44.000
color_3,1.215779952,22.91277315,178.000,44.000
color_3,1.217299846,22.91277315,179.000,44.000
color_3,1.218819739,22.91277315,180.000,44.000
color_3,1.220339632,22.91277315,181.000,44.000
color_3,1.221859525,22.91277315,182.000,44.000
color_3,1.223379419,22.91277315,183.000,44.000
color_3,1.224899312,22.91277315,184.000,44.000
color_3,1.226419205,22.91277315,185.000,44.000
color_3,1.227939099,22.91277315,186.000,44.000
color_3,1.229458992,22.91277315,187.000,44.000
color_3,1.230978885,22.91277315,188.000,44.000
color_3,1.232498779,22.91277315,189.000,44.000
color_3,1.234018672,22.91277315,190.000,44.000
color_3,1.235538565,22.91277315,191.000,44.000
color_3,1.237058458,22.91277315,192.000,44.000
color_3,1.238578352,22.91277315,193.000,44.000
color_3,1.240098245,22.91277315,194.000,44.000
color_3,1.241618138,22.91277315,195.000,44.000
color_3,1.243138032,22.91277315,196.000,44.000
color_3,1.244657925,22.91277315,197.000,44.000
color_3,1.246177818,22.91277315,198.000,44.000
color_3,1.247697712,22.91277315,199.000,44.000
color_3,1.249217605,22.91277315,200.000,44.000
color_3,1.250737498,22.91277315,201.000,44.000
color_3,1.252257391,22.91277315,202.000,44.000
color_3,1.253777285,22.91277315,203.000,44.000
color_3,1.255297178,22.91277315,204.000,44.000
color_3,1.256817071,22.91277315,205.000,44.000
color_3,1.258336965,22.91277315,206.000,44.000
color_3,1.259856858,22.91277315,207.000,44.000
color_3,1.445283841,0.9388901056,329.000,435.500
color_3,1.446803734,0.9388901056,330.000,435.500
color_3,1.448323628,0.9388901056,331.000,435.500
color_3,1.449843521,0.9388901056,332.000,435.500
color_3,1.451363414,0.9388901056,333.000,435.500
color_3,1.452883308,0.9388901056,334.000,435.500
color_3,1.454403201,0.9388901056,335.000,435.500
color_3,1.455923094,0.9388901056,336.000,435.500
color_3,1.457442987,0.9388901056,337.000,435.500
color_3,1.458962881,0.9388901056,338.000,435.500
color_3,1.460482774,0.9388901056,339.000,435.500
color_3,1.462002667,0.9388901056,340.000,435.500
color_3,1.463522561,0.9388901056,341.000,435.500
color_3,1.465042454,0.9388901056,342.000,435.500
color_3,1.466562347,0.9388901056,343.000,435.500
color_3,1.468082241,0.9388901056,344.000,435.500
color_3,1.469602134,0.9388901056,345.000,435.500
color_3,1.471122027,0.9388901056,346.000,435.500
color_3,1.472641921,0.9388901056,347.000,435.500
color_3,1.474161814,0.9388901056,348.000,435.500
color_3,1.475681707,0.9388901056,349.000,435.500
color_3,1.4772016,0.9388901056,350.000,435.500
color_3,1.478721494,0.9669538132,351.000,435.000
color_3,1.480241387,0.9669538132,352.000,435.000
color_3,1.48176128,0.9669538132,353.000,435.000
color_3,1.483281174,0.9669538132,354.000,435.000
color_3,1.484801067,0.9669538132,355.000,435.000
color_3,1.48632096,0.9669538132,356.000,435.000
color_3,1.487840854,0.9669538132,357.000,435.000
color_3,1.489360747,0.9669538132,358.000,435.000
color_3,1.49088064,0.9669538132,359.000,435.000
color_3,1.492400533,0.9669538132,360.000,435.000
color_3,1.493920427,0.9669538132,361.000,435.000
color_3,1.49544032,0.9950175208,362.000,434.500
color_3,1.496960213,0.9950175208,363.000,434.500
color_3,1.498480107,0.9950175208,364.000,434.500
color_3,1.5,0.9950175208,365.000,434.500
color_3,1.501519893,0.9950175208,366.000,434.500
color_3,1.503039787,0.9950175208,367.000,434.500
color_3,1.50455968,0.9950175208,368.000,434.500
color_3,1.506079573,0.9950175208,369.000,434.500
color_3,1.507599467,0.9950175208,370.000,434.500
color_3,1.50911936,0.9950175208,371.000,434.500
color_3,1.510639253,0.9950175208,372.000,434.500
color_3,1.512159146,0.9950175208,373.000,434.500
color_3,1.51367904,0.9950175208,374.000,434.500
color_3,1.515198933,0.9950175208,375.000,434.500
color_3,1.516718826,0.9950175208,376.000,434.500
color_3,1.51823872,0.9950175208,377.000,434.500
color_3,1.519758613,0.9950175208,378.000,434.500
color_3,1.521278506,1.023081228,379.000,434.000
color_3,1.5227984,1.023081228,380.000,434.000
color_3,1.524318293,1.023081228,381.000,434.000
color_3,1.525838186,1.023081228,382.000,434.000
color_3,1.527358079,1.023081228,383.000,434.000
color_3,1.528877973,1.023081228,384.000,434.000
color_3,1.530397866,1.023081228,385.000,434.000
color_3,1.531917759,1.051144936,386.000,433.500
color_3,1.533437653,1.051144936,387.000,433.500
color_3,1.534957546,1.051144936,388.000,433.500
color_3,1.536477439,1.079208644,389.000,433.000
color_3,1.537997333,1.079208644,390.000,433.000
color_3,1.539517226,1.079208644,391.000,433.000
color_3,1.541037119,1.079208644,392.000,433.000
color_3,1.542557013,1.079208644,393.000,433.000
color_3,1.544076906,1.079208644,394.000,433.000
color_3,1.545596799,1.079208644,395.000,433.000
color_3,1.547116692,1.079208644,396.000,433.000
color_3,1.548636586,1.079208644,397.000,433.000
color_3,1.550156479,1.079208644,398.000,433.000
color_3,1.551676372,1.079208644,399.000,433.000
color_3,1.553196266,1.079208644,400.000,433.000
color_3,1.554716159,1.079208644,401.000,433.000
color_3,1.556236052,1.107272351,402.000,432.500
color_3,1.557755946,1.107272351,403.000,432.500
color_3,1.559275839,1.135336059,404.000,432.000
color_3,1.560795732,1.135336059,405.000,432.000
color_3,1.562315625,1.135336059,406.000,432.000
color_3,1.563835519,1.135336059,407.000,432.000
color_3,1.565355412,1.135336059,408.000,432.000
color_3,1.566875305,1.135336059,409.000,432.000
color_3,1.568395199,1.135336059,410.000,432.000
color_3,1.569915092,1.163399766,411.000,431.500
color_3,1.571434985,1.163399766,412.000,431.500
color_3,1.572954879,1.191463474,413.000,431.000
color_3,1.574474772,1.191463474,414.000,431.000
color_3,1.575994665,1.191463474,415.000,431.000
color_3,1.577514558,1.191463474,416.000,431.000
color_3,1.579034452,1.191463474,417.000,431.000
color_3,1.580554345,1.191463474,418.000,431.000
color_3,1.582074238,1.191463474,419.000,431.000
color_3,1.583594132,1.191463474,420.000,431.000
color_3,1.585114025,1.191463474,421.000,431.000
color_3,1.586633918,1.191463474,422.000,431.000
color_3,1.588153812,1.191463474,423.000,431.000
color_3,1.589673705,1.191463474,424.000,431.000
color_3,1.591193598,1.191463474,425.000,431.000
color_3,1.592713492,1.191463474,426.000,431.000
color_3,1.594233385,1.191463474,427.000,431.000
color_3,1.595753278,1.191463474,428.000,431.000
color_3,1.597273171,1.219527182,429.000,430.500
color_3,1.598793065,1.219527182,430.000,430.500
color_3,1.600312958,1.219527182,431.000,430.500
color_3,1.601832851,1.247590889,432.000,430.000
color_3,1.603352745,1.247590889,433.000,430.000
color_3,1.604872638,1.247590889,434.000,430.000
color_3,1.606392531,1.247590889,435.000,430.000
color_3,1.607912425,1.247590889,436.000,430.000
color_3,1.609432318,1.247590889,437.000,430.000
color_3,1.610952211,1.247590889,438.000,430.000
color_3,1.612472104,1.247590889,439.000,430.000
color_3,1.613991998,1.275654597,440.000,429.500
color_3,1.615511891,1.275654597,441.000,429.500
color_3,1.617031784,1.275654597,442.000,429.500
color_3,1.618551678,1.275654597,443.000,429.500
color_3,1.620071571,1.275654597,444.000,429.500
color_3,1.621591464,1.275654597,445.000,429.500
color_3,1.623111358,1.275654597,446.000,429.500
color_3,1.624631251,1.303718304,447.000,429.000
color_3,1.626151144,1.303718304,448.000,429.000
color_3,1.627671038,1.303718304,449.000,429.000
color_3,1.629190931,1.303718304,450.000,429.000
color_3,1.630710824,1.303718304,451.000,429.000
color_3,1.632230717,1.303718304,452.000,429.000
color_3,1.633750611,1.303718304,453.000,429.000
color_3,1.635270504,1.303718304,454.000,429.000
color_3,1.636790397,1.303718304,455.000,429.000
color_3,1.638310291,1.303718304,456.000,429.000
color_3,1.639830184,1.303718304,457.000,429.000
color_3,1.641350077,1.303718304,458.000,429.000
color_3,1.642869971,1.303718304,459.000,429.000
color_3,1.644389864,1.303718304,460.000,429.000
color_3,1.645909757,1.303718304,461.000,429.000
color_3,1.64742965,1.303718304,462.000,429.000
color_3,1.648949544,1.303718304,463.000,429.000
color_3,1.650469437,1.303718304,464.000,429.000
color_3,1.65198933,1.303718304,465.000,429.000
color_3,1.653509224,1.303718304,466.000,429.000
color_3,1.655029117,1.303718304,467.000,429.000
color_3,1.65654901,1.303718304,468.000,429.000
color_3,1.658068904,1.303718304,469.000,429.000
color_3,1.659588797,1.303718304,470.000,429.000
color_3,1.66110869,1.303718304,471.000,429.000
color_3,1.662628584,1.303718304,472.000,429.000
color_3,1.664148477,1.303718304,473.000,429.000
color_3,1.66566837,1.303718304,474.000,429.000
color_3,1.667188263,1.303718304,475.000,429.000
color_3,1.668708157,1.303718304,476.000,429.000
color_3,1.67022805,1.303718304,477.000,429.000
color_3,1.671747943,1.303718304,478.000,429.000
color_3,1.673267837,3.043668175,479.000,398.000
color_3,1.67478773,4.699426924,480.000,368.500
color_3,1.676307623,4.811681754,481.000,366.500
color_3,1.677827517,4.839745462,482.000,366.000
color_3,1.67934741,4.839745462,483.000,366.000
color_3,1.680867303,4.839745462,484.000,366.000
color_3,1.682387196,4.895872877,485.000,365.000
color_3,1.68390709,4.923936584,486.000,364.500
color_3,1.685426983,5.036191415,487.000,362.500
color_3,1.686946876,5.120382538,488.000,361.000
color_3,1.68846677,5.120382538,489.000,361.000
color_3,1.689986663,5.176509953,490.000,360.000
color_3,1.691506556,4.755554339,491.000,367.500
color_3,1.69302645,1.387909427,492.000,427.500
color_3,1.694546343,1.387909427,493.000,427.500
color_3,1.696066236,1.415973135,494.000,427.000
color_3,1.697586129,4.783618046,495.000,367.000
color_3,1.699106023,4.811681754,496.000,366.500
color_3,1.700625916,4.783618046,497.000,367.000
color_3,1.702145809,4.783618046,498.000,367.000
color_3,1.703665703,4.755554339,499.000,367.500
color_3,1.705185596,4.755554339,500.000,367.500
color_3,1.706705489,4.783618046,501.000,367.000
color_3,1.708225383,5.064255122,502.000,362.000
color_3,1.709745276,5.008127707,503.000,363.000
color_3,1.711265169,5.008127707,504.000,363.000
color_3,1.712785063,4.980064,505.000,363.500
color_3,1.714304956,4.783618046,506.000,367.000
color_3,1.715824849,1.35984572,507.000,428.000
color_3,1.717344742,1.35984572,508.000,428.000
color_3,1.718864636,1.35984572,509.000,428.000
color_3,1.720384529,1.35984572,510.000,428.000
color_3,1.721904422,1.35984572,511.000,428.000
color_3,1.723424316,1.35984572,512.000,428.000
color_3,1.724944209,1.35984572,513.000,428.000
color_3,1.726464102,1.35984572,514.000,428.000
color_3,1.727983996,1.35984572,515.000,428.000
color_3,1.729503889,1.35984572,516.000,428.000
color_3,1.731023782,1.387909427,517.000,427.500
color_3,1.732543675,1.387909427,518.000,427.500
color_3,1.734063569,1.387909427,519.000,427.500
color_3,1.735583462,1.387909427,520.000,427.500
color_3,1.737103355,1.415973135,521.000,427.000
color_3,1.738623249,1.415973135,522.000,427.000
color_3,1.740143142,1.415973135,523.000,427.000
color_3,1.741663035,1.415973135,524.000,427.000
color_3,1.743182929,1.415973135,525.000,427.000
color_3,1.744702822,1.415973135,526.000,427.000
color_3,1.746222715,1.415973135,527.000,427.000
color_3,1.747742609,1.415973135,528.000,427.000
color_3,1.749262502,1.415973135,529.000,427.000
color_3,1.750782395,1.415973135,530.000,427.000
color_3,1.752302288,4.811681754,531.000,366.500
color_3,1.753822182,4.839745462,532.000,366.000
color_3,1.755342075,4.867809169,533.000,365.500
color_3,1.756861968,4.867809169,534.000,365.500
color_3,1.758381862,3.352368959,535.000,392.500
color_3,1.759901755,1.556291673,536.000,424.500
color_3,1.761421648,1.556291673,537.000,424.500
color_3,1.762941542,1.58435538,538.000,424.000
color_3,1.764461435,5.09231883,539.000,361.500
color_3,1.765981328,4.867809169,540.000,365.500
color_3,1.767501221,4.839745462,541.000,366.000
color_3,1.769021115,4.839745462,542.000,366.000
color_3,1.770541008,4.811681754,543.000,366.500
color_3,1.772060901,1.696610211,544.000,422.000
color_3,1.773580795,1.696610211,545.000,422.000
color_3,1.775100688,1.752737626,546.000,421.000
color_3,1.776620581,3.464623789,547.000,390.500
color_3,1.778140475,4.867809169,548.000,365.500
color_3,1.779660368,4.867809169,549.000,365.500
color_3,1.781180261,4.839745462,550.000,366.000
color_3,1.782700154,4.811681754,551.000,366.500
color_3,1.784220048,1.752737626,552.000,421.000
color_3,1.785739941,1.780801334,553.000,420.500
color_3,1.787259834,1.836928749,554.000,419.500
color_3,1.788779728,1.836928749,555.000,419.500
color_3,1.790299621,1.893056164,556.000,418.500
color_3,1.791819514,1.921119872,557.000,418.000
color_3,1.793339408,1.977247287,558.000,417.000
color_3,1.794859301,2.033374702,559.000,416.000
color_3,1.796379194,2.089502117,560.000,415.000
color_3,1.797899088,2.145629532,561.000,414.000
color_3,1.799418981,2.201756947,562.000,413.000
color_3,1.800938874,2.257884363,563.000,412.000
color_3,1.802458767,2.314011778,564.000,411.000
color_3,1.803978661,2.370139193,565.000,410.000
color_3,1.805498554,2.454330316,566.000,408.500
color_3,1.807018447,2.510457731,567.000,407.500
color_3,1.808538341,2.566585146,568.000,406.500
color_3,1.810058234,2.650776269,569.000,405.000
color_3,1.811578127,2.734967392,570.000,403.500
color_3,1.813098021,2.819158515,571.000,402.000
color_3,1.814617914,2.903349637,572.000,400.500
color_3,1.816137807,3.015604468,573.000,398.500
color_3,1.8176577,3.071731883,574.000,397.500
color_3,1.819177594,3.183986713,575.000,395.500
color_3,1.820697487,3.296241544,576.000,393.500
color_3,1.82221738,3.324305251,577.000,393.000
color_3,1.823737274,3.380432667,578.000,392.000
color_3,1.825257167,3.492687497,579.000,390.000
color_3,1.82677706,3.745260865,580.000,385.500
color_3,1.828296954,3.857515696,581.000,383.500
color_3,1.829816847,3.969770526,582.000,381.500
color_3,1.83133674,4.110089064,583.000,379.000
color_3,1.832856634,4.250407602,584.000,376.500
color_3,1.834376527,4.39072614,585.000,374.000
color_3,1.83589642,4.446853555,586.000,373.000
color_3,1.837416313,4.615235801,587.000,370.000
color_3,1.838936207,4.727490631,588.000,368.000
color_3,1.8404561,4.895872877,589.000,365.000
color_3,1.841975993,5.036191415,590.000,362.500
color_3,1.843495887,5.176509953,591.000,360.000
color_3,1.84501578,5.316828491,592.000,357.500
color_3,1.846535673,5.457147029,593.000,355.000
color_3,1.848055567,5.597465567,594.000,352.500
color_3,1.84957546,5.737784105,595.000,350.000
color_3,1.851095353,5.878102643,596.000,347.500
color_3,1.852615246,6.074548596,597.000,344.000
color_3,1.85413514,6.214867134,598.000,341.500
color_3,1.855655033,6.355185672,599.000,339.000
color_3,1.857174926,6.523567917,600.000,336.000
color_3,1.85869482,6.691950163,601.000,333.000
color_3,1.860214713,6.860332409,602.000,330.000
color_3,1.861734606,7.028714654,603.000,327.000
color_3,1.8632545,7.1970969,604.000,324.000
color_3,1.864774393,7.30935173,605.000,322.000
color_3,1.866294286,7.477733976,606.000,319.000
color_3,1.86781418,7.646116221,607.000,316.000
color_3,1.869334073,7.814498467,608.000,313.000
color_3,1.870853966,7.982880713,609.000,310.000
color_3,1.872373859,8.12319925,610.000,307.500
color_3,1.873893753,8.291581496,611.000,304.500
color_3,1.875413646,8.488027449,612.000,301.000
color_3,1.876933539,8.684473402,613.000,297.500
color_3,1.878453433,8.82479194,614.000,295.000
color_3,1.879973326,8.993174186,615.000,292.000
color_3,1.881493219,9.161556432,616.000,289.000
color_3,1.883013113,9.329938677,617.000,286.000
color_3,1.884533006,9.52638463,618.000,282.500
color_3,1.886052899,9.694766876,619.000,279.500
color_3,1.887572792,9.835085414,620.000,277.000
color_3,1.889092686,10.00346766,621.000,274.000
color_3,1.890612579,10.17184991,622.000,271.000
color_3,1.892132472,10.34023215,623.000,268.000
color_3,1.893652366,10.5086144,624.000,265.000
color_3,1.895172259,10.64893293,625.000,262.500
color_3,1.896692152,10.84537889,626.000,259.000
color_3,1.898212046,10.98569743,627.000,256.500
color_3,1.899731939,11.18214338,628.000,253.000
color_3,1.901251832,11.37858933,629.000,249.500
color_3,1.902771725,11.51890787,630.000,247.000
color_3,1.904291619,11.74341753,631.000,243.000
color_3,1.905811512,11.93986348,632.000,239.500
color_3,1.907331405,12.13630944,633.000,236.000
color_3,1.908851299,12.30469168,634.000,233.000
color_3,1.910371192,12.50113764,635.000,229.500
color_3,1.911891085,12.69758359,636.000,226.000
color_3,1.913410979,12.89402954,637.000,222.500
color_3,1.914930872,13.06241179,638.000,219.500
color_3,1.916450765,13.23079403,639.000,216.500
color_3,1.917970659,13.39917628,640.000,213.500
color_3,1.919490552,13.59562223,641.000,210.000
color_3,1.921010445,13.76400448,642.000,207.000
color_3,1.922530338,13.93238672,643.000,204.000
color_3,1.924050232,14.10076897,644.000,201.000
color_3,1.925570125,14.26915121,645.000,198.000
color_3,1.927090018,14.43753346,646.000,195.000
color_3,1.928609912,14.60591571,647.000,192.000
color_3,1.930129805,14.80236166,648.000,188.500
color_3,1.931649698,14.9707439,649.000,185.500
color_3,1.933169592,15.13912615,650.000,182.500
color_3,1.934689485,15.27944469,651.000,180.000
color_3,1.936209378,15.47589064,652.000,176.500
color_3,1.937729271,15.67233659,653.000,173.000
color_3,1.939249165,15.84071884,654.000,170.000
color_3,1.940769058,16.00910109,655.000,167.000
color_3,1.942288951,16.17748333,656.000,164.000
color_3,1.943808845,16.37392928,657.000,160.500
color_3,1.945328738,16.51424782,658.000,158.000
color_3,1.946848631,16.68263007,659.000,155.000
color_3,1.948368525,16.82294861,660.000,152.500
color_3,1.949888418,17.01939456,661.000,149.000
color_3,1.951408311,17.1877768,662.000,146.000
color_3,1.952928205,17.44035017,663.000,141.500
color_3,1.954448098,17.63679613,664.000,138.000
color_3,1.955967991,17.86130579,665.000,134.000
color_3,1.957487884,18.05775174,666.000,130.500
color_3,1.959007778,18.36645252,667.000,125.000
color_3,1.960527671,18.6470896,668.000,120.000
color_3,1.962047564,18.89966297,669.000,115.500
color_3,1.963567458,19.20836375,670.000,110.000
color_3,1.965087351,19.376746,671.000,107.000
color_3,1.966607244,19.54512824,672.000,104.000
color_3,1.968127138,19.71351049,673.000,101.000
color_3,1.969647031,19.85382903,674.000,98.500
color_3,1.971166924,20.05027498,675.000,95.000
color_3,1.972686817,20.21865722,676.000,92.000
color_3,1.974206711,20.4992943,677.000,87.000
color_3,1.975726604,20.69574025,678.000,83.500
color_3,1.977246497,20.92024991,679.000,79.500
color_3,1.978766391,21.14475958,680.000,75.500
color_3,1.980286284,21.42539665,681.000,70.500
color_3,1.981806177,21.5937789,682.000,67.500
color_3,1.983326071,21.87441597,683.000,62.500
color_3,1.984845964,22.09892563,684.000,58.500
color_3,1.986365857,22.32343529,685.000,54.500
color_3,1.987885751,22.46375383,686.000,52.000
color_3,1.989405644,22.60407237,687.000,49.500
color_3,1.990925537,22.7163272,688.000,47.500
color_3,1.99244543,22.91277315,689.000,44.000
color_3,1.993965324,23.02502798,690.000,42.000
color_3,1.995485217,23.22147394,691.000,38.500
color_3,1.99700511,23.38985618,692.000,35.500
color_3,1.998525004,23.50211101,693.000,33.500
color_3,2.000044897,23.64242955,694.000,31.000
color_3,2.00156479,23.78274809,695.000,28.500
color_3,2.003084684,23.86693921,696.000,27.000
color_3,2.004604577,23.92306663,697.000,26.000
color_3,2.00612447,24.00725775,698.000,24.500
color_3,2.007644363,24.06338517,699.000,23.500
color_4,1.130665927,0.7985715676,122.000,438.000
color_4,1.13218582,0.7985715676,123.000,438.000
color_4,1.133705714,0.7985715676,124.000,438.000
color_4,1.135225607,0.7985715676,125.000,438.000
color_4,1.1367455,0.7985715676,126.000,438.000
color_4,1.138265394,0.7985715676,127.000,438.000
color_4,1.139785287,0.7985715676,128.000,438.000
color_4,1.14130518,0.7985715676,129.000,438.000
color_4,1.142825074,0.7985715676,130.000,438.000
color_4,1.144344967,0.7985715676,131.000,438.000
color_4,1.14586486,0.7985715676,132.000,438.000
color_4,1.147384754,0.7985715676,133.000,438.000
color_4,1.148904647,0.7985715676,134.000,438.000
color_4,1.15042454,0.7985715676,135.000,438.000
color_4,1.151944433,0.7985715676,136.000,438.000
color_4,1.153464327,0.7985715676,137.000,438.000
color_4,1.15498422,0.7985715676,138.000,438.000
color_4,1.156504113,0.7985715676,139.000,438.000
color_4,1.158024007,0.7985715676,140.000,438.000
color_4,1.1595439,0.7985715676,141.000,438.000
color_4,1.161063793,0.7985715676,142.000,438.000
color_4,1.162583687,19.03998151,143.000,113.000
color_4,1.16410358,19.03998151,144.000,113.000
color_4,1.165623473,19.03998151,145.000,113.000
color_4,1.167143366,19.03998151,146.000,113.000
color_4,1.16866326,19.06804521,147.000,112.500
color_4,1.170183153,19.06804521,148.000,112.500
color_4,1.171703046,19.06804521,149.000,112.500
color_4,1.17322294,19.06804521,150.000,112.500
color_4,1.174742833,19.06804521,151.000,112.500
color_4,1.176262726,19.06804521,152.000,112.500
color_4,1.17778262,19.06804521,153.000,112.500
color_4,1.179302513,19.06804521,154.000,112.500
color_4,1.180822406,19.06804521,155.000,112.500
color_4,1.1823423,19.06804521,156.000,112.500
color_4,1.183862193,19.06804521,157.000,112.500
color_4,1.185382086,19.06804521,158.000,112.500
color_4,1.186901979,19.06804521,159.000,112.500
color_4,1.188421873,19.06804521,160.000,112.500
color_4,1.189941766,19.06804521,161.000,112.500
color_4,1.191461659,19.06804521,162.000,112.500
color_4,1.192981553,19.06804521,163.000,112.500
color_4,1.194501446,19.06804521,164.000,112.500
color_4,1.196021339,19.06804521,165.000,112.500
color_4,1.197541233,19.06804521,166.000,112.500
color_4,1.199061126,19.06804521,167.000,112.500
color_4,1.200581019,19.06804521,168.000,112.500
color_4,1.202100912,19.06804521,169.000,112.500
color_4,1.203620806,19.06804521,170.000,112.500
color_4,1.205140699,19.06804521,171.000,112.500
color_4,1.206660592,19.06804521,172.000,112.500
color_4,1.208180486,19.06804521,173.000,112.500
color_4,1.209700379,19.06804521,174.000,112.500
color_4,1.211220272,19.06804521,175.000,112.500
color_4,1.212740166,19.06804521,176.000,112.500
color_4,1.214260059,19.06804521,177.000,112.500
color_4,1.215779952,19.06804521,178.000,112.500
color_4,1.217299846,19.06804521,179.000,112.500
color_4,1.218819739,19.06804521,180.000,112.500
color_4,1.220339632,19.06804521,181.000,112.500
color_4,1.221859525,19.06804521,182.000,112.500
color_4,1.223379419,19.06804521,183.000,112.500
color_4,1.224899312,19.06804521,184.000,112.500
color_4,1.226419205,19.06804521,185.000,112.500
color_4,1.227939099,19.06804521,186.000,112.500
color_4,1.229458992,19.06804521,187.000,112.500
color_4,1.230978885,19.06804521,188.000,112.500
color_4,1.232498779,19.06804521,189.000,112.500
color_4,1.234018672,19.06804521,190.000,112.500
color_4,1.235538565,19.06804521,191.000,112.500
color_4,1.237058458,19.06804521,192.000,112.500
color_4,1.238578352,19.06804521,193.000,112.500
color_4,1.240098245,19.06804521,194.000,112.500
color_4,1.241618138,19.06804521,195.000,112.500
color_4,1.243138032,19.06804521,196.000,112.500
color_4,1.244657925,19.06804521,197.000,112.500
color_4,1.246177818,19.06804521,198.000,112.500
color_4,1.247697712,19.06804521,199.000,112.500
color_4,1.249217605,19.06804521,200.000,112.500
color_4,1.250737498,19.06804521,201.000,112.500
color_4,1.252257391,19.06804521,202.000,112.500
color_4,1.253777285,19.06804521,203.000,112.500
color_4,1.255297178,19.06804521,204.000,112.500
color_4,1.256817071,19.06804521,205.000,112.500
color_4,1.258336965,19.06804521,206.000,112.500
color_4,1.259856858,19.06804521,207.000,112.500
color_4,1.749262502,1.023081228,529.000,434.000
color_4,1.750782395,1.023081228,530.000,434.000
color_4,1.752302288,0.9950175208,531.000,434.500
color_4,1.753822182,0.9950175208,532.000,434.500
color_4,1.755342075,0.9950175208,533.000,434.500
color_4,1.756861968,0.9950175208,534.000,434.500
color_4,1.758381862,0.9950175208,535.000,434.500
color_4,1.759901755,0.9950175208,536.000,434.500
color_4,1.761421648,0.9950175208,537.000,434.500
color_4,1.762941542,0.9950175208,538.000,434.500
color_4,1.764461435,1.023081228,539.000,434.000
color_4,1.765981328,1.023081228,540.000,434.000
color_4,1.767501221,1.023081228,541.000,434.000
color_4,1.769021115,1.023081228,542.000,434.000
color_4,1.770541008,1.023081228,543.000,434.000
color_4,1.772060901,1.023081228,544.000,434.000
color_4,1.773580795,0.9950175208,545.000,434.500
color_4,1.775100688,0.9950175208,546.000,434.500
color_4,1.776620581,0.9950175208,547.000,434.500
color_4,1.778140475,0.9950175208,548.000,434.500
color_4,1.779660368,1.051144936,549.000,433.500
color_4,1.781180261,1.051144936,550.000,433.500
color_4,1.782700154,1.051144936,551.000,433.500
color_4,1.784220048,1.051144936,552.000,433.500
color_4,1.785739941,1.051144936,553.000,433.500
color_4,1.787259834,1.051144936,554.000,433.500
color_4,1.788779728,1.051144936,555.000,433.500
color_4,1.790299621,1.051144936,556.000,433.500
color_4,1.791819514,1.051144936,557.000,433.500
color_4,1.793339408,1.051144936,558.000,433.500
color_4,1.794859301,1.051144936,559.000,433.500
color_4,1.796379194,1.051144936,560.000,433.500
color_4,1.797899088,1.051144936,561.000,433.500
color_4,1.799418981,1.051144936,562.000,433.500
color_4,1.800938874,1.023081228,563.000,434.000
color_4,1.802458767,1.023081228,564.000,434.000
color_4,1.803978661,1.023081228,565.000,434.000
color_4,1.805498554,1.051144936,566.000,433.500
color_4,1.807018447,1.051144936,567.000,433.500
color_4,1.808538341,1.051144936,568.000,433.500
color_4,1.810058234,1.051144936,569.000,433.500
color_4,1.811578127,1.079208644,570.000,433.000
color_4,1.813098021,1.079208644,571.000,433.000
color_4,1.814617914,1.079208644,572.000,433.000
color_4,1.816137807,1.079208644,573.000,433.000
color_4,1.8176577,1.079208644,574.000,433.000
color_4,1.819177594,1.079208644,575.000,433.000
color_4,1.820697487,1.079208644,576.000,433.000
color_4,1.82221738,1.079208644,577.000,433.000
color_4,1.823737274,1.107272351,578.000,432.500
color_4,1.825257167,1.107272351,579.000,432.500
color_4,1.82677706,1.107272351,580.000,432.500
color_4,1.828296954,1.107272351,581.000,432.500
color_4,1.829816847,1.107272351,582.000,432.500
color_4,1.83133674,1.107272351,583.000,432.500
color_4,1.832856634,1.107272351,584.000,432.500
color_4,1.834376527,1.107272351,585.000,432.500
color_4,1.83589642,1.135336059,586.000,432.000
color_4,1.837416313,1.163399766,587.000,431.500
color_4,1.838936207,1.163399766,588.000,431.500
color_4,1.8404561,1.163399766,589.000,431.500
color_4,1.841975993,1.163399766,590.000,431.500
color_4,1.843495887,1.191463474,591.000,431.000
color_4,1.84501578,1.191463474,592.000,431.000
color_4,1.846535673,1.191463474,593.000,431.000
color_4,1.848055567,1.219527182,594.000,430.500
color_4,1.84957546,1.247590889,595.000,430.000
color_4,1.851095353,1.247590889,596.000,430.000
color_4,1.852615246,1.303718304,597.000,429.000
color_4,1.85413514,1.303718304,598.000,429.000
color_4,1.855655033,1.331782012,599.000,428.500
color_4,1.857174926,1.35984572,600.000,428.000
color_4,1.85869482,1.35984572,601.000,428.000
color_4,1.860214713,1.387909427,602.000,427.500
color_4,1.861734606,1.415973135,603.000,427.000
color_4,1.8632545,1.444036842,604.000,426.500
color_4,1.864774393,1.47210055,605.000,426.000
color_4,1.866294286,1.500164258,606.000,425.500
color_4,1.86781418,1.556291673,607.000,424.500
color_4,1.869334073,1.612419088,608.000,423.500
color_4,1.870853966,1.612419088,609.000,423.500
color_4,1.872373859,1.668546503,610.000,422.500
color_4,1.873893753,1.724673918,611.000,421.500
color_4,1.875413646,1.724673918,612.000,421.500
color_4,1.876933539,1.780801334,613.000,420.500
color_4,1.878453433,1.836928749,614.000,419.500
color_4,1.879973326,1.864992456,615.000,419.000
color_4,1.881493219,1.949183579,616.000,417.500
color_4,1.883013113,2.005310994,617.000,416.500
color_4,1.884533006,2.089502117,618.000,415.000
color_4,1.886052899,2.145629532,619.000,414.000
color_4,1.887572792,2.201756947,620.000,413.000
color_4,1.889092686,2.257884363,621.000,412.000
color_4,1.890612579,2.342075485,622.000,410.500
color_4,1.892132472,2.398202901,623.000,409.500
color_4,1.893652366,2.482394023,624.000,408.000
color_4,1.895172259,2.566585146,625.000,406.500
color_4,1.896692152,2.622712561,626.000,405.500
color_4,1.898212046,2.706903684,627.000,404.000
color_4,1.899731939,2.819158515,628.000,402.000
color_4,1.901251832,2.87528593,629.000,401.000
color_4,1.902771725,2.98754076,630.000,399.000
color_4,1.904291619,3.071731883,631.000,397.500
color_4,1.905811512,3.155923006,632.000,396.000
color_4,1.907331405,3.296241544,633.000,393.500
color_4,1.908851299,3.324305251,634.000,393.000
color_4,1.910371192,3.380432667,635.000,392.000
color_4,1.911891085,3.57687862,636.000,388.500
color_4,1.913410979,3.661069743,637.000,387.000
color_4,1.914930872,3.885579403,638.000,383.000
color_4,1.916450765,3.969770526,639.000,381.500
color_4,1.917970659,4.025897941,640.000,380.500
color_4,1.919490552,4.138152772,641.000,378.500
color_4,1.921010445,4.250407602,642.000,376.500
color_4,1.922530338,4.362662432,643.000,374.500
color_4,1.924050232,4.50298097,644.000,372.000
color_4,1.925570125,4.643299508,645.000,369.500
color_4,1.927090018,4.755554339,646.000,367.500
color_4,1.928609912,4.895872877,647.000,365.000
color_4,1.930129805,5.036191415,648.000,362.500
color_4,1.931649698,5.176509953,649.000,360.000
color_4,1.933169592,5.288764783,650.000,358.000
color_4,1.934689485,5.429083321,651.000,355.500
color_4,1.936209378,5.569401859,652.000,353.000
color_4,1.937729271,5.737784105,653.000,350.000
color_4,1.939249165,5.878102643,654.000,347.500
color_4,1.940769058,5.990357473,655.000,345.500
color_4,1.942288951,6.130676011,656.000,343.000
color_4,1.943808845,6.270994549,657.000,340.500
color_4,1.945328738,6.439376795,658.000,337.500
color_4,1.946848631,6.551631625,659.000,335.500
color_4,1.948368525,6.720013871,660.000,332.500
color_4,1.949888418,6.860332409,661.000,330.000
color_4,1.951408311,7.028714654,662.000,327.000
color_4,1.952928205,7.169033192,663.000,324.500
color_4,1.954448098,7.365479145,664.000,321.000
color_4,1.955967991,7.477733976,665.000,319.000
color_4,1.957487884,7.674179929,666.000,315.500
color_4,1.959007778,7.786434759,667.000,313.500
color_4,1.960527671,7.954817005,668.000,310.500
color_4,1.962047564,8.12319925,669.000,307.500
color_4,1.963567458,8.291581496,670.000,304.500
color_4,1.965087351,8.431900034,671.000,302.000
color_4,1.966607244,8.572218572,672.000,299.500
color_4,1.968127138,8.740600818,673.000,296.500
color_4,1.969647031,8.937046771,674.000,293.000
color_4,1.971166924,9.077365309,675.000,290.500
color_4,1.972686817,9.245747554,676.000,287.500
color_4,1.974206711,9.358002385,677.000,285.500
color_4,1.975726604,9.582512046,678.000,281.500
color_4,1.977246497,9.694766876,679.000,279.500
color_4,1.978766391,9.863149122,680.000,276.500
color_4,1.980286284,10.03153137,681.000,273.500
color_4,1.981806177,10.19991361,682.000,270.500
color_4,1.983326071,10.36829586,683.000,267.500
color_4,1.984845964,10.5366781,684.000,264.500
color_4,1.986365857,10.67699664,685.000,262.000
color_4,1.987885751,10.8734426,686.000,258.500
color_4,1.989405644,11.01376113,687.000,256.000
color_4,1.990925537,11.21020709,688.000,252.500
color_4,1.99244543,11.32246192,689.000,250.500
color_4,1.993965324,11.57503528,690.000,246.000
color_4,1.995485217,11.71535382,691.000,243.500
color_4,1.99700511,11.93986348,692.000,239.500
color_4,1.998525004,12.10824573,693.000,236.500
color_4,2.000044897,12.33275539,694.000,232.500
color_4,2.00156479,12.47307393,695.000,230.000
color_4,2.003084684,12.64145617,696.000,227.000
color_4,2.004604577,12.69758359,697.000,226.000
color_4,2.00612447,12.78177471,698.000,224.500
color_5,1.162583687,20.97637733,143.000,78.500
color_5,1.16410358,20.97637733,144.000,78.500
color_5,1.165623473,21.00444104,145.000,78.000
color_5,1.167143366,21.00444104,146.000,78.000
color_5,1.16866326,21.00444104,147.000,78.000
color_5,1.170183153,21.00444104,148.000,78.000
color_5,1.171703046,21.00444104,149.000,78.000
color_5,1.17322294,21.00444104,150.000,78.000
color_5,1.174742833,21.00444104,151.000,78.000
color_5,1.176262726,21.00444104,152.000,78.000
color_5,1.17778262,21.00444104,153.000,78.000
color_5,1.179302513,21.00444104,154.000,78.000
color_5,1.180822406,21.00444104,155.000,78.000
color_5,1.1823423,21.00444104,156.000,78.000
color_5,1.183862193,21.00444104,157.000,78.000
color_5,1.185382086,21.00444104,158.000,78.000
color_5,1.186901979,21.00444104,159.000,78.000
color_5,1.188421873,21.00444104,160.000,78.000
color_5,1.189941766,21.00444104,161.000,78.000
color_5,1.191461659,21.00444104,162.000,78.000
color_5,1.192981553,21.00444104,163.000,78.000
color_5,1.194501446,21.00444104,164.000,78.000
color_5,1.196021339,21.00444104,165.000,78.000
color_5,1.197541233,21.00444104,166.000,78.000
color_5,1.199061126,21.00444104,167.000,78.000
color_5,1.200581019,21.00444104,168.000,78.000
color_5,1.202100912,21.00444104,169.000,78.000
color_5,1.203620806,21.00444104,170.000,78.000
color_5,1.205140699,21.00444104,171.000,78.000
color_5,1.206660592,21.00444104,172.000,78.000
color_5,1.208180486,21.00444104,173.000,78.000
color_5,1.209700379,21.00444104,174.000,78.000
color_5,1.211220272,21.00444104,175.000,78.000
color_5,1.212740166,21.00444104,176.000,78.000
color_5,1.214260059,21.00444104,177.000,78.000
color_5,1.215779952,21.00444104,178.000,78.000
color_5,1.217299846,21.00444104,179.000,78.000
color_5,1.218819739,21.00444104,180.000,78.000
color_5,1.220339632,21.00444104,181.000,78.000
color_5,1.221859525,21.00444104,182.000,78.000
color_5,1.223379419,21.00444104,183.000,78.000
color_5,1.224899312,21.00444104,184.000,78.000
color_5,1.226419205,21.00444104,185.000,78.000
color_5,1.227939099,21.00444104,186.000,78.000
color_5,1.229458992,21.00444104,187.000,78.000
color_5,1.230978885,21.00444104,188.000,78.000
color_5,1.232498779,21.00444104,189.000,78.000
color_5,1.234018672,21.00444104,190.000,78.000
color_5,1.235538565,21.00444104,191.000,78.000
color_5,1.237058458,21.00444104,192.000,78.000
color_5,1.238578352,21.00444104,193.000,78.000
color_5,1.240098245,21.00444104,194.000,78.000
color_5,1.241618138,21.00444104,195.000,78.000
color_5,1.243138032,21.00444104,196.000,78.000
color_5,1.244657925,21.00444104,197.000,78.000
color_5,1.246177818,21.00444104,198.000,78.000
color_5,1.247697712,21.00444104,199.000,78.000
color_5,1.249217605,21.00444104,200.000,78.000
color_5,1.250737498,21.00444104,201.000,78.000
color_5,1.252257391,21.00444104,202.000,78.000
color_5,1.253777285,21.00444104,203.000,78.000
color_5,1.255297178,21.00444104,204.000,78.000
color_5,1.256817071,21.00444104,205.000,78.000
color_5,1.258336965,20.97637733,206.000,78.500
color_5,1.259856858,20.97637733,207.000,78.500
color_5,1.667188263,0.630189322,475.000,441.000
color_5,1.668708157,0.630189322,476.000,441.000
color_5,1.67022805,0.630189322,477.000,441.000
color_5,1.671747943,0.630189322,478.000,441.000
color_5,1.673267837,0.630189322,479.000,441.000
color_5,1.67478773,0.630189322,480.000,441.000
color_5,1.676307623,0.630189322,481.000,441.000
color_5,1.677827517,0.630189322,482.000,441.000
color_5,1.67934741,0.630189322,483.000,441.000
color_5,1.680867303,0.630189322,484.000,441.000
color_5,1.682387196,0.630189322,485.000,441.000
color_5,1.68390709,0.630189322,486.000,441.000
color_5,1.685426983,0.630189322,487.000,441.000
color_5,1.686946876,0.630189322,488.000,441.000
color_5,1.68846677,0.630189322,489.000,441.000
color_5,1.689986663,0.630189322,490.000,441.000
color_5,1.691506556,0.630189322,491.000,441.000
color_5,1.69302645,0.630189322,492.000,441.000
color_5,1.694546343,0.630189322,493.000,441.000
color_5,1.696066236,0.630189322,494.000,441.000
color_5,1.697586129,0.630189322,495.000,441.000
color_5,1.699106023,0.630189322,496.000,441.000
color_5,1.700625916,0.630189322,497.000,441.000
color_5,1.702145809,0.630189322,498.000,441.000
color_5,1.703665703,0.630189322,499.000,441.000
color_5,1.705185596,0.630189322,500.000,441.000
color_5,1.706705489,0.630189322,501.000,441.000
color_5,1.708225383,0.630189322,502.000,441.000
color_5,1.709745276,0.630189322,503.000,441.000
color_5,1.711265169,0.630189322,504.000,441.000
color_5,1.712785063,0.630189322,505.000,441.000
color_5,1.714304956,0.630189322,506.000,441.000
color_5,1.715824849,0.630189322,507.000,441.000
color_5,1.717344742,0.630189322,508.000,441.000
color_5,1.718864636,0.630189322,509.000,441.000
color_5,1.720384529,0.630189322,510.000,441.000
color_5,1.721904422,0.630189322,511.000,441.000
color_5,1.723424316,0.630189322,512.000,441.000
color_5,1.724944209,0.630189322,513.000,441.000
color_5,1.726464102,0.630189322,514.000,441.000
color_5,1.727983996,0.630189322,515.000,441.000
color_5,1.729503889,0.630189322,516.000,441.000
color_5,1.731023782,0.630189322,517.000,441.000
color_5,1.732543675,0.630189322,518.000,441.000
color_5,1.734063569,0.630189322,519.000,441.000
color_5,1.735583462,0.630189322,520.000,441.000
color_5,1.737103355,0.630189322,521.000,441.000
color_5,1.738623249,0.630189322,522.000,441.000
color_5,1.740143142,0.630189322,523.000,441.000
color_5,1.741663035,0.630189322,524.000,441.000
color_5,1.743182929,0.630189322,525.000,441.000
color_5,1.744702822,0.630189322,526.000,441.000
color_5,1.746222715,0.630189322,527.000,441.000
color_5,1.747742609,0.630189322,528.000,441.000
color_5,1.749262502,0.630189322,529.000,441.000
color_5,1.750782395,0.630189322,530.000,441.000
color_5,1.752302288,0.630189322,531.000,441.000
color_5,1.753822182,0.630189322,532.000,441.000
color_5,1.755342075,0.630189322,533.000,441.000
color_5,1.756861968,0.630189322,534.000,441.000
color_5,1.758381862,0.630189322,535.000,441.000
color_5,1.759901755,0.630189322,536.000,441.000
color_5,1.761421648,0.630189322,537.000,441.000
color_5,1.762941542,0.630189322,538.000,441.000
color_5,1.764461435,0.630189322,539.000,441.000
color_5,1.765981328,0.630189322,540.000,441.000
color_5,1.767501221,0.630189322,541.000,441.000
color_5,1.769021115,0.630189322,542.000,441.000
color_5,1.770541008,0.630189322,543.000,441.000
color_5,1.772060901,0.630189322,544.000,441.000
color_5,1.773580795,0.630189322,545.000,441.000
color_5,1.775100688,0.630189322,546.000,441.000
color_5,1.776620581,0.630189322,547.000,441.000
color_5,1.778140475,0.630189322,548.000,441.000
color_5,1.779660368,0.630189322,549.000,441.000
color_5,1.781180261,0.630189322,550.000,441.000
color_5,1.782700154,0.630189322,551.000,441.000
color_5,1.784220048,0.630189322,552.000,441.000
color_5,1.890612579,2.706903684,622.000,404.000
color_5,1.892132472,2.763031099,623.000,403.000
color_5,1.893652366,2.87528593,624.000,401.000
color_5,1.895172259,2.959477053,625.000,399.500
color_5,1.896692152,3.099795591,626.000,397.000
color_5,1.898212046,3.183986713,627.000,395.500
color_5,1.899731939,3.296241544,628.000,393.500
color_5,1.901251832,3.436560082,629.000,391.000
color_5,1.902771725,3.548814912,630.000,389.000
color_5,1.904291619,3.661069743,631.000,387.000
color_5,1.905811512,3.801388281,632.000,384.500
color_5,1.907331405,3.969770526,633.000,381.500
color_5,1.908851299,4.053961649,634.000,380.000
color_5,1.910371192,4.194280187,635.000,377.500
color_5,1.911891085,4.306535017,636.000,375.500
color_5,1.913410979,4.474917263,637.000,372.500
color_5,1.914930872,4.615235801,638.000,370.000
color_5,1.916450765,4.755554339,639.000,367.500
color_5,1.917970659,4.923936584,640.000,364.500
color_5,1.919490552,5.09231883,641.000,361.500
color_5,1.921010445,5.260701076,642.000,358.500
color_5,1.922530338,5.429083321,643.000,355.500
color_5,1.924050232,5.597465567,644.000,352.500
color_5,1.925570125,5.79391152,645.000,349.000
color_5,1.927090018,5.990357473,646.000,345.500
color_5,1.928609912,6.186803426,647.000,342.000
color_5,1.930129805,6.355185672,648.000,339.000
color_5,1.931649698,6.551631625,649.000,335.500
color_5,1.933169592,6.748077578,650.000,332.000
color_5,1.934689485,6.916459824,651.000,329.000
color_5,1.936209378,7.140969485,652.000,325.000
color_5,1.937729271,7.337415438,653.000,321.500
color_5,1.939249165,7.533861391,654.000,318.000
color_5,1.940769058,7.730307344,655.000,314.500
color_5,1.942288951,7.926753297,656.000,311.000
color_5,1.943808845,8.151262958,657.000,307.000
color_5,1.945328738,8.347708911,658.000,303.500
color_5,1.946848631,8.544154864,659.000,300.000
color_5,1.948368525,8.796728233,660.000,295.500
color_5,1.949888418,8.965110478,661.000,292.500
color_5,1.951408311,9.189620139,662.000,288.500
color_5,1.952928205,9.386066092,663.000,285.000
color_5,1.954448098,9.582512046,664.000,281.500
color_5,1.955967991,9.835085414,665.000,277.000
color_5,1.957487884,10.03153137,666.000,273.500
color_5,1.959007778,10.22797732,667.000,270.000
color_5,1.960527671,10.45248698,668.000,266.000
color_5,1.962047564,10.67699664,669.000,262.000
color_5,1.963567458,10.92957001,670.000,257.500
color_5,1.965087351,11.09795226,671.000,254.500
color_5,1.966607244,11.37858933,672.000,249.500
color_5,1.968127138,11.60309899,673.000,245.500
color_5,1.969647031,11.82760865,674.000,241.500
color_5,1.971166924,12.02405461,675.000,238.000
color_5,1.972686817,12.30469168,676.000,233.000
color_5,1.974206711,12.55726505,677.000,228.500
color_5,1.975726604,12.80983842,678.000,224.000
color_5,1.977246497,13.06241179,679.000,219.500
color_5,1.978766391,13.28692145,680.000,215.500
color_5,1.980286284,13.59562223,681.000,210.000
color_5,1.981806177,13.82013189,682.000,206.000
color_5,1.983326071,14.01657785,683.000,202.500
color_5,1.984845964,14.29721492,684.000,197.500
color_5,1.986365857,14.52172458,685.000,193.500
color_5,1.987885751,14.77429795,686.000,189.000
color_5,1.989405644,14.9426802,687.000,186.000
color_5,1.990925537,15.16718986,688.000,182.000
color_5,1.99244543,15.3355721,689.000,179.000
color_5,1.993965324,15.58814547,690.000,174.500
color_5,1.995485217,15.78459142,691.000,171.000
color_5,1.99700511,15.98103738,692.000,167.500
color_5,1.998525004,16.20554704,693.000,163.500
color_5,2.000044897,16.37392928,694.000,160.500
color_5,2.00156479,16.57037524,695.000,157.000
color_5,2.003084684,16.71069378,696.000,154.500
color_5,2.004604577,16.7948849,697.000,153.000
color_5,2.00612447,16.87907602,698.000,151.500
color_5,2.007644363,16.93520344,699.000,150.500
color_6,1.129146034,0.6582530296,121.000,440.500
color_6,1.130665927,0.630189322,122.000,441.000
color_6,1.13218582,0.630189322,123.000,441.000
color_6,1.133705714,0.630189322,124.000,441.000
color_6,1.135225607,0.630189322,125.000,441.000
color_6,1.1367455,0.630189322,126.000,441.000
color_6,1.138265394,0.630189322,127.000,441.000
color_6,1.139785287,0.630189322,128.000,441.000
color_6,1.14130518,0.630189322,129.000,441.000
color_6,1.142825074,0.630189322,130.000,441.000
color_6,1.144344967,0.630189322,131.000,441.000
color_6,1.14586486,0.630189322,132.000,441.000
color_6,1.147384754,0.630189322,133.000,441.000
color_6,1.148904647,0.630189322,134.000,441.000
color_6,1.15042454,0.630189322,135.000,441.000
color_6,1.151944433,0.630189322,136.000,441.000
color_6,1.153464327,0.630189322,137.000,441.000
color_6,1.15498422,0.630189322,138.000,441.000
color_6,1.156504113,0.630189322,139.000,441.000
color_6,1.158024007,0.630189322,140.000,441.000
color_6,1.1595439,0.630189322,141.000,441.000
color_6,1.161063793,0.630189322,142.000,441.000
color_6,1.162583687,0.7143804448,143.000,439.500
color_6,1.16410358,11.77148124,144.000,242.500
color_6,1.165623473,11.77148124,145.000,242.500
color_6,1.167143366,11.77148124,146.000,242.500
color_6,1.16866326,11.77148124,147.000,242.500
color_6,1.170183153,0.7985715676,148.000,438.000
color_6,1.171703046,0.7985715676,149.000,438.000
color_6,1.17322294,0.7985715676,150.000,438.000
color_6,1.174742833,11.77148124,151.000,242.500
color_6,1.176262726,11.77148124,152.000,242.500
color_6,1.17778262,11.77148124,153.000,242.500
color_6,1.179302513,11.77148124,154.000,242.500
color_6,1.180822406,11.77148124,155.000,242.500
color_6,1.1823423,11.77148124,156.000,242.500
color_6,1.183862193,11.77148124,157.000,242.500
color_6,1.185382086,11.77148124,158.000,242.500
color_6,1.186901979,11.77148124,159.000,242.500
color_6,1.188421873,22.85664574,160.000,45.000
color_6,1.189941766,22.88470945,161.000,44.500
color_6,1.191461659,22.88470945,162.000,44.500
color_6,1.192981553,22.88470945,163.000,44.500
color_6,1.194501446,22.88470945,164.000,44.500
color_6,1.196021339,22.88470945,165.000,44.500
color_6,1.197541233,22.88470945,166.000,44.500
color_6,1.199061126,22.88470945,167.000,44.500
color_6,1.200581019,22.88470945,168.000,44.500
color_6,1.202100912,22.88470945,169.000,44.500
color_6,1.203620806,22.88470945,170.000,44.500
color_6,1.205140699,22.88470945,171.000,44.500
color_6,1.206660592,22.88470945,172.000,44.500
color_6,1.208180486,22.88470945,173.000,44.500
color_6,1.209700379,22.88470945,174.000,44.500
color_6,1.211220272,22.88470945,175.000,44.500
color_6,1.212740166,22.88470945,176.000,44.500
color_6,1.214260059,22.88470945,177.000,44.500
color_6,1.215779952,22.88470945,178.000,44.500
color_6,1.217299846,22.88470945,179.000,44.500
color_6,1.218819739,22.88470945,180.000,44.500
color_6,1.220339632,22.88470945,181.000,44.500
color_6,1.221859525,22.88470945,182.000,44.500
color_6,1.223379419,22.88470945,183.000,44.500
color_6,1.224899312,22.88470945,184.000,44.500
color_6,1.226419205,22.88470945,185.000,44.500
color_6,1.227939099,22.88470945,186.000,44.500
color_6,1.229458992,22.88470945,187.000,44.500
color_6,1.230978885,22.88470945,188.000,44.500
color_6,1.232498779,22.88470945,189.000,44.500
color_6,1.234018672,22.88470945,190.000,44.500
color_6,1.235538565,22.88470945,191.000,44.500
color_6,1.237058458,22.88470945,192.000,44.500
color_6,1.238578352,22.88470945,193.000,44.500
color_6,1.240098245,22.88470945,194.000,44.500
color_6,1.241618138,22.88470945,195.000,44.500
color_6,1.243138032,22.91277315,196.000,44.000
color_6,1.244657925,22.91277315,197.000,44.000
color_6,1.246177818,22.91277315,198.000,44.000
color_6,1.247697712,22.91277315,199.000,44.000
color_6,1.249217605,22.91277315,200.000,44.000
color_6,1.250737498,22.91277315,201.000,44.000
color_6,1.252257391,22.91277315,202.000,44.000
color_6,1.253777285,22.91277315,203.000,44.000
color_6,1.255297178,22.91277315,204.000,44.000
color_6,1.256817071,22.91277315,205.000,44.000
color_6,1.258336965,22.91277315,206.000,44.000
color_6,1.259856858,22.91277315,207.000,44.000
color_6,1.424005335,0.910826398,315.000,436.000
color_6,1.425525228,0.910826398,316.000,436.000
color_6,1.427045121,0.910826398,317.000,436.000
color_6,1.428565015,0.910826398,318.000,436.000
color_6,1.430084908,0.910826398,319.000,436.000
color_6,1.431604801,0.910826398,320.000,436.000
color_6,1.433124695,0.910826398,321.000,436.000
color_6,1.434644588,0.910826398,322.000,436.000
color_6,1.436164481,0.910826398,323.000,436.000
color_6,1.437684375,0.910826398,324.000,436.000
color_6,1.439204268,0.910826398,325.000,436.000
color_6,1.440724161,0.910826398,326.000,436.000
color_6,1.442244054,0.910826398,327.000,436.000
color_6,1.443763948,0.910826398,328.000,436.000
color_6,1.445283841,0.9388901056,329.000,435.500
color_6,1.446803734,0.9388901056,330.000,435.500
color_6,1.448323628,0.9388901056,331.000,435.500
color_6,1.449843521,0.9388901056,332.000,435.500
color_6,1.451363414,0.9388901056,333.000,435.500
color_6,1.452883308,0.9388901056,334.000,435.500
color_6,1.454403201,0.9388901056,335.000,435.500
color_6,1.455923094,0.9388901056,336.000,435.500
color_6,1.457442987,0.9388901056,337.000,435.500
color_6,1.458962881,0.9388901056,338.000,435.500
color_6,1.460482774,0.9388901056,339.000,435.500
color_6,1.462002667,0.9388901056,340.000,435.500
color_6,1.463522561,0.9388901056,341.000,435.500
color_6,1.465042454,0.9388901056,342.000,435.500
color_6,1.466562347,0.9388901056,343.000,435.500
color_6,1.468082241,0.9388901056,344.000,435.500
color_6,1.469602134,0.9388901056,345.000,435.500
color_6,1.471122027,0.9388901056,346.000,435.500
color_6,1.472641921,0.9388901056,347.000,435.500
color_6,1.474161814,0.9388901056,348.000,435.500
color_6,1.475681707,0.9388901056,349.000,435.500
color_6,1.4772016,0.9669538132,350.000,435.000
color_6,1.478721494,0.9669538132,351.000,435.000
color_6,1.480241387,0.9669538132,352.000,435.000
color_6,1.48176128,0.9669538132,353.000,435.000
color_6,1.483281174,0.9669538132,354.000,435.000
color_6,1.484801067,0.9669538132,355.000,435.000
color_6,1.48632096,0.9669538132,356.000,435.000
color_6,1.487840854,0.9669538132,357.000,435.000
color_6,1.489360747,0.9669538132,358.000,435.000
color_6,1.49088064,0.9669538132,359.000,435.000
color_6,1.492400533,0.9669538132,360.000,435.000
color_6,1.493920427,0.9669538132,361.000,435.000
color_6,1.49544032,0.9950175208,362.000,434.500
color_6,1.496960213,0.9950175208,363.000,434.500
color_6,1.498480107,0.9950175208,364.000,434.500
color_6,1.5,0.9950175208,365.000,434.500
color_6,1.501519893,0.9950175208,366.000,434.500
color_6,1.503039787,0.9950175208,367.000,434.500
color_6,1.50455968,0.9950175208,368.000,434.500
color_6,1.506079573,0.9950175208,369.000,434.500
color_6,1.507599467,0.9950175208,370.000,434.500
color_6,1.50911936,0.9950175208,371.000,434.500
color_6,1.510639253,0.9950175208,372.000,434.500
color_6,1.512159146,0.9950175208,373.000,434.500
color_6,1.51367904,0.9950175208,374.000,434.500
color_6,1.515198933,0.9950175208,375.000,434.500
color_6,1.516718826,0.9950175208,376.000,434.500
color_6,1.51823872,0.9950175208,377.000,434.500
color_6,1.519758613,1.023081228,378.000,434.000
color_6,1.521278506,1.023081228,379.000,434.000
color_6,1.5227984,1.023081228,380.000,434.000
color_6,1.524318293,1.023081228,381.000,434.000
color_6,1.525838186,1.023081228,382.000,434.000
color_6,1.527358079,1.023081228,383.000,434.000
color_6,1.528877973,1.023081228,384.000,434.000
color_6,1.530397866,1.023081228,385.000,434.000
color_6,1.531917759,1.023081228,386.000,434.000
color_6,1.533437653,1.051144936,387.000,433.500
color_6,1.534957546,1.079208644,388.000,433.000
color_6,1.536477439,1.079208644,389.000,433.000
color_6,1.537997333,1.079208644,390.000,433.000
color_6,1.539517226,1.079208644,391.000,433.000
color_6,1.541037119,1.079208644,392.000,433.000
color_6,1.542557013,1.079208644,393.000,433.000
color_6,1.544076906,1.079208644,394.000,433.000
color_6,1.545596799,1.079208644,395.000,433.000
color_6,1.547116692,1.079208644,396.000,433.000
color_6,1.548636586,1.079208644,397.000,433.000
color_6,1.550156479,1.079208644,398.000,433.000
color_6,1.551676372,1.079208644,399.000,433.000
color_6,1.553196266,1.079208644,400.000,433.000
color_6,1.554716159,1.079208644,401.000,433.000
color_6,1.556236052,1.135336059,402.000,432.000
color_6,1.557755946,1.135336059,403.000,432.000
color_6,1.559275839,1.135336059,404.000,432.000
color_6,1.560795732,1.135336059,405.000,432.000
color_6,1.562315625,1.135336059,406.000,432.000
color_6,1.563835519,1.135336059,407.000,432.000
color_6,1.565355412,1.135336059,408.000,432.000
color_6,1.566875305,1.135336059,409.000,432.000
color_6,1.568395199,1.135336059,410.000,432.000
color_6,1.569915092,1.135336059,411.000,432.000
color_6,1.571434985,1.135336059,412.000,432.000
color_6,1.572954879,1.163399766,413.000,431.500
color_6,1.574474772,1.163399766,414.000,431.500
color_6,1.575994665,1.163399766,415.000,431.500
color_6,1.577514558,1.163399766,416.000,431.500
color_6,1.579034452,1.163399766,417.000,431.500
color_6,1.580554345,1.163399766,418.000,431.500
color_6,1.582074238,1.163399766,419.000,431.500
color_6,1.583594132,1.191463474,420.000,431.000
color_6,1.585114025,1.191463474,421.000,431.000
color_6,1.586633918,1.191463474,422.000,431.000
color_6,1.588153812,1.191463474,423.000,431.000
color_6,1.589673705,1.191463474,424.000,431.000
color_6,1.591193598,1.191463474,425.000,431.000
color_6,1.592713492,1.191463474,426.000,431.000
color_6,1.594233385,1.191463474,427.000,431.000
color_6,1.595753278,1.191463474,428.000,431.000
color_6,1.597273171,1.219527182,429.000,430.500
color_6,1.598793065,1.219527182,430.000,430.500
color_6,1.600312958,1.247590889,431.000,430.000
color_6,1.601832851,1.247590889,432.000,430.000
color_6,1.603352745,1.247590889,433.000,430.000
color_6,1.604872638,1.247590889,434.000,430.000
color_6,1.606392531,1.247590889,435.000,430.000
color_6,1.607912425,1.247590889,436.000,430.000
color_6,1.609432318,1.247590889,437.000,430.000
color_6,1.610952211,1.247590889,438.000,430.000
color_6,1.612472104,1.247590889,439.000,430.000
color_6,1.613991998,1.275654597,440.000,429.500
color_6,1.615511891,1.275654597,441.000,429.500
color_6,1.617031784,1.275654597,442.000,429.500
color_6,1.618551678,1.275654597,443.000,429.500
color_6,1.620071571,1.275654597,444.000,429.500
color_6,1.621591464,1.275654597,445.000,429.500
color_6,1.623111358,1.303718304,446.000,429.000
color_6,1.624631251,1.303718304,447.000,429.000
color_6,1.626151144,1.303718304,448.000,429.000
color_6,1.627671038,1.303718304,449.000,429.000
color_6,1.629190931,1.303718304,450.000,429.000
color_6,1.630710824,1.303718304,451.000,429.000
color_6,1.632230717,1.303718304,452.000,429.000
color_6,1.633750611,1.303718304,453.000,429.000
color_6,1.635270504,1.303718304,454.000,429.000
color_6,1.636790397,1.303718304,455.000,429.000
color_6,1.638310291,1.303718304,456.000,429.000
color_6,1.639830184,1.303718304,457.000,429.000
color_6,1.641350077,1.303718304,458.000,429.000
color_6,1.642869971,1.303718304,459.000,429.000
color_6,1.644389864,1.303718304,460.000,429.000
color_6,1.645909757,1.303718304,461.000,429.000
color_6,1.64742965,1.303718304,462.000,429.000
color_6,1.648949544,1.303718304,463.000,429.000
color_6,1.650469437,1.303718304,464.000,429.000
color_6,1.65198933,1.331782012,465.000,428.500
color_6,1.653509224,1.303718304,466.000,429.000
color_6,1.655029117,1.303718304,467.000,429.000
color_6,1.65654901,1.303718304,468.000,429.000
color_6,1.658068904,1.303718304,469.000,429.000
color_6,1.659588797,1.303718304,470.000,429.000
color_6,1.66110869,1.303718304,471.000,429.000
color_6,1.662628584,1.303718304,472.000,429.000
color_6,1.664148477,1.303718304,473.000,429.000
color_6,1.66566837,1.303718304,474.000,429.000
color_6,1.667188263,1.303718304,475.000,429.000
color_6,1.668708157,1.303718304,476.000,429.000
color_6,1.67022805,1.303718304,477.000,429.000
color_6,1.671747943,1.331782012,478.000,428.500
color_6,1.673267837,4.615235801,479.000,370.000
color_6,1.67478773,4.699426924,480.000,368.500
color_6,1.676307623,4.811681754,481.000,366.500
color_6,1.677827517,4.867809169,482.000,365.500
color_6,1.67934741,4.839745462,483.000,366.000
color_6,1.680867303,4.839745462,484.000,366.000
color_6,1.682387196,4.923936584,485.000,364.500
color_6,1.68390709,4.923936584,486.000,364.500
color_6,1.685426983,5.036191415,487.000,362.500
color_6,1.686946876,5.120382538,488.000,361.000
color_6,1.68846677,5.120382538,489.000,361.000
color_6,1.689986663,5.176509953,490.000,360.000
color_6,1.691506556,4.755554339,491.000,367.500
color_6,1.69302645,1.387909427,492.000,427.500
color_6,1.694546343,1.387909427,493.000,427.500
color_6,1.696066236,3.099795591,494.000,397.000
color_6,1.697586129,4.783618046,495.000,367.000
color_6,1.699106023,4.783618046,496.000,367.000
color_6,1.700625916,4.783618046,497.000,367.000
color_6,1.702145809,4.755554339,498.000,367.500
color_6,1.703665703,4.755554339,499.000,367.500
color_6,1.705185596,4.755554339,500.000,367.500
color_6,1.706705489,4.783618046,501.000,367.000
color_6,1.708225383,4.980064,502.000,363.500
color_6,1.709745276,5.008127707,503.000,363.000
color_6,1.711265169,4.980064,504.000,363.500
color_6,1.712785063,4.980064,505.000,363.500
color_6,1.714304956,4.755554339,506.000,367.500
color_6,1.715824849,1.387909427,507.000,427.500
color_6,1.717344742,1.35984572,508.000,428.000
color_6,1.718864636,1.35984572,509.000,428.000
color_6,1.720384529,1.35984572,510.000,428.000
color_6,1.721904422,1.35984572,511.000,428.000
color_6,1.723424316,1.35984572,512.000,428.000
color_6,1.724944209,1.35984572,513.000,428.000
color_6,1.726464102,1.35984572,514.000,428.000
color_6,1.727983996,1.35984572,515.000,428.000
color_6,1.729503889,1.35984572,516.000,428.000
color_6,1.731023782,1.35984572,517.000,428.000
color_6,1.732543675,1.387909427,518.000,427.500
color_6,1.734063569,1.387909427,519.000,427.500
color_6,1.735583462,1.387909427,520.000,427.500
color_6,1.737103355,1.415973135,521.000,427.000
color_6,1.738623249,1.415973135,522.000,427.000
color_6,1.740143142,1.415973135,523.000,427.000
color_6,1.741663035,1.415973135,524.000,427.000
color_6,1.743182929,1.415973135,525.000,427.000
color_6,1.744702822,1.415973135,526.000,427.000
color_6,1.746222715,1.415973135,527.000,427.000
color_6,1.747742609,1.415973135,528.000,427.000
color_6,1.749262502,1.415973135,529.000,427.000
color_6,1.750782395,1.415973135,530.000,427.000
color_6,1.752302288,4.839745462,531.000,366.000
color_6,1.753822182,4.867809169,532.000,365.500
color_6,1.755342075,4.839745462,533.000,366.000
color_6,1.756861968,4.867809169,534.000,365.500
color_6,1.758381862,5.120382538,535.000,361.000
color_6,1.759901755,1.58435538,536.000,424.000
color_6,1.761421648,1.58435538,537.000,424.000
color_6,1.762941542,1.612419088,538.000,423.500
color_6,1.764461435,5.09231883,539.000,361.500
color_6,1.765981328,4.867809169,540.000,365.500
color_6,1.767501221,4.839745462,541.000,366.000
color_6,1.769021115,4.839745462,542.000,366.000
color_6,1.770541008,4.811681754,543.000,366.500
color_6,1.772060901,1.696610211,544.000,422.000
color_6,1.773580795,1.696610211,545.000,422.000
color_6,1.775100688,1.752737626,546.000,421.000
color_6,1.776620581,3.464623789,547.000,390.500
color_6,1.778140475,4.867809169,548.000,365.500
color_6,1.779660368,4.839745462,549.000,366.000
color_6,1.781180261,4.811681754,550.000,366.500
color_6,1.782700154,4.783618046,551.000,367.000
color_6,1.784220048,1.780801334,552.000,420.500
color_6,1.785739941,1.780801334,553.000,420.500
color_6,1.787259834,1.836928749,554.000,419.500
color_6,1.788779728,1.836928749,555.000,419.500
color_6,1.790299621,1.893056164,556.000,418.500
color_6,1.791819514,1.921119872,557.000,418.000
color_6,1.793339408,1.977247287,558.000,417.000
color_6,1.794859301,2.033374702,559.000,416.000
color_6,1.796379194,2.089502117,560.000,415.000
color_6,1.797899088,2.145629532,561.000,414.000
color_6,1.799418981,2.201756947,562.000,413.000
color_6,1.800938874,2.257884363,563.000,412.000
color_6,1.802458767,2.314011778,564.000,411.000
color_6,1.803978661,2.398202901,565.000,409.500
color_6,1.805498554,2.454330316,566.000,408.500
color_6,1.807018447,2.510457731,567.000,407.500
color_6,1.808538341,2.594648854,568.000,406.000
color_6,1.810058234,2.650776269,569.000,405.000
color_6,1.811578127,2.734967392,570.000,403.500
color_6,1.813098021,2.819158515,571.000,402.000
color_6,1.814617914,2.903349637,572.000,400.500
color_6,1.816137807,3.015604468,573.000,398.500
color_6,1.8176577,3.071731883,574.000,397.500
color_6,1.819177594,3.212050421,575.000,395.000
color_6,1.820697487,3.268177836,576.000,394.000
color_6,1.82221738,3.324305251,577.000,393.000
color_6,1.823737274,3.380432667,578.000,392.000
color_6,1.825257167,3.604942327,579.000,388.000
color_6,1.82677706,3.745260865,580.000,385.500
color_6,1.828296954,3.857515696,581.000,383.500
color_6,1.829816847,3.969770526,582.000,381.500
color_6,1.83133674,4.110089064,583.000,379.000
color_6,1.832856634,4.222343894,584.000,377.000
color_6,1.834376527,4.362662432,585.000,374.500
color_6,1.83589642,4.446853555,586.000,373.000
color_6,1.837416313,4.587172093,587.000,370.500
color_6,1.838936207,4.755554339,588.000,367.500
color_6,1.8404561,4.895872877,589.000,365.000
color_6,1.841975993,5.036191415,590.000,362.500
color_6,1.843495887,5.176509953,591.000,360.000
color_6,1.84501578,5.316828491,592.000,357.500
color_6,1.846535673,5.457147029,593.000,355.000
color_6,1.848055567,5.597465567,594.000,352.500
color_6,1.84957546,5.737784105,595.000,350.000
color_6,1.851095353,5.90616635,596.000,347.000
color_6,1.852615246,6.074548596,597.000,344.000
color_6,1.85413514,6.214867134,598.000,341.500
color_6,1.855655033,6.355185672,599.000,339.000
color_6,1.857174926,6.523567917,600.000,336.000
color_6,1.85869482,6.663886455,601.000,333.500
color_6,1.860214713,6.860332409,602.000,330.000
color_6,1.861734606,7.000650947,603.000,327.500
color_6,1.8632545,7.1970969,604.000,324.000
color_6,1.864774393,7.337415438,605.000,321.500
color_6,1.866294286,7.477733976,606.000,319.000
color_6,1.86781418,7.646116221,607.000,316.000
color_6,1.869334073,7.842562175,608.000,312.500
color_6,1.870853966,8.01094442,609.000,309.500
color_6,1.872373859,8.12319925,610.000,307.500
color_6,1.873893753,8.291581496,611.000,304.500
color_6,1.875413646,8.459963742,612.000,301.500
color_6,1.876933539,8.656409695,613.000,298.000
color_6,1.878453433,8.796728233,614.000,295.500
color_6,1.879973326,8.993174186,615.000,292.000
color_6,1.881493219,9.161556432,616.000,289.000
color_6,1.883013113,9.329938677,617.000,286.000
color_6,1.884533006,9.498320923,618.000,283.000
color_6,1.886052899,9.694766876,619.000,279.500
color_6,1.887572792,9.835085414,620.000,277.000
color_6,1.889092686,10.03153137,621.000,273.500
color_6,1.890612579,10.17184991,622.000,271.000
color_6,1.892132472,10.36829586,623.000,267.500
color_6,1.893652366,10.5086144,624.000,265.000
color_6,1.895172259,10.64893293,625.000,262.500
color_6,1.896692152,10.81731518,626.000,259.500
color_6,1.898212046,11.01376113,627.000,256.000
color_6,1.899731939,11.18214338,628.000,253.000
color_6,1.901251832,11.37858933,629.000,249.500
color_6,1.902771725,11.51890787,630.000,247.000
color_6,1.904291619,11.74341753,631.000,243.000
color_6,1.905811512,11.93986348,632.000,239.500
color_6,1.907331405,12.13630944,633.000,236.000
color_6,1.908851299,12.30469168,634.000,233.000
color_6,1.910371192,12.52920134,635.000,229.000
color_6,1.911891085,12.66951988,636.000,226.500
color_6,1.913410979,12.89402954,637.000,222.500
color_6,1.914930872,13.06241179,638.000,219.500
color_6,1.916450765,13.25885774,639.000,216.000
color_6,1.917970659,13.39917628,640.000,213.500
color_6,1.919490552,13.62368594,641.000,209.500
color_6,1.921010445,13.76400448,642.000,207.000
color_6,1.922530338,13.93238672,643.000,204.000
color_6,1.924050232,14.10076897,644.000,201.000
color_6,1.925570125,14.26915121,645.000,198.000
color_6,1.927090018,14.46559717,646.000,194.500
color_6,1.928609912,14.60591571,647.000,192.000
color_6,1.930129805,14.77429795,648.000,189.000
color_6,1.931649698,14.9707439,649.000,185.500
color_6,1.933169592,15.08299873,650.000,183.500
color_6,1.934689485,15.3075084,651.000,179.500
color_6,1.936209378,15.44782693,652.000,177.000
color_6,1.937729271,15.67233659,653.000,173.000
color_6,1.939249165,15.81265513,654.000,170.500
color_6,1.940769058,16.00910109,655.000,167.000
color_6,1.942288951,16.20554704,656.000,163.500
color_6,1.943808845,16.37392928,657.000,160.500
color_6,1.945328738,16.48618411,658.000,158.500
color_6,1.946848631,16.68263007,659.000,155.000
color_6,1.948368525,16.7948849,660.000,153.000
color_6,1.949888418,17.01939456,661.000,149.000
color_6,1.951408311,17.1877768,662.000,146.000
color_6,1.952928205,17.44035017,663.000,141.500
color_6,1.954448098,17.63679613,664.000,138.000
color_6,1.955967991,17.86130579,665.000,134.000
color_6,1.957487884,18.05775174,666.000,130.500
color_6,1.959007778,18.36645252,667.000,125.000
color_6,1.960527671,18.61902589,668.000,120.500
color_6,1.962047564,18.92772668,669.000,115.000
color_6,1.963567458,19.15223634,670.000,111.000
color_6,1.965087351,19.376746,671.000,107.000
color_6,1.966607244,19.51706453,672.000,104.500
color_6,1.968127138,19.68544678,673.000,101.500
color_6,1.969647031,19.85382903,674.000,98.500
color_6,1.971166924,20.02221127,675.000,95.500
color_6,1.972686817,20.19059352,676.000,92.500
color_6,1.974206711,20.47123059,677.000,87.500
color_6,1.975726604,20.66767655,678.000,84.000
color_6,1.977246497,20.94831362,679.000,79.000
color_6,1.978766391,21.14475958,680.000,75.500
color_6,1.980286284,21.42539665,681.000,70.500
color_6,1.981806177,21.5937789,682.000,67.500
color_6,1.983326071,21.87441597,683.000,62.500
color_6,1.984845964,22.07086193,684.000,59.000
color_6,1.986365857,22.32343529,685.000,54.500
color_6,1.987885751,22.46375383,686.000,52.000
color_6,1.989405644,22.60407237,687.000,49.500
color_6,1.990925537,22.74439091,688.000,47.000
color_6,1.99244543,22.91277315,689.000,44.000
color_6,1.993965324,23.02502798,690.000,42.000
color_6,1.995485217,23.19341023,691.000,39.000
color_6,1.99700511,23.36179248,692.000,36.000
color_6,1.998525004,23.53017472,693.000,33.000
color_6,2.000044897,23.69855697,694.000,30.000
color_6,2.00156479,23.78274809,695.000,28.500
color_6,2.003084684,23.86693921,696.000,27.000
color_6,2.004604577,23.92306663,697.000,26.000
color_6,2.00612447,23.97919404,698.000,25.000
color_6,2.007644363,24.06338517,699.000,23.500
color_7,1.165623473,20.83605879,145.000,81.000
color_7,1.167143366,20.83605879,146.000,81.000
color_7,1.16866326,20.83605879,147.000,81.000
color_7,1.170183153,20.83605879,148.000,81.000
color_7,1.171703046,20.83605879,149.000,81.000
color_7,1.17322294,20.83605879,150.000,81.000
color_7,1.174742833,20.83605879,151.000,81.000
color_7,1.176262726,20.83605879,152.000,81.000
color_7,1.17778262,20.83605879,153.000,81.000
color_7,1.179302513,20.83605879,154.000,81.000
color_7,1.180822406,20.83605879,155.000,81.000
color_7,1.1823423,20.83605879,156.000,81.000
color_7,1.183862193,20.83605879,157.000,81.000
color_7,1.185382086,20.83605879,158.000,81.000
color_7,1.186901979,20.83605879,159.000,81.000
color_7,1.188421873,20.83605879,160.000,81.000
color_7,1.189941766,20.83605879,161.000,81.000
color_7,1.191461659,20.83605879,162.000,81.000
color_7,1.192981553,20.83605879,163.000,81.000
color_7,1.194501446,20.83605879,164.000,81.000
color_7,1.196021339,20.83605879,165.000,81.000
color_7,1.197541233,20.83605879,166.000,81.000
color_7,1.199061126,20.83605879,167.000,81.000
color_7,1.200581019,20.83605879,168.000,81.000
color_7,1.202100912,20.83605879,169.000,81.000
color_7,1.203620806,20.83605879,170.000,81.000
color_7,1.205140699,20.83605879,171.000,81.000
color_7,1.206660592,20.83605879,172.000,81.000
color_7,1.208180486,20.83605879,173.000,81.000
color_7,1.209700379,20.83605879,174.000,81.000
color_7,1.211220272,20.83605879,175.000,81.000
color_7,1.212740166,20.83605879,176.000,81.000
color_7,1.214260059,20.83605879,177.000,81.000
color_7,1.215779952,20.83605879,178.000,81.000
color_7,1.217299846,20.83605879,179.000,81.000
color_7,1.218819739,20.83605879,180.000,81.000
color_7,1.220339632,20.83605879,181.000,81.000
color_7,1.221859525,20.83605879,182.000,81.000
color_7,1.223379419,20.83605879,183.000,81.000
color_7,1.224899312,20.83605879,184.000,81.000
color_7,1.226419205,20.83605879,185.000,81.000
color_7,1.227939099,20.83605879,186.000,81.000
color_7,1.229458992,20.83605879,187.000,81.000
color_7,1.230978885,20.83605879,188.000,81.000
color_7,1.232498779,20.83605879,189.000,81.000
color_7,1.234018672,20.83605879,190.000,81.000
color_7,1.235538565,20.83605879,191.000,81.000
color_7,1.237058458,20.83605879,192.000,81.000
color_7,1.238578352,20.83605879,193.000,81.000
color_7,1.240098245,20.83605879,194.000,81.000
color_7,1.241618138,20.83605879,195.000,81.000
color_7,1.243138032,20.83605879,196.000,81.000
color_7,1.244657925,20.83605879,197.000,81.000
color_7,1.246177818,20.83605879,198.000,81.000
color_7,1.247697712,20.83605879,199.000,81.000
color_7,1.249217605,20.83605879,200.000,81.000
color_7,1.250737498,20.83605879,201.000,81.000
color_7,1.252257391,20.83605879,202.000,81.000
color_7,1.253777285,20.83605879,203.000,81.000
color_7,1.255297178,20.83605879,204.000,81.000
color_7,1.256817071,20.83605879,205.000,81.000
color_7,1.258336965,20.83605879,206.000,81.000
color_7,1.414885975,0.910826398,309.000,436.000
color_7,1.416405868,0.910826398,310.000,436.000
color_7,1.417925762,0.910826398,311.000,436.000
color_7,1.419445655,0.910826398,312.000,436.000
color_7,1.420965548,0.910826398,313.000,436.000
color_7,1.422485442,0.9669538132,314.000,435.000
color_7,1.424005335,0.9669538132,315.000,435.000
color_7,1.425525228,0.9669538132,316.000,435.000
color_7,1.427045121,0.9669538132,317.000,435.000
color_7,1.428565015,0.9669538132,318.000,435.000
color_7,1.430084908,0.9669538132,319.000,435.000
color_7,1.431604801,0.9669538132,320.000,435.000
color_7,1.433124695,0.9669538132,321.000,435.000
color_7,1.434644588,0.9669538132,322.000,435.000
color_7,1.436164481,0.9669538132,323.000,435.000
color_7,1.437684375,0.9669538132,324.000,435.000
color_7,1.439204268,0.9669538132,325.000,435.000
color_7,1.440724161,0.9669538132,326.000,435.000
color_7,1.442244054,0.9669538132,327.000,435.000
color_7,1.443763948,0.9669538132,328.000,435.000
color_7,1.650469437,1.47210055,464.000,426.000
color_7,1.65198933,1.47210055,465.000,426.000
color_7,1.653509224,1.47210055,466.000,426.000
color_7,1.655029117,1.47210055,467.000,426.000
color_7,1.65654901,1.47210055,468.000,426.000
color_7,1.658068904,1.47210055,469.000,426.000
color_7,1.659588797,1.47210055,470.000,426.000
color_7,1.66110869,1.47210055,471.000,426.000
color_7,1.662628584,1.47210055,472.000,426.000
color_7,1.664148477,1.47210055,473.000,426.000
color_7,1.66566837,1.47210055,474.000,426.000
color_7,1.667188263,1.47210055,475.000,426.000
color_7,1.668708157,1.47210055,476.000,426.000
color_7,1.67022805,1.47210055,477.000,426.000
color_7,1.671747943,1.47210055,478.000,426.000
color_7,1.673267837,1.47210055,479.000,426.000
color_7,1.67478773,1.47210055,480.000,426.000
color_7,1.676307623,1.47210055,481.000,426.000
color_7,1.677827517,1.47210055,482.000,426.000
color_7,1.67934741,1.47210055,483.000,426.000
color_7,1.680867303,1.47210055,484.000,426.000
color_7,1.682387196,1.331782012,485.000,428.500
color_7,1.68390709,1.331782012,486.000,428.500
color_7,1.685426983,1.331782012,487.000,428.500
color_7,1.686946876,1.331782012,488.000,428.500
color_7,1.68846677,1.331782012,489.000,428.500
color_7,1.689986663,1.331782012,490.000,428.500
color_7,1.691506556,1.331782012,491.000,428.500
color_7,1.69302645,1.331782012,492.000,428.500
color_7,1.694546343,1.331782012,493.000,428.500
color_7,1.696066236,1.331782012,494.000,428.500
color_7,1.697586129,1.331782012,495.000,428.500
color_7,1.699106023,1.331782012,496.000,428.500
color_7,1.700625916,1.331782012,497.000,428.500
color_7,1.702145809,1.331782012,498.000,428.500
color_7,1.703665703,1.191463474,499.000,431.000
color_7,1.705185596,1.35984572,500.000,428.000
color_7,1.706705489,1.35984572,501.000,428.000
color_7,1.708225383,1.35984572,502.000,428.000
color_7,1.709745276,1.35984572,503.000,428.000
color_7,1.711265169,1.135336059,504.000,432.000
color_7,1.712785063,1.35984572,505.000,428.000
color_7,1.714304956,1.35984572,506.000,428.000
color_7,1.715824849,1.35984572,507.000,428.000
color_7,1.717344742,1.35984572,508.000,428.000
color_7,1.718864636,1.35984572,509.000,428.000
color_7,1.720384529,1.35984572,510.000,428.000
color_7,1.721904422,1.35984572,511.000,428.000
color_7,1.723424316,1.35984572,512.000,428.000
color_7,1.724944209,1.35984572,513.000,428.000
color_7,1.726464102,1.35984572,514.000,428.000
color_7,1.727983996,1.528227965,515.000,425.000
color_7,1.729503889,1.528227965,516.000,425.000
color_7,1.731023782,1.528227965,517.000,425.000
color_7,1.732543675,1.528227965,518.000,425.000
color_7,1.734063569,1.528227965,519.000,425.000
color_7,1.735583462,1.528227965,520.000,425.000
color_8,1.162583687,15.19525356,143.000,181.500
color_8,1.16410358,15.19525356,144.000,181.500
color_8,1.165623473,15.16718986,145.000,182.000
color_8,1.167143366,15.16718986,146.000,182.000
color_8,1.16866326,15.16718986,147.000,182.000
color_8,1.170183153,15.16718986,148.000,182.000
color_8,1.171703046,15.16718986,149.000,182.000
color_8,1.17322294,15.16718986,150.000,182.000
color_8,1.174742833,15.16718986,151.000,182.000
color_8,1.176262726,15.16718986,152.000,182.000
color_8,1.17778262,15.16718986,153.000,182.000
color_8,1.179302513,15.16718986,154.000,182.000
color_8,1.180822406,15.16718986,155.000,182.000
color_8,1.1823423,15.16718986,156.000,182.000
color_8,1.183862193,15.16718986,157.000,182.000
color_8,1.185382086,15.16718986,158.000,182.000
color_8,1.186901979,15.16718986,159.000,182.000
color_8,1.188421873,15.16718986,160.000,182.000
color_8,1.189941766,0.7985715676,161.000,438.000
color_8,1.191461659,0.7985715676,162.000,438.000
color_8,1.192981553,0.7985715676,163.000,438.000
color_8,1.194501446,0.7985715676,164.000,438.000
color_8,1.196021339,0.7985715676,165.000,438.000
color_8,1.197541233,0.7985715676,166.000,438.000
color_8,1.199061126,0.7985715676,167.000,438.000
color_8,1.200581019,0.7985715676,168.000,438.000
color_8,1.202100912,0.7985715676,169.000,438.000
color_8,1.203620806,0.7985715676,170.000,438.000
color_8,1.205140699,0.7985715676,171.000,438.000
color_8,1.206660592,0.7985715676,172.000,438.000
color_8,1.208180486,0.7985715676,173.000,438.000
color_8,1.209700379,0.7985715676,174.000,438.000
color_8,1.211220272,0.7985715676,175.000,438.000
color_8,1.212740166,0.7985715676,176.000,438.000
color_8,1.214260059,0.7985715676,177.000,438.000
color_8,1.215779952,0.7985715676,178.000,438.000
color_8,1.217299846,0.7985715676,179.000,438.000
color_8,1.218819739,0.7985715676,180.000,438.000
color_8,1.220339632,0.7985715676,181.000,438.000
color_8,1.221859525,0.7985715676,182.000,438.000
color_8,1.223379419,0.7985715676,183.000,438.000
color_8,1.224899312,0.7985715676,184.000,438.000
color_8,1.226419205,0.7985715676,185.000,438.000
color_8,1.227939099,0.7985715676,186.000,438.000
color_8,1.229458992,0.7985715676,187.000,438.000
color_8,1.230978885,0.7985715676,188.000,438.000
color_8,1.232498779,0.7985715676,189.000,438.000
color_8,1.234018672,0.7985715676,190.000,438.000
color_8,1.235538565,0.7985715676,191.000,438.000
color_8,1.237058458,0.7985715676,192.000,438.000
color_8,1.238578352,0.7985715676,193.000,438.000
color_8,1.240098245,0.7985715676,194.000,438.000
color_8,1.241618138,0.7985715676,195.000,438.000
color_8,1.243138032,0.7985715676,196.000,438.000
color_8,1.244657925,0.7985715676,197.000,438.000
color_8,1.246177818,7.954817005,198.000,310.500
color_8,1.247697712,7.954817005,199.000,310.500
color_8,1.249217605,7.954817005,200.000,310.500
color_8,1.250737498,0.7985715676,201.000,438.000
color_8,1.252257391,7.954817005,202.000,310.500
color_8,1.253777285,15.11106244,203.000,183.000
color_8,1.255297178,15.11106244,204.000,183.000
color_8,1.256817071,15.11106244,205.000,183.000
color_8,1.258336965,15.13912615,206.000,182.500
color_8,1.259856858,15.13912615,207.000,182.500
color_8,1.261376751,0.7424441524,208.000,439.000
color_8,1.262896645,0.7424441524,209.000,439.000
color_8,1.264416538,0.7424441524,210.000,439.000
color_8,1.265936431,0.7424441524,211.000,439.000
color_8,1.267456325,0.7424441524,212.000,439.000
color_8,1.268976218,0.7424441524,213.000,439.000
color_8,1.270496111,0.7424441524,214.000,439.000
color_8,1.272016004,0.7424441524,215.000,439.000
color_8,1.273535898,0.7424441524,216.000,439.000
color_8,1.275055791,0.7424441524,217.000,439.000
color_8,1.276575684,0.7424441524,218.000,439.000
color_8,1.278095578,0.7424441524,219.000,439.000
color_8,1.279615471,0.7424441524,220.000,439.000
color_8,1.281135364,0.7424441524,221.000,439.000
color_8,1.282655258,0.7424441524,222.000,439.000
color_8,1.284175151,0.7424441524,223.000,439.000
color_8,1.285695044,0.7424441524,224.000,439.000
color_8,1.287214937,0.7424441524,225.000,439.000
color_8,1.288734831,0.7424441524,226.000,439.000
color_8,1.290254724,0.7424441524,227.000,439.000
color_8,1.291774617,0.7424441524,228.000,439.000
color_8,1.293294511,0.7424441524,229.000,439.000
color_8,1.294814404,0.7424441524,230.000,439.000
color_8,1.296334297,0.7424441524,231.000,439.000
color_8,1.297854191,0.7424441524,232.000,439.000
color_8,1.299374084,0.7424441524,233.000,439.000
color_8,1.300893977,0.7424441524,234.000,439.000
color_8,1.302413871,0.7424441524,235.000,439.000
color_8,1.303933764,0.7424441524,236.000,439.000
color_8,1.305453657,0.7424441524,237.000,439.000
color_8,1.30697355,0.7424441524,238.000,439.000
color_8,1.308493444,0.7424441524,239.000,439.000
color_8,1.310013337,0.7424441524,240.000,439.000
color_8,1.31153323,0.7424441524,241.000,439.000
color_8,1.313053124,0.7424441524,242.000,439.000
color_8,1.314573017,0.7424441524,243.000,439.000
color_8,1.31609291,0.7424441524,244.000,439.000
color_8,1.317612804,0.7424441524,245.000,439.000
color_8,1.319132697,0.7424441524,246.000,439.000
color_8,1.32065259,0.7424441524,247.000,439.000
color_8,1.322172483,0.7424441524,248.000,439.000
color_8,1.323692377,0.7424441524,249.000,439.000
color_8,1.32521227,0.7143804448,250.000,439.500
color_8,1.326732163,0.7424441524,251.000,439.000
color_8,1.328252057,0.7424441524,252.000,439.000
color_8,1.32977195,0.7424441524,253.000,439.000
color_8,1.331291843,0.7424441524,254.000,439.000
color_8,1.332811737,0.7424441524,255.000,439.000
color_8,1.33433163,0.7424441524,256.000,439.000
color_8,1.335851523,0.7424441524,257.000,439.000
color_8,1.337371416,0.7424441524,258.000,439.000
color_8,1.33889131,0.7424441524,259.000,439.000
color_8,1.340411203,0.7424441524,260.000,439.000
color_8,1.341931096,0.7424441524,261.000,439.000
color_8,1.34345099,0.7424441524,262.000,439.000
color_8,1.344970883,0.7424441524,263.000,439.000
color_8,1.346490776,0.7424441524,264.000,439.000
color_8,1.34801067,0.7424441524,265.000,439.000
color_8,1.349530563,0.7424441524,266.000,439.000
color_8,1.351050456,0.7424441524,267.000,439.000
color_8,1.35257035,0.7424441524,268.000,439.000
color_8,1.354090243,0.7424441524,269.000,439.000
color_8,1.355610136,0.7424441524,270.000,439.000
color_8,1.357130029,0.7424441524,271.000,439.000
color_8,1.358649923,0.7424441524,272.000,439.000
color_8,1.360169816,0.7424441524,273.000,439.000
color_8,1.361689709,0.7424441524,274.000,439.000
color_8,1.363209603,0.7424441524,275.000,439.000
color_8,1.364729496,0.7424441524,276.000,439.000
color_8,1.366249389,0.7424441524,277.000,439.000
color_8,1.367769283,0.7424441524,278.000,439.000
color_8,1.369289176,0.7424441524,279.000,439.000
color_8,1.370809069,0.7424441524,280.000,439.000
color_8,1.372328962,0.7424441524,281.000,439.000
color_8,1.373848856,0.7424441524,282.000,439.000
color_8,1.375368749,0.7424441524,283.000,439.000
color_8,1.376888642,0.7424441524,284.000,439.000
color_8,1.378408536,0.7424441524,285.000,439.000
color_8,1.379928429,0.7424441524,286.000,439.000
color_8,1.381448322,0.7424441524,287.000,439.000
color_8,1.382968216,0.7424441524,288.000,439.000
color_8,1.384488109,0.7424441524,289.000,439.000
color_8,1.386008002,0.7424441524,290.000,439.000
color_8,1.387527896,0.7424441524,291.000,439.000
color_8,1.389047789,0.7424441524,292.000,439.000
color_8,1.390567682,0.7424441524,293.000,439.000
color_8,1.392087575,0.7424441524,294.000,439.000
color_8,1.393607469,0.7424441524,295.000,439.000
color_8,1.395127362,0.7424441524,296.000,439.000
color_8,1.396647255,0.7424441524,297.000,439.000
color_8,1.398167149,0.7424441524,298.000,439.000
color_8,1.399687042,0.7424441524,299.000,439.000
color_8,1.401206935,0.7424441524,300.000,439.000
color_8,1.402726829,0.7424441524,301.000,439.000
color_8,1.404246722,0.7424441524,302.000,439.000
color_8,1.405766615,0.7424441524,303.000,439.000
color_8,1.407286508,0.7424441524,304.000,439.000
color_8,1.408806402,0.7424441524,305.000,439.000
color_8,1.410326295,0.7424441524,306.000,439.000
color_8,1.411846188,0.7424441524,307.000,439.000
color_8,1.413366082,0.7424441524,308.000,439.000
color_8,1.414885975,0.7424441524,309.000,439.000
color_8,1.416405868,0.7424441524,310.000,439.000
color_8,1.417925762,0.7424441524,311.000,439.000
color_8,1.419445655,0.7424441524,312.000,439.000
color_8,1.420965548,0.7143804448,313.000,439.500
color_8,1.422485442,0.7143804448,314.000,439.500
color_8,1.424005335,0.7143804448,315.000,439.500
color_8,1.425525228,0.7143804448,316.000,439.500
color_8,1.427045121,0.7143804448,317.000,439.500
color_8,1.428565015,0.7143804448,318.000,439.500
color_8,1.430084908,0.7143804448,319.000,439.500
color_8,1.431604801,0.7143804448,320.000,439.500
color_8,1.433124695,0.7143804448,321.000,439.500
color_8,1.434644588,0.7143804448,322.000,439.500
color_8,1.436164481,0.7143804448,323.000,439.500
color_8,1.437684375,0.7143804448,324.000,439.500
color_8,1.439204268,0.7143804448,325.000,439.500
color_8,1.440724161,0.7143804448,326.000,439.500
color_8,1.442244054,0.7143804448,327.000,439.500
color_8,1.443763948,0.7143804448,328.000,439.500
color_8,1.445283841,0.7143804448,329.000,439.500
color_8,1.446803734,0.7143804448,330.000,439.500
color_8,1.448323628,0.7143804448,331.000,439.500
color_8,1.449843521,0.7143804448,332.000,439.500
color_8,1.451363414,0.7143804448,333.000,439.500
color_8,1.452883308,0.7143804448,334.000,439.500
color_8,1.454403201,0.7424441524,335.000,439.000
color_8,1.455923094,0.7424441524,336.000,439.000
color_8,1.457442987,0.7424441524,337.000,439.000
color_8,1.458962881,0.7424441524,338.000,439.000
color_8,1.460482774,0.7143804448,339.000,439.500
color_8,1.462002667,0.7143804448,340.000,439.500
color_8,1.463522561,0.7143804448,341.000,439.500
color_8,1.465042454,0.7143804448,342.000,439.500
color_8,1.466562347,0.7143804448,343.000,439.500
color_8,1.468082241,0.7143804448,344.000,439.500
color_8,1.469602134,0.7143804448,345.000,439.500
color_8,1.471122027,0.7143804448,346.000,439.500
color_8,1.472641921,0.7143804448,347.000,439.500
color_8,1.474161814,0.7143804448,348.000,439.500
color_8,1.475681707,0.7143804448,349.000,439.500
color_8,1.4772016,0.7143804448,350.000,439.500
color_8,1.478721494,0.7143804448,351.000,439.500
color_8,1.480241387,0.7143804448,352.000,439.500
color_8,1.48176128,0.7143804448,353.000,439.500
color_8,1.483281174,0.7143804448,354.000,439.500
color_8,1.484801067,0.7143804448,355.000,439.500
color_8,1.48632096,0.7143804448,356.000,439.500
color_8,1.487840854,0.7143804448,357.000,439.500
color_8,1.489360747,0.7143804448,358.000,439.500
color_8,1.49088064,0.7143804448,359.000,439.500
color_8,1.492400533,0.7143804448,360.000,439.500
color_8,1.493920427,0.7143804448,361.000,439.500
color_8,1.49544032,0.7143804448,362.000,439.500
color_8,1.496960213,0.7143804448,363.000,439.500
color_8,1.498480107,0.7143804448,364.000,439.500
color_8,1.5,0.7143804448,365.000,439.500
color_8,1.501519893,0.7143804448,366.000,439.500
color_8,1.503039787,0.7143804448,367.000,439.500
color_8,1.50455968,0.7143804448,368.000,439.500
color_8,1.506079573,0.7143804448,369.000,439.500
color_8,1.507599467,0.7143804448,370.000,439.500
color_8,1.50911936,0.7143804448,371.000,439.500
color_8,1.510639253,0.7143804448,372.000,439.500
color_8,1.512159146,0.7143804448,373.000,439.500
color_8,1.51367904,0.7143804448,374.000,439.500
color_8,1.515198933,0.7143804448,375.000,439.500
color_8,1.516718826,0.7143804448,376.000,439.500
color_8,1.51823872,0.7143804448,377.000,439.500
color_8,1.519758613,0.7143804448,378.000,439.500
color_8,1.521278506,0.7143804448,379.000,439.500
color_8,1.5227984,0.7143804448,380.000,439.500
color_8,1.524318293,0.7143804448,381.000,439.500
color_8,1.525838186,0.7143804448,382.000,439.500
color_8,1.527358079,0.7143804448,383.000,439.500
color_8,1.528877973,0.7143804448,384.000,439.500
color_8,1.530397866,0.7143804448,385.000,439.500
color_8,1.531917759,0.7143804448,386.000,439.500
color_8,1.533437653,0.7143804448,387.000,439.500
color_8,1.534957546,0.7143804448,388.000,439.500
color_8,1.536477439,0.6582530296,389.000,440.500
color_8,1.537997333,0.6582530296,390.000,440.500
color_8,1.539517226,0.6582530296,391.000,440.500
color_8,1.541037119,0.6582530296,392.000,440.500
color_8,1.542557013,0.6582530296,393.000,440.500
color_8,1.544076906,0.6582530296,394.000,440.500
color_8,1.545596799,0.6582530296,395.000,440.500
color_8,1.547116692,0.6582530296,396.000,440.500
color_8,1.548636586,0.7143804448,397.000,439.500
color_8,1.550156479,0.7143804448,398.000,439.500
color_8,1.551676372,0.7143804448,399.000,439.500
color_8,1.553196266,0.7143804448,400.000,439.500
color_8,1.554716159,0.7143804448,401.000,439.500
color_8,1.556236052,0.7143804448,402.000,439.500
color_8,1.557755946,0.7424441524,403.000,439.000
color_8,1.559275839,0.7424441524,404.000,439.000
color_8,1.560795732,0.7424441524,405.000,439.000
color_8,1.562315625,0.7424441524,406.000,439.000
color_8,1.563835519,0.7424441524,407.000,439.000
color_8,1.565355412,0.7143804448,408.000,439.500
color_8,1.566875305,0.7143804448,409.000,439.500
color_8,1.568395199,0.7143804448,410.000,439.500
color_8,1.569915092,0.6863167372,411.000,440.000
color_8,1.571434985,0.6863167372,412.000,440.000
color_8,1.572954879,0.6863167372,413.000,440.000
color_8,1.574474772,0.7424441524,414.000,439.000
color_8,1.575994665,0.6582530296,415.000,440.500
color_8,1.577514558,0.6582530296,416.000,440.500
color_8,1.579034452,0.6582530296,417.000,440.500
color_8,1.580554345,0.6582530296,418.000,440.500
color_8,1.582074238,0.7143804448,419.000,439.500
color_8,1.583594132,0.7424441524,420.000,439.000
color_8,1.585114025,0.7143804448,421.000,439.500
color_8,1.586633918,0.7143804448,422.000,439.500
color_8,1.588153812,0.7143804448,423.000,439.500
color_8,1.589673705,0.7143804448,424.000,439.500
color_8,1.591193598,0.7143804448,425.000,439.500
color_8,1.592713492,0.7143804448,426.000,439.500
color_8,1.594233385,0.7143804448,427.000,439.500
color_8,1.595753278,0.7143804448,428.000,439.500
color_8,1.597273171,0.7143804448,429.000,439.500
color_8,1.598793065,0.7143804448,430.000,439.500
color_8,1.600312958,0.7143804448,431.000,439.500
color_8,1.601832851,0.7143804448,432.000,439.500
color_8,1.603352745,0.7143804448,433.000,439.500
color_8,1.604872638,0.7143804448,434.000,439.500
color_8,1.606392531,0.7143804448,435.000,439.500
color_8,1.607912425,0.7143804448,436.000,439.500
color_8,1.609432318,0.7143804448,437.000,439.500
color_8,1.610952211,0.7143804448,438.000,439.500
color_8,1.612472104,0.7143804448,439.000,439.500
color_8,1.613991998,0.7143804448,440.000,439.500
color_8,1.615511891,0.7143804448,441.000,439.500
color_8,1.617031784,0.7143804448,442.000,439.500
color_8,1.618551678,0.7143804448,443.000,439.500
color_8,1.620071571,0.7143804448,444.000,439.500
color_8,1.621591464,0.7143804448,445.000,439.500
color_8,1.623111358,0.7143804448,446.000,439.500
color_8,1.624631251,0.7143804448,447.000,439.500
color_8,1.626151144,0.7143804448,448.000,439.500
color_8,1.627671038,0.7143804448,449.000,439.500
color_8,1.629190931,0.7143804448,450.000,439.500
color_8,1.630710824,0.7143804448,451.000,439.500
color_8,1.632230717,0.7424441524,452.000,439.000
color_8,1.633750611,0.7424441524,453.000,439.000
color_8,1.635270504,0.7424441524,454.000,439.000
color_8,1.636790397,0.7424441524,455.000,439.000
color_8,1.638310291,0.7424441524,456.000,439.000
color_8,1.639830184,0.7424441524,457.000,439.000
color_8,1.641350077,0.7424441524,458.000,439.000
color_8,1.642869971,0.7424441524,459.000,439.000
color_8,1.644389864,0.7424441524,460.000,439.000
color_8,1.645909757,0.7424441524,461.000,439.000
color_8,1.64742965,0.7424441524,462.000,439.000
color_8,1.648949544,0.7424441524,463.000,439.000
color_8,1.650469437,0.7424441524,464.000,439.000
color_8,1.65198933,0.7424441524,465.000,439.000
color_8,1.653509224,0.7424441524,466.000,439.000
color_8,1.655029117,0.7424441524,467.000,439.000
color_8,1.65654901,0.77050786,468.000,438.500
color_8,1.658068904,0.6863167372,469.000,440.000
color_8,1.659588797,0.6863167372,470.000,440.000
color_8,1.66110869,0.6863167372,471.000,440.000
color_8,1.662628584,0.77050786,472.000,438.500
color_8,1.664148477,0.7985715676,473.000,438.000
color_8,1.66566837,0.7985715676,474.000,438.000
color_8,1.667188263,0.8266352752,475.000,437.500
color_8,1.668708157,0.8266352752,476.000,437.500
color_8,1.67022805,0.8266352752,477.000,437.500
color_8,1.671747943,0.8266352752,478.000,437.500
color_8,1.673267837,0.8266352752,479.000,437.500
color_8,1.67478773,0.8266352752,480.000,437.500
color_8,1.676307623,0.8266352752,481.000,437.500
color_8,1.677827517,0.8266352752,482.000,437.500
color_8,1.67934741,0.8266352752,483.000,437.500
color_8,1.680867303,0.8546989828,484.000,437.000
color_8,1.682387196,0.8546989828,485.000,437.000
color_8,1.68390709,0.8546989828,486.000,437.000
color_8,1.685426983,0.8546989828,487.000,437.000
color_8,1.686946876,0.8546989828,488.000,437.000
color_8,1.68846677,0.8546989828,489.000,437.000
color_8,1.689986663,0.8546989828,490.000,437.000
color_8,1.691506556,0.8546989828,491.000,437.000
color_8,1.69302645,0.8546989828,492.000,437.000
color_8,1.694546343,0.8546989828,493.000,437.000
color_8,1.696066236,0.8546989828,494.000,437.000
color_8,1.697586129,0.8546989828,495.000,437.000
color_8,1.699106023,0.8266352752,496.000,437.500
color_8,1.700625916,0.8266352752,497.000,437.500
color_8,1.702145809,0.8266352752,498.000,437.500
color_8,1.703665703,0.8266352752,499.000,437.500
color_8,1.705185596,0.8266352752,500.000,437.500
color_8,1.706705489,0.8266352752,501.000,437.500
color_8,1.708225383,0.8266352752,502.000,437.500
color_8,1.709745276,0.8266352752,503.000,437.500
color_8,1.711265169,0.8266352752,504.000,437.500
color_8,1.712785063,0.8266352752,505.000,437.500
color_8,1.714304956,0.8266352752,506.000,437.500
color_8,1.715824849,0.8266352752,507.000,437.500
color_8,1.717344742,0.8266352752,508.000,437.500
color_8,1.718864636,0.8266352752,509.000,437.500
color_8,1.720384529,0.8266352752,510.000,437.500
color_8,1.721904422,0.8266352752,511.000,437.500
color_8,1.723424316,0.8266352752,512.000,437.500
color_8,1.724944209,0.8266352752,513.000,437.500
color_8,1.726464102,0.8266352752,514.000,437.500
color_8,1.727983996,0.8266352752,515.000,437.500
color_8,1.729503889,0.8266352752,516.000,437.500
color_8,1.731023782,0.8266352752,517.000,437.500
color_8,1.732543675,0.8266352752,518.000,437.500
color_8,1.734063569,0.8266352752,519.000,437.500
color_8,1.735583462,0.8266352752,520.000,437.500
color_8,1.737103355,0.8266352752,521.000,437.500
color_8,1.738623249,0.8266352752,522.000,437.500
color_8,1.740143142,0.8266352752,523.000,437.500
color_8,1.741663035,0.8266352752,524.000,437.500
color_8,1.743182929,0.8266352752,525.000,437.500
color_8,1.744702822,0.8266352752,526.000,437.500
color_8,1.746222715,0.8266352752,527.000,437.500
color_8,1.747742609,0.8266352752,528.000,437.500
color_8,1.749262502,0.8266352752,529.000,437.500
color_8,1.750782395,0.8266352752,530.000,437.500
color_8,1.752302288,0.8266352752,531.000,437.500
color_8,1.753822182,0.8266352752,532.000,437.500
color_8,1.755342075,0.8266352752,533.000,437.500
color_8,1.756861968,0.8266352752,534.000,437.500
color_8,1.758381862,0.8266352752,535.000,437.500
color_8,1.759901755,0.8266352752,536.000,437.500
color_8,1.761421648,0.8266352752,537.000,437.500
color_8,1.762941542,0.8266352752,538.000,437.500
color_8,1.764461435,0.8266352752,539.000,437.500
color_8,1.765981328,0.8266352752,540.000,437.500
color_8,1.767501221,0.8266352752,541.000,437.500
color_8,1.769021115,0.8266352752,542.000,437.500
color_8,1.770541008,0.8266352752,543.000,437.500
color_8,1.772060901,0.8266352752,544.000,437.500
color_8,1.773580795,0.8266352752,545.000,437.500
color_8,1.775100688,0.8266352752,546.000,437.500
color_8,1.776620581,0.8266352752,547.000,437.500
color_8,1.778140475,0.8266352752,548.000,437.500
color_8,1.779660368,0.8266352752,549.000,437.500
color_8,1.781180261,0.8266352752,550.000,437.500
color_8,1.782700154,0.8266352752,551.000,437.500
color_8,1.784220048,0.8266352752,552.000,437.500
color_8,1.785739941,0.8266352752,553.000,437.500
color_8,1.787259834,0.7985715676,554.000,438.000
color_8,1.788779728,0.7985715676,555.000,438.000
color_8,1.790299621,0.7985715676,556.000,438.000
color_8,1.791819514,0.7985715676,557.000,438.000
color_8,1.793339408,0.7985715676,558.000,438.000
color_8,1.794859301,0.7985715676,559.000,438.000
color_8,1.796379194,0.7985715676,560.000,438.000
color_8,1.797899088,0.7985715676,561.000,438.000
color_8,1.799418981,0.7985715676,562.000,438.000
color_8,1.800938874,0.7985715676,563.000,438.000
color_8,1.802458767,0.7985715676,564.000,438.000
color_8,1.803978661,0.7985715676,565.000,438.000
color_8,1.805498554,0.7985715676,566.000,438.000
color_8,1.807018447,0.7985715676,567.000,438.000
color_8,1.808538341,0.7985715676,568.000,438.000
color_8,1.810058234,0.7985715676,569.000,438.000
color_8,1.811578127,0.7985715676,570.000,438.000
color_8,1.813098021,0.8266352752,571.000,437.500
color_8,1.814617914,0.8266352752,572.000,437.500
color_8,1.816137807,0.8266352752,573.000,437.500
color_8,1.8176577,0.8266352752,574.000,437.500
color_8,1.819177594,0.910826398,575.000,436.000
color_8,1.820697487,0.910826398,576.000,436.000
color_8,1.82221738,0.910826398,577.000,436.000
color_8,1.823737274,0.910826398,578.000,436.000
color_8,1.825257167,0.8827626904,579.000,436.500
color_8,1.82677706,0.8827626904,580.000,436.500
color_8,1.828296954,0.8546989828,581.000,437.000
color_8,1.829816847,0.8546989828,582.000,437.000
color_8,1.83133674,0.8266352752,583.000,437.500
color_8,1.832856634,0.8266352752,584.000,437.500
color_8,1.834376527,0.8266352752,585.000,437.500
color_8,1.83589642,0.8546989828,586.000,437.000
color_8,1.837416313,0.8546989828,587.000,437.000
color_8,1.838936207,0.8546989828,588.000,437.000
color_8,1.8404561,0.8546989828,589.000,437.000
color_8,1.841975993,0.8546989828,590.000,437.000
color_8,1.843495887,0.8546989828,591.000,437.000
color_8,1.84501578,0.910826398,592.000,436.000
color_8,1.846535673,0.910826398,593.000,436.000
color_8,1.848055567,0.910826398,594.000,436.000
color_8,1.84957546,0.7985715676,595.000,438.000
color_8,1.851095353,0.7985715676,596.000,438.000
color_8,1.852615246,0.7985715676,597.000,438.000
color_8,1.85413514,0.910826398,598.000,436.000
color_8,1.855655033,1.023081228,599.000,434.000
color_8,1.857174926,0.9388901056,600.000,435.500
color_8,1.85869482,0.9669538132,601.000,435.000
color_8,1.860214713,0.9669538132,602.000,435.000
color_8,1.861734606,0.9669538132,603.000,435.000
color_8,1.8632545,0.9669538132,604.000,435.000
color_8,1.864774393,0.9669538132,605.000,435.000
color_8,1.866294286,0.9388901056,606.000,435.500
color_8,1.86781418,0.9950175208,607.000,434.500
color_8,1.869334073,1.023081228,608.000,434.000
color_8,1.870853966,1.023081228,609.000,434.000
color_8,1.872373859,1.023081228,610.000,434.000
color_8,1.873893753,1.051144936,611.000,433.500
color_8,1.875413646,1.079208644,612.000,433.000
color_8,1.876933539,1.079208644,613.000,433.000
color_8,1.878453433,1.079208644,614.000,433.000
color_8,1.879973326,1.135336059,615.000,432.000
color_8,1.881493219,1.135336059,616.000,432.000
color_8,1.883013113,1.135336059,617.000,432.000
color_8,1.884533006,1.191463474,618.000,431.000
color_8,1.886052899,1.191463474,619.000,431.000
color_8,1.887572792,1.191463474,620.000,431.000
color_8,1.889092686,1.247590889,621.000,430.000
color_8,1.890612579,1.275654597,622.000,429.500
color_8,1.892132472,1.275654597,623.000,429.500
color_8,1.893652366,1.303718304,624.000,429.000
color_8,1.895172259,1.331782012,625.000,428.500
color_8,1.896692152,1.35984572,626.000,428.000
color_8,1.898212046,1.387909427,627.000,427.500
color_8,1.899731939,1.415973135,628.000,427.000
color_8,1.901251832,1.500164258,629.000,425.500
color_8,1.902771725,1.500164258,630.000,425.500
color_8,1.904291619,1.556291673,631.000,424.500
color_8,1.905811512,1.556291673,632.000,424.500
color_8,1.907331405,1.612419088,633.000,423.500
color_8,1.908851299,1.640482796,634.000,423.000
color_8,1.910371192,1.668546503,635.000,422.500
color_8,1.911891085,1.724673918,636.000,421.500
color_8,1.913410979,1.780801334,637.000,420.500
color_8,1.914930872,1.864992456,638.000,419.000
color_8,1.916450765,1.893056164,639.000,418.500
color_8,1.917970659,1.977247287,640.000,417.000
color_8,1.919490552,2.033374702,641.000,416.000
color_8,1.921010445,2.089502117,642.000,415.000
color_8,1.922530338,2.145629532,643.000,414.000
color_8,1.924050232,2.17369324,644.000,413.500
color_8,1.925570125,2.28594807,645.000,411.500
color_8,1.927090018,2.342075485,646.000,410.500
color_8,1.928609912,2.398202901,647.000,409.500
color_8,1.930129805,2.454330316,648.000,408.500
color_8,1.931649698,2.538521439,649.000,407.000
color_8,1.933169592,2.650776269,650.000,405.000
color_8,1.934689485,2.706903684,651.000,404.000
color_8,1.936209378,2.819158515,652.000,402.000
color_8,1.937729271,2.903349637,653.000,400.500
color_8,1.939249165,3.015604468,654.000,398.500
color_8,1.940769058,3.071731883,655.000,397.500
color_8,1.942288951,3.183986713,656.000,395.500
color_8,1.943808845,3.240114129,657.000,394.500
color_8,1.945328738,3.380432667,658.000,392.000
color_8,1.946848631,3.464623789,659.000,390.500
color_8,1.948368525,3.548814912,660.000,389.000
color_8,1.949888418,3.661069743,661.000,387.000
color_8,1.951408311,3.801388281,662.000,384.500
color_8,1.952928205,3.885579403,663.000,383.000
color_8,1.954448098,4.025897941,664.000,380.500
color_8,1.955967991,4.082025356,665.000,379.500
color_8,1.957487884,4.250407602,666.000,376.500
color_8,1.959007778,4.362662432,667.000,374.500
color_8,1.960527671,4.50298097,668.000,372.000
color_8,1.962047564,4.615235801,669.000,370.000
color_8,1.963567458,4.727490631,670.000,368.000
color_8,1.965087351,4.952000292,671.000,364.000
color_8,1.966607244,5.09231883,672.000,361.500
color_8,1.968127138,5.232637368,673.000,359.000
color_8,1.969647031,5.344892198,674.000,357.000
color_8,1.971166924,5.513274444,675.000,354.000
color_8,1.972686817,5.653592982,676.000,351.500
color_8,1.974206711,5.765847812,677.000,349.500
color_8,1.975726604,5.90616635,678.000,347.000
color_8,1.977246497,5.962293766,679.000,346.000
color_8,1.978766391,6.214867134,680.000,341.500
color_8,1.980286284,6.439376795,681.000,337.500
color_8,1.981806177,6.467440502,682.000,337.000
color_8,1.983326071,6.748077578,683.000,332.000
color_8,1.984845964,7.000650947,684.000,327.500
color_8,1.986365857,7.084842069,685.000,326.000
color_8,1.987885751,7.253224315,686.000,323.000
color_8,1.989405644,7.449670268,687.000,319.500
color_8,1.990925537,7.618052514,688.000,316.500
color_8,1.99244543,7.758371052,689.000,314.000
color_8,1.993965324,7.954817005,690.000,310.500
color_8,1.995485217,8.12319925,691.000,307.500
color_8,1.99700511,8.291581496,692.000,304.500
color_8,1.998525004,8.544154864,693.000,300.000
color_8,2.000044897,8.684473402,694.000,297.500
color_8,2.00156479,8.82479194,695.000,295.000
color_8,2.003084684,9.049301601,696.000,291.000
color_8,2.004604577,9.189620139,697.000,288.500
color_8,2.00612447,9.442193508,698.000,284.000
color_8,2.007644363,9.610575753,699.000,281.000
color_8,2.009164257,9.778957999,700.000,278.000
color_8,2.01068415,9.947340244,701.000,275.000
color_8,2.012204043,10.17184991,702.000,271.000
color_8,2.013723937,10.42442327,703.000,266.500
color_8,2.01524383,10.56474181,704.000,264.000
color_8,2.016763723,10.78925147,705.000,260.000
color_8,2.018283617,10.95763372,706.000,257.000
