series,x,y,pixel_x,pixel_y
color_1,1.207094382,6.176611037,109.000,248.000
color_1,1.208593899,6.176611037,110.000,248.000
color_1,1.210093416,6.176611037,111.000,248.000
color_1,1.211592933,6.176611037,112.000,248.000
color_1,1.213092449,9.484407154,113.000,214.000
color_1,1.214591966,6.273899158,114.000,247.000
color_1,1.216091483,9.533051215,115.000,213.500
color_1,1.217591,7.927797217,116.000,230.000
color_1,1.219090517,8.365593762,117.000,225.500
color_1,1.220590033,8.852034367,118.000,220.500
color_1,1.22208955,29.13660762,119.000,12.000
color_1,1.223589067,29.13660762,120.000,12.000
color_1,1.225088584,29.13660762,121.000,12.000
color_1,1.226588101,29.13660762,122.000,12.000
color_1,1.228087618,29.13660762,123.000,12.000
color_1,1.229587134,29.13660762,124.000,12.000
color_1,1.231086651,29.13660762,125.000,12.000
color_1,1.232586168,29.13660762,126.000,12.000
color_1,1.234085685,29.13660762,127.000,12.000
color_1,1.235585202,29.13660762,128.000,12.000
color_1,1.237084718,29.13660762,129.000,12.000
color_1,1.238584235,29.13660762,130.000,12.000
color_1,1.240083752,29.13660762,131.000,12.000
color_1,1.241583269,29.13660762,132.000,12.000
color_1,1.243082786,29.13660762,133.000,12.000
color_1,1.244582303,29.13660762,134.000,12.000
color_1,1.246081819,29.13660762,135.000,12.000
color_1,1.247581336,29.13660762,136.000,12.000
color_1,1.249080853,29.13660762,137.000,12.000
color_1,1.25058037,29.13660762,138.000,12.000
color_1,1.252079887,29.13660762,139.000,12.000
color_1,1.253579403,29.13660762,140.000,12.000
color_1,1.25507892,29.13660762,141.000,12.000
color_1,1.256578437,29.13660762,142.000,12.000
color_1,1.258077954,29.13660762,143.000,12.000
color_1,1.259577471,29.13660762,144.000,12.000
color_1,1.261076987,29.13660762,145.000,12.000
color_1,1.262576504,29.13660762,146.000,12.000
color_1,1.264076021,29.13660762,147.000,12.000
color_1,1.265575538,29.13660762,148.000,12.000
color_1,1.267075055,29.13660762,149.000,12.000
color_1,1.268574572,29.13660762,150.000,12.000
color_1,1.270074088,29.13660762,151.000,12.000
color_1,1.271573605,29.13660762,152.000,12.000
color_1,1.273073122,29.13660762,153.000,12.000
color_1,1.274572639,29.13660762,154.000,12.000
color_1,1.276072156,29.13660762,155.000,12.000
color_1,1.277571672,29.13660762,156.000,12.000
color_1,1.279071189,29.13660762,157.000,12.000
color_1,1.280570706,29.13660762,158.000,12.000
color_1,1.282070223,29.13660762,159.000,12.000
color_1,1.28356974,29.13660762,160.000,12.000
color_1,1.285069257,29.13660762,161.000,12.000
color_1,1.286568773,29.13660762,162.000,12.000
color_1,1.28806829,29.13660762,163.000,12.000
color_1,1.289567807,29.13660762,164.000,12.000
color_1,1.291067324,29.13660762,165.000,12.000
color_1,1.292566841,29.13660762,166.000,12.000
color_1,1.294066357,29.13660762,167.000,12.000
color_1,1.295565874,29.13660762,168.000,12.000
color_1,1.297065391,29.13660762,169.000,12.000
color_1,1.298564908,29.13660762,170.000,12.000
color_1,1.300064425,29.13660762,171.000,12.000
color_1,1.301563941,29.13660762,172.000,12.000
color_1,1.303063458,29.13660762,173.000,12.000
color_1,1.304562975,29.13660762,174.000,12.000
color_1,1.306062492,29.13660762,175.000,12.000
color_1,1.307562009,29.13660762,176.000,12.000
color_1,1.309061526,29.13660762,177.000,12.000
color_1,1.310561042,29.13660762,178.000,12.000
color_1,1.312060559,29.13660762,179.000,12.000
color_1,1.313560076,29.13660762,180.000,12.000
color_1,1.315059593,29.13660762,181.000,12.000
color_1,1.31655911,29.13660762,182.000,12.000
color_1,1.318058626,29.13660762,183.000,12.000
color_1,1.319558143,29.13660762,184.000,12.000
color_1,1.32105766,29.13660762,185.000,12.000
color_1,1.322557177,29.13660762,186.000,12.000
color_1,1.324056694,29.13660762,187.000,12.000
color_1,1.325556211,29.13660762,188.000,12.000
color_1,1.327055727,29.13660762,189.000,12.000
color_1,1.328555244,29.13660762,190.000,12.000
color_1,1.330054761,29.13660762,191.000,12.000
color_1,1.331554278,29.13660762,192.000,12.000
color_1,1.333053795,29.13660762,193.000,12.000
color_1,1.334553311,29.13660762,194.000,12.000
color_1,1.336052828,29.13660762,195.000,12.000
color_1,1.337552345,29.13660762,196.000,12.000
color_1,1.339051862,29.13660762,197.000,12.000
color_1,1.340551379,29.13660762,198.000,12.000
color_1,1.342050895,29.13660762,199.000,12.000
color_1,1.343550412,29.13660762,200.000,12.000
color_1,1.345049929,29.13660762,201.000,12.000
color_1,1.346549446,29.13660762,202.000,12.000
color_1,1.348048963,29.13660762,203.000,12.000
color_1,1.34954848,29.13660762,204.000,12.000
color_1,1.351047996,29.13660762,205.000,12.000
color_1,1.352547513,29.13660762,206.000,12.000
color_1,1.35404703,29.13660762,207.000,12.000
color_1,1.355546547,29.13660762,208.000,12.000
color_1,1.357046064,29.13660762,209.000,12.000
color_1,1.35854558,29.13660762,210.000,12.000
color_1,1.360045097,29.13660762,211.000,12.000
color_1,1.361544614,29.13660762,212.000,12.000
color_1,1.363044131,29.13660762,213.000,12.000
color_1,1.364543648,29.13660762,214.000,12.000
color_1,1.366043165,29.13660762,215.000,12.000
color_1,1.367542681,29.13660762,216.000,12.000
color_1,1.369042198,29.13660762,217.000,12.000
color_1,1.370541715,29.13660762,218.000,12.000
color_1,1.372041232,29.13660762,219.000,12.000
color_1,1.373540749,29.13660762,220.000,12.000
color_1,1.375040265,29.13660762,221.000,12.000
color_1,1.376539782,29.13660762,222.000,12.000
color_1,1.378039299,29.13660762,223.000,12.000
color_1,1.379538816,29.13660762,224.000,12.000
color_1,1.381038333,29.13660762,225.000,12.000
color_1,1.382537849,29.13660762,226.000,12.000
color_1,1.384037366,29.13660762,227.000,12.000
color_1,1.385536883,29.13660762,228.000,12.000
color_1,1.3870364,29.13660762,229.000,12.000
color_1,1.388535917,29.13660762,230.000,12.000
color_1,1.390035434,29.13660762,231.000,12.000
color_1,1.39153495,29.13660762,232.000,12.000
color_1,1.393034467,29.13660762,233.000,12.000
color_1,1.394533984,29.13660762,234.000,12.000
color_1,1.396033501,29.13660762,235.000,12.000
color_1,1.397533018,29.13660762,236.000,12.000
color_1,1.399032534,29.13660762,237.000,12.000
color_1,1.400532051,29.13660762,238.000,12.000
color_1,1.402031568,29.13660762,239.000,12.000
color_1,1.403531085,29.13660762,240.000,12.000
color_1,1.405030602,29.13660762,241.000,12.000
color_1,1.406530119,29.13660762,242.000,12.000
color_1,1.408029635,29.13660762,243.000,12.000
color_1,1.409529152,29.13660762,244.000,12.000
color_1,1.411028669,29.13660762,245.000,12.000
color_1,1.412528186,29.13660762,246.000,12.000
color_1,1.414027703,29.13660762,247.000,12.000
color_1,1.415527219,29.13660762,248.000,12.000
color_1,1.417026736,29.13660762,249.000,12.000
color_1,1.418526253,29.13660762,250.000,12.000
color_1,1.42002577,29.13660762,251.000,12.000
color_1,1.421525287,29.13660762,252.000,12.000
color_1,1.423024803,29.13660762,253.000,12.000
color_1,1.42452432,29.13660762,254.000,12.000
color_1,1.426023837,29.13660762,255.000,12.000
color_1,1.427523354,29.13660762,256.000,12.000
color_1,1.429022871,29.13660762,257.000,12.000
color_1,1.430522388,29.13660762,258.000,12.000
color_1,1.432021904,29.13660762,259.000,12.000
color_1,1.433521421,29.13660762,260.000,12.000
color_1,1.435020938,29.13660762,261.000,12.000
color_1,1.436520455,29.13660762,262.000,12.000
color_1,1.438019972,29.13660762,263.000,12.000
color_1,1.439519488,29.13660762,264.000,12.000
color_1,1.441019005,29.13660762,265.000,12.000
color_1,1.442518522,29.13660762,266.000,12.000
color_1,1.444018039,29.13660762,267.000,12.000
color_1,1.445517556,29.13660762,268.000,12.000
color_1,1.447017073,29.13660762,269.000,12.000
color_1,1.448516589,29.13660762,270.000,12.000
color_1,1.450016106,29.13660762,271.000,12.000
color_1,1.451515623,29.13660762,272.000,12.000
color_1,1.45301514,29.13660762,273.000,12.000
color_1,1.454514657,29.13660762,274.000,12.000
color_1,1.456014173,29.13660762,275.000,12.000
color_1,1.45751369,29.13660762,276.000,12.000
color_1,1.459013207,29.13660762,277.000,12.000
color_1,1.460512724,29.13660762,278.000,12.000
color_1,1.462012241,29.13660762,279.000,12.000
color_1,1.463511758,29.13660762,280.000,12.000
color_1,1.465011274,29.13660762,281.000,12.000
color_1,1.466510791,29.13660762,282.000,12.000
color_1,1.468010308,29.13660762,283.000,12.000
color_1,1.469509825,29.13660762,284.000,12.000
color_1,1.471009342,29.13660762,285.000,12.000
color_1,1.472508858,29.13660762,286.000,12.000
color_1,1.474008375,29.13660762,287.000,12.000
color_1,1.475507892,29.13660762,288.000,12.000
color_1,1.477007409,29.13660762,289.000,12.000
color_1,1.478506926,29.13660762,290.000,12.000
color_1,1.480006442,29.13660762,291.000,12.000
color_1,1.481505959,29.13660762,292.000,12.000
color_1,1.483005476,29.13660762,293.000,12.000
color_1,1.484504993,29.13660762,294.000,12.000
color_1,1.48600451,29.13660762,295.000,12.000
color_1,1.487504027,29.13660762,296.000,12.000
color_1,1.489003543,29.13660762,297.000,12.000
color_1,1.49050306,29.13660762,298.000,12.000
color_1,1.492002577,29.13660762,299.000,12.000
color_1,1.493502094,29.13660762,300.000,12.000
color_1,1.495001611,29.13660762,301.000,12.000
color_1,1.496501127,29.13660762,302.000,12.000
color_1,1.498000644,29.13660762,303.000,12.000
color_1,1.499500161,29.13660762,304.000,12.000
color_1,1.500999678,29.13660762,305.000,12.000
color_1,1.502499195,29.13660762,306.000,12.000
color_1,1.503998712,29.13660762,307.000,12.000
color_1,1.505498228,29.13660762,308.000,12.000
color_1,1.506997745,29.13660762,309.000,12.000
color_1,1.508497262,29.13660762,310.000,12.000
color_1,1.509996779,29.13660762,311.000,12.000
color_1,1.511496296,29.13660762,312.000,12.000
color_1,1.512995812,29.13660762,313.000,12.000
color_1,1.514495329,29.13660762,314.000,12.000
color_1,1.515994846,29.13660762,315.000,12.000
color_1,1.517494363,29.13660762,316.000,12.000
color_1,1.51899388,29.13660762,317.000,12.000
color_1,1.520493396,29.13660762,318.000,12.000
color_1,1.521992913,29.13660762,319.000,12.000
color_1,1.52349243,29.13660762,320.000,12.000
color_1,1.524991947,29.13660762,321.000,12.000
color_1,1.526491464,29.13660762,322.000,12.000
color_1,1.527990981,29.13660762,323.000,12.000
color_1,1.529490497,29.13660762,324.000,12.000
color_1,1.530990014,29.13660762,325.000,12.000
color_1,1.532489531,29.13660762,326.000,12.000
color_1,1.533989048,29.13660762,327.000,12.000
color_1,1.535488565,29.13660762,328.000,12.000
color_1,1.536988081,29.13660762,329.000,12.000
color_1,1.538487598,29.13660762,330.000,12.000
color_1,1.539987115,29.13660762,331.000,12.000
color_1,1.541486632,29.13660762,332.000,12.000
color_1,1.542986149,29.13660762,333.000,12.000
color_1,1.544485666,29.13660762,334.000,12.000
color_1,1.545985182,29.13660762,335.000,12.000
color_1,1.547484699,29.13660762,336.000,12.000
color_1,1.548984216,29.13660762,337.000,12.000
color_1,1.550483733,29.13660762,338.000,12.000
color_1,1.55198325,29.13660762,339.000,12.000
color_1,1.553482766,29.13660762,340.000,12.000
color_1,1.554982283,29.13660762,341.000,12.000
color_1,1.5564818,29.13660762,342.000,12.000
color_1,1.557981317,29.13660762,343.000,12.000
color_1,1.559480834,29.13660762,344.000,12.000
color_1,1.56098035,29.13660762,345.000,12.000
color_1,1.562479867,29.13660762,346.000,12.000
color_1,1.563979384,29.13660762,347.000,12.000
color_1,1.565478901,29.13660762,348.000,12.000
color_1,1.566978418,29.13660762,349.000,12.000
color_1,1.568477935,29.13660762,350.000,12.000
color_1,1.569977451,29.13660762,351.000,12.000
color_1,1.571476968,29.13660762,352.000,12.000
color_1,1.572976485,29.13660762,353.000,12.000
color_1,1.574476002,29.13660762,354.000,12.000
color_1,1.575975519,29.13660762,355.000,12.000
color_1,1.577475035,29.13660762,356.000,12.000
color_1,1.578974552,29.13660762,357.000,12.000
color_1,1.580474069,29.13660762,358.000,12.000
color_1,1.581973586,29.13660762,359.000,12.000
color_1,1.583473103,29.13660762,360.000,12.000
color_1,1.58497262,29.13660762,361.000,12.000
color_1,1.586472136,29.13660762,362.000,12.000
color_1,1.587971653,29.13660762,363.000,12.000
color_1,1.58947117,29.13660762,364.000,12.000
color_1,1.590970687,29.13660762,365.000,12.000
color_1,1.592470204,29.13660762,366.000,12.000
color_1,1.59396972,29.13660762,367.000,12.000
color_1,1.595469237,29.13660762,368.000,12.000
color_1,1.596968754,29.13660762,369.000,12.000
color_1,1.598468271,29.13660762,370.000,12.000
color_1,1.599967788,29.13660762,371.000,12.000
color_1,1.601467304,29.13660762,372.000,12.000
color_1,1.602966821,29.13660762,373.000,12.000
color_1,1.604466338,29.13660762,374.000,12.000
color_1,1.605965855,29.13660762,375.000,12.000
color_1,1.607465372,29.13660762,376.000,12.000
color_1,1.608964889,29.13660762,377.000,12.000
color_1,1.610464405,29.13660762,378.000,12.000
color_1,1.611963922,29.13660762,379.000,12.000
color_1,1.613463439,29.13660762,380.000,12.000
color_1,1.614962956,29.13660762,381.000,12.000
color_1,1.616462473,29.13660762,382.000,12.000
color_1,1.617961989,29.13660762,383.000,12.000
color_1,1.619461506,29.13660762,384.000,12.000
color_1,1.620961023,29.13660762,385.000,12.000
color_1,1.62246054,29.13660762,386.000,12.000
color_1,1.623960057,29.13660762,387.000,12.000
color_1,1.625459574,29.13660762,388.000,12.000
color_1,1.62695909,29.13660762,389.000,12.000
color_1,1.628458607,29.13660762,390.000,12.000
color_1,1.629958124,29.13660762,391.000,12.000
color_1,1.631457641,29.13660762,392.000,12.000
color_1,1.632957158,29.13660762,393.000,12.000
color_1,1.634456674,29.13660762,394.000,12.000
color_1,1.635956191,29.13660762,395.000,12.000
color_1,1.637455708,29.13660762,396.000,12.000
color_1,1.638955225,29.13660762,397.000,12.000
color_1,1.640454742,29.13660762,398.000,12.000
color_1,1.641954258,29.13660762,399.000,12.000
color_1,1.643453775,29.13660762,400.000,12.000
color_1,1.644953292,29.13660762,401.000,12.000
color_1,1.646452809,29.13660762,402.000,12.000
color_1,1.647952326,29.13660762,403.000,12.000
color_1,1.649451843,29.13660762,404.000,12.000
color_1,1.650951359,29.13660762,405.000,12.000
color_1,1.652450876,29.13660762,406.000,12.000
color_1,1.653950393,29.13660762,407.000,12.000
color_1,1.65544991,29.13660762,408.000,12.000
color_1,1.656949427,29.13660762,409.000,12.000
color_1,1.658448943,29.13660762,410.000,12.000
color_1,1.65994846,29.13660762,411.000,12.000
color_1,1.661447977,29.13660762,412.000,12.000
color_1,1.662947494,29.13660762,413.000,12.000
color_1,1.664447011,29.13660762,414.000,12.000
color_1,1.665946528,29.13660762,415.000,12.000
color_1,1.667446044,29.13660762,416.000,12.000
color_1,1.668945561,29.13660762,417.000,12.000
color_1,1.670445078,29.13660762,418.000,12.000
color_1,1.671944595,29.13660762,419.000,12.000
color_1,1.673444112,29.13660762,420.000,12.000
color_1,1.674943628,29.13660762,421.000,12.000
color_1,1.676443145,29.13660762,422.000,12.000
color_1,1.677942662,29.13660762,423.000,12.000
color_1,1.679442179,29.13660762,424.000,12.000
color_1,1.680941696,29.13660762,425.000,12.000
color_1,1.682441212,29.13660762,426.000,12.000
color_1,1.683940729,29.13660762,427.000,12.000
color_1,1.685440246,29.13660762,428.000,12.000
color_1,1.686939763,29.13660762,429.000,12.000
color_1,1.68843928,29.13660762,430.000,12.000
color_1,1.689938797,29.13660762,431.000,12.000
color_1,1.691438313,29.13660762,432.000,12.000
color_1,1.69293783,29.13660762,433.000,12.000
color_1,1.694437347,29.13660762,434.000,12.000
color_1,1.695936864,29.13660762,435.000,12.000
color_1,1.697436381,29.13660762,436.000,12.000
color_1,1.698935897,29.13660762,437.000,12.000
color_1,1.700435414,29.13660762,438.000,12.000
color_1,1.701934931,29.13660762,439.000,12.000
color_1,1.703434448,29.13660762,440.000,12.000
color_1,1.704933965,29.13660762,441.000,12.000
color_1,1.706433482,29.13660762,442.000,12.000
color_1,1.707932998,29.13660762,443.000,12.000
color_1,1.709432515,29.13660762,444.000,12.000
color_1,1.710932032,29.13660762,445.000,12.000
color_1,1.712431549,29.13660762,446.000,12.000
color_1,1.713931066,29.13660762,447.000,12.000
color_1,1.715430582,29.13660762,448.000,12.000
color_1,1.716930099,29.13660762,449.000,12.000
color_1,1.718429616,29.13660762,450.000,12.000
color_1,1.719929133,29.13660762,451.000,12.000
color_1,1.72142865,29.13660762,452.000,12.000
color_1,1.722928167,29.13660762,453.000,12.000
color_1,1.724427683,29.13660762,454.000,12.000
color_1,1.7259272,29.13660762,455.000,12.000
color_1,1.727426717,29.13660762,456.000,12.000
color_1,1.728926234,29.13660762,457.000,12.000
color_1,1.730425751,29.13660762,458.000,12.000
color_1,1.731925267,29.13660762,459.000,12.000
color_1,1.733424784,29.13660762,460.000,12.000
color_1,1.734924301,29.13660762,461.000,12.000
color_1,1.736423818,29.13660762,462.000,12.000
color_1,1.737923335,29.13660762,463.000,12.000
color_1,1.739422851,29.13660762,464.000,12.000
color_1,1.740922368,29.13660762,465.000,12.000
color_1,1.742421885,29.13660762,466.000,12.000
color_1,1.743921402,29.13660762,467.000,12.000
color_1,1.745420919,29.13660762,468.000,12.000
color_1,1.746920436,29.13660762,469.000,12.000
color_1,1.748419952,29.13660762,470.000,12.000
color_1,1.749919469,29.13660762,471.000,12.000
color_1,1.751418986,29.13660762,472.000,12.000
color_1,1.752918503,29.13660762,473.000,12.000
color_1,1.75441802,29.13660762,474.000,12.000
color_1,1.755917536,29.13660762,475.000,12.000
color_1,1.757417053,29.13660762,476.000,12.000
color_1,1.75891657,29.13660762,477.000,12.000
color_1,1.760416087,29.13660762,478.000,12.000
color_1,1.761915604,29.13660762,479.000,12.000
color_1,1.763415121,29.13660762,480.000,12.000
color_1,1.764914637,29.13660762,481.000,12.000
color_1,1.766414154,29.13660762,482.000,12.000
color_1,1.767913671,29.13660762,483.000,12.000
color_1,1.769413188,29.13660762,484.000,12.000
color_1,1.770912705,29.13660762,485.000,12.000
color_1,1.772412221,29.13660762,486.000,12.000
color_1,1.773911738,29.13660762,487.000,12.000
color_1,1.775411255,29.13660762,488.000,12.000
color_1,1.776910772,29.13660762,489.000,12.000
color_1,1.778410289,29.13660762,490.000,12.000
color_1,1.779909805,29.13660762,491.000,12.000
color_1,1.781409322,29.13660762,492.000,12.000
color_1,1.782908839,29.13660762,493.000,12.000
color_1,1.784408356,29.13660762,494.000,12.000
color_1,1.785907873,29.13660762,495.000,12.000
color_1,1.78740739,29.13660762,496.000,12.000
color_1,1.788906906,29.13660762,497.000,12.000
color_1,1.790406423,29.13660762,498.000,12.000
color_1,1.79190594,29.13660762,499.000,12.000
color_1,1.793405457,29.13660762,500.000,12.000
color_1,1.794904974,29.13660762,501.000,12.000
color_1,1.79640449,29.13660762,502.000,12.000
color_1,1.797904007,29.13660762,503.000,12.000
color_1,1.799403524,29.13660762,504.000,12.000
color_1,1.800903041,29.13660762,505.000,12.000
color_1,1.802402558,29.13660762,506.000,12.000
color_1,1.803902075,29.13660762,507.000,12.000
color_1,1.805401591,29.13660762,508.000,12.000
color_1,1.806901108,29.13660762,509.000,12.000
color_1,1.808400625,29.13660762,510.000,12.000
color_1,1.809900142,29.13660762,511.000,12.000
color_1,1.811399659,29.13660762,512.000,12.000
color_1,1.812899175,29.13660762,513.000,12.000
color_1,1.814398692,29.13660762,514.000,12.000
color_1,1.815898209,29.13660762,515.000,12.000
color_1,1.817397726,29.13660762,516.000,12.000
color_1,1.818897243,29.13660762,517.000,12.000
color_1,1.820396759,29.13660762,518.000,12.000
color_1,1.821896276,29.13660762,519.000,12.000
color_1,1.823395793,29.13660762,520.000,12.000
color_1,1.82489531,29.13660762,521.000,12.000
color_1,1.826394827,29.13660762,522.000,12.000
color_1,1.827894344,29.13660762,523.000,12.000
color_1,1.82939386,29.13660762,524.000,12.000
color_1,1.830893377,29.13660762,525.000,12.000
color_1,1.832392894,29.13660762,526.000,12.000
color_1,1.833892411,29.13660762,527.000,12.000
color_1,1.835391928,29.13660762,528.000,12.000
color_1,1.836891444,29.13660762,529.000,12.000
color_1,1.838390961,29.13660762,530.000,12.000
color_1,1.839890478,29.13660762,531.000,12.000
color_1,1.841389995,29.13660762,532.000,12.000
color_1,1.842889512,29.13660762,533.000,12.000
color_1,1.844389029,29.13660762,534.000,12.000
color_1,1.845888545,29.13660762,535.000,12.000
color_1,1.847388062,29.13660762,536.000,12.000
color_1,1.848887579,29.13660762,537.000,12.000
color_1,1.850387096,29.13660762,538.000,12.000
color_1,1.851886613,29.13660762,539.000,12.000
color_1,1.853386129,29.13660762,540.000,12.000
color_1,1.854885646,29.13660762,541.000,12.000
color_1,1.856385163,29.13660762,542.000,12.000
color_1,1.85788468,29.13660762,543.000,12.000
color_1,1.859384197,29.13660762,544.000,12.000
color_1,1.860883713,29.13660762,545.000,12.000
color_1,1.86238323,29.13660762,546.000,12.000
color_1,1.863882747,29.13660762,547.000,12.000
color_1,1.865382264,29.13660762,548.000,12.000
color_1,1.866881781,29.13660762,549.000,12.000
color_1,1.868381298,29.13660762,550.000,12.000
color_1,1.869880814,29.13660762,551.000,12.000
color_1,1.871380331,29.13660762,552.000,12.000
color_1,1.872879848,29.13660762,553.000,12.000
color_1,1.874379365,29.13660762,554.000,12.000
color_1,1.875878882,29.13660762,555.000,12.000
color_1,1.877378398,29.13660762,556.000,12.000
color_1,1.878877915,29.13660762,557.000,12.000
color_1,1.880377432,29.13660762,558.000,12.000
color_1,1.881876949,29.13660762,559.000,12.000
color_1,1.883376466,29.13660762,560.000,12.000
color_1,1.884875983,29.13660762,561.000,12.000
color_1,1.886375499,29.13660762,562.000,12.000
color_1,1.887875016,29.13660762,563.000,12.000
color_1,1.889374533,29.13660762,564.000,12.000
color_1,1.89087405,29.13660762,565.000,12.000
color_1,1.892373567,29.13660762,566.000,12.000
color_1,1.893873083,29.13660762,567.000,12.000
color_1,1.8953726,29.13660762,568.000,12.000
color_1,1.896872117,29.13660762,569.000,12.000
color_1,1.898371634,29.13660762,570.000,12.000
color_1,1.899871151,29.13660762,571.000,12.000
color_1,1.901370667,29.13660762,572.000,12.000
color_1,1.902870184,29.13660762,573.000,12.000
color_1,1.904369701,29.13660762,574.000,12.000
color_1,1.905869218,29.13660762,575.000,12.000
color_1,1.907368735,29.13660762,576.000,12.000
color_1,1.908868252,29.13660762,577.000,12.000
color_1,1.910367768,29.13660762,578.000,12.000
color_1,1.911867285,29.13660762,579.000,12.000
color_1,1.913366802,29.13660762,580.000,12.000
color_1,1.914866319,29.13660762,581.000,12.000
color_1,1.916365836,29.13660762,582.000,12.000
color_1,1.917865352,29.13660762,583.000,12.000
color_1,1.919364869,29.13660762,584.000,12.000
color_1,1.920864386,29.13660762,585.000,12.000
color_1,1.922363903,29.13660762,586.000,12.000
color_1,1.92386342,29.13660762,587.000,12.000
color_1,1.925362937,29.13660762,588.000,12.000
color_1,1.926862453,29.13660762,589.000,12.000
color_1,1.92836197,29.13660762,590.000,12.000
color_1,1.929861487,29.13660762,591.000,12.000
color_1,1.931361004,29.13660762,592.000,12.000
color_1,1.932860521,29.13660762,593.000,12.000
color_1,1.934360037,29.13660762,594.000,12.000
color_1,1.935859554,29.13660762,595.000,12.000
color_1,1.937359071,29.13660762,596.000,12.000
color_1,1.938858588,29.13660762,597.000,12.000
color_1,1.940358105,29.13660762,598.000,12.000
color_1,1.941857622,29.13660762,599.000,12.000
color_1,1.943357138,29.13660762,600.000,12.000
color_1,1.944856655,29.13660762,601.000,12.000
color_1,1.946356172,29.13660762,602.000,12.000
color_1,1.947855689,29.13660762,603.000,12.000
color_1,1.949355206,29.13660762,604.000,12.000
color_1,1.950854722,29.13660762,605.000,12.000
color_1,1.952354239,29.13660762,606.000,12.000
color_1,1.953853756,29.13660762,607.000,12.000
color_1,1.955353273,29.13660762,608.000,12.000
color_1,1.95685279,29.13660762,609.000,12.000
color_1,1.958352306,29.13660762,610.000,12.000
color_1,1.959851823,29.13660762,611.000,12.000
color_1,1.96135134,29.13660762,612.000,12.000
color_1,1.962850857,29.13660762,613.000,12.000
color_1,1.964350374,29.13660762,614.000,12.000
color_1,1.965849891,29.13660762,615.000,12.000
color_1,1.967349407,29.13660762,616.000,12.000
color_1,1.968848924,29.13660762,617.000,12.000
color_1,1.970348441,29.13660762,618.000,12.000
color_1,1.971847958,29.13660762,619.000,12.000
color_1,1.973347475,29.13660762,620.000,12.000
color_1,1.974846991,29.13660762,621.000,12.000
color_1,1.976346508,29.13660762,622.000,12.000
color_1,1.977846025,29.13660762,623.000,12.000
color_1,1.979345542,29.13660762,624.000,12.000
color_1,1.980845059,29.13660762,625.000,12.000
color_1,1.982344576,29.13660762,626.000,12.000
color_1,1.983844092,29.13660762,627.000,12.000
color_1,1.985343609,29.13660762,628.000,12.000
color_1,1.986843126,29.13660762,629.000,12.000
color_1,1.988342643,29.13660762,630.000,12.000
color_1,1.98984216,29.13660762,631.000,12.000
color_1,1.991341676,29.13660762,632.000,12.000
color_1,1.992841193,29.13660762,633.000,12.000
color_1,1.99434071,29.13660762,634.000,12.000
color_1,1.995840227,29.13660762,635.000,12.000
color_1,1.997339744,29.13660762,636.000,12.000
color_1,1.99883926,29.13660762,637.000,12.000
color_1,2.000338777,29.13660762,638.000,12.000
color_1,2.001838294,29.13660762,639.000,12.000
color_1,2.003337811,29.13660762,640.000,12.000
color_1,2.004837328,29.13660762,641.000,12.000
color_1,2.006336845,29.13660762,642.000,12.000
color_1,2.007836361,29.13660762,643.000,12.000
color_1,2.009335878,29.13660762,644.000,12.000
color_1,2.010835395,29.13660762,645.000,12.000
color_1,2.012334912,29.13660762,646.000,12.000
color_1,2.013834429,29.13660762,647.000,12.000
color_1,2.015333945,29.13660762,648.000,12.000
color_1,2.016833462,29.13660762,649.000,12.000
color_1,2.018332979,29.13660762,650.000,12.000
color_1,2.019832496,29.13660762,651.000,12.000
color_1,2.021332013,29.13660762,652.000,12.000
color_1,2.02283153,29.13660762,653.000,12.000
color_1,2.024331046,29.13660762,654.000,12.000
color_1,2.025830563,29.13660762,655.000,12.000
color_1,2.02733008,29.13660762,656.000,12.000
color_1,2.028829597,29.13660762,657.000,12.000
color_1,2.030329114,29.13660762,658.000,12.000
color_1,2.03182863,29.13660762,659.000,12.000
color_1,2.033328147,29.13660762,660.000,12.000
color_1,2.034827664,29.13660762,661.000,12.000
color_1,2.036327181,29.13660762,662.000,12.000
color_1,2.037826698,29.13660762,663.000,12.000
color_1,2.039326214,29.13660762,664.000,12.000
color_1,2.040825731,29.13660762,665.000,12.000
color_1,2.042325248,29.13660762,666.000,12.000
color_1,2.043824765,29.13660762,667.000,12.000
color_1,2.045324282,29.13660762,668.000,12.000
color_1,2.046823799,29.13660762,669.000,12.000
color_1,2.048323315,29.13660762,670.000,12.000
color_1,2.049822832,29.13660762,671.000,12.000
color_1,2.051322349,29.13660762,672.000,12.000
color_1,2.052821866,29.13660762,673.000,12.000
color_1,2.054321383,29.13660762,674.000,12.000
color_1,2.055820899,29.13660762,675.000,12.000
color_1,2.057320416,29.13660762,676.000,12.000
color_1,2.058819933,29.13660762,677.000,12.000
color_1,2.06031945,29.13660762,678.000,12.000
color_1,2.061818967,29.13660762,679.000,12.000
color_1,2.063318484,29.13660762,680.000,12.000
color_1,2.064818,29.13660762,681.000,12.000
color_1,2.066317517,29.13660762,682.000,12.000
color_1,2.067817034,29.13660762,683.000,12.000
color_1,2.069316551,29.13660762,684.000,12.000
color_1,2.070816068,29.13660762,685.000,12.000
color_1,2.072315584,29.13660762,686.000,12.000
color_1,2.073815101,29.13660762,687.000,12.000
color_1,2.075314618,29.13660762,688.000,12.000
color_1,2.076814135,29.13660762,689.000,12.000
color_1,2.078313652,29.13660762,690.000,12.000
color_1,2.079813168,29.13660762,691.000,12.000
color_1,2.081312685,29.13660762,692.000,12.000
color_2,1.219090517,-11.09203046,117.000,425.500
color_2,1.220590033,-11.09203046,118.000,425.500
color_2,1.22208955,-11.09203046,119.000,425.500
color_2,1.223589067,-11.09203046,120.000,425.500
color_2,1.225088584,-11.09203046,121.000,425.500
color_2,1.226588101,-10.99474234,122.000,424.500
color_2,1.228087618,-10.99474234,123.000,424.500
color_2,1.229587134,-10.99474234,124.000,424.500
color_2,1.231086651,-10.99474234,125.000,424.500
color_2,1.232586168,-10.99474234,126.000,424.500
color_2,1.234085685,-10.99474234,127.000,424.500
color_2,1.235585202,-10.99474234,128.000,424.500
color_2,1.237084718,-10.99474234,129.000,424.500
color_2,1.238584235,-10.99474234,130.000,424.500
color_2,1.240083752,-10.99474234,131.000,424.500
color_2,1.241583269,-10.99474234,132.000,424.500
color_2,1.243082786,-10.99474234,133.000,424.500
color_2,1.244582303,-10.99474234,134.000,424.500
color_2,1.246081819,-10.99474234,135.000,424.500
color_2,1.247581336,-10.99474234,136.000,424.500
color_2,1.249080853,-10.99474234,137.000,424.500
color_2,1.25058037,-10.99474234,138.000,424.500
color_2,1.252079887,-10.99474234,139.000,424.500
color_2,1.253579403,-10.99474234,140.000,424.500
color_2,1.25507892,-10.99474234,141.000,424.500
color_2,1.256578437,-10.99474234,142.000,424.500
color_2,1.258077954,-10.99474234,143.000,424.500
color_2,1.259577471,-10.99474234,144.000,424.500
color_2,1.261076987,-10.99474234,145.000,424.500
color_2,1.262576504,-10.99474234,146.000,424.500
color_2,1.264076021,-10.99474234,147.000,424.500
color_2,1.265575538,-10.99474234,148.000,424.500
color_2,1.267075055,-10.99474234,149.000,424.500
color_2,1.268574572,-10.99474234,150.000,424.500
color_2,1.270074088,-10.99474234,151.000,424.500
color_2,1.271573605,-10.99474234,152.000,424.500
color_2,1.273073122,-10.99474234,153.000,424.500
color_2,1.274572639,-10.89745422,154.000,423.500
color_2,1.276072156,-10.89745422,155.000,423.500
color_2,1.277571672,-10.89745422,156.000,423.500
color_2,1.279071189,-10.89745422,157.000,423.500
color_2,1.280570706,-10.89745422,158.000,423.500
color_2,1.282070223,-10.89745422,159.000,423.500
color_2,1.28356974,-10.89745422,160.000,423.500
color_2,1.285069257,-10.89745422,161.000,423.500
color_2,1.286568773,-10.89745422,162.000,423.500
color_2,1.28806829,-10.89745422,163.000,423.500
color_2,1.289567807,-10.89745422,164.000,423.500
color_2,1.291067324,-10.89745422,165.000,423.500
color_2,1.292566841,-10.89745422,166.000,423.500
color_2,1.294066357,-10.89745422,167.000,423.500
color_2,1.295565874,-10.89745422,168.000,423.500
color_2,1.297065391,-10.89745422,169.000,423.500
color_2,1.298564908,-10.89745422,170.000,423.500
color_2,1.300064425,-10.89745422,171.000,423.500
color_2,1.301563941,-10.84881016,172.000,423.000
color_2,1.303063458,-10.84881016,173.000,423.000
color_2,1.304562975,-10.84881016,174.000,423.000
color_2,1.306062492,-10.8001661,175.000,422.500
color_2,1.307562009,-10.8001661,176.000,422.500
color_2,1.309061526,-10.8001661,177.000,422.500
color_2,1.310561042,-10.8001661,178.000,422.500
color_2,1.312060559,-10.8001661,179.000,422.500
color_2,1.313560076,-10.8001661,180.000,422.500
color_2,1.315059593,-10.8001661,181.000,422.500
color_2,1.31655911,-10.8001661,182.000,422.500
color_2,1.318058626,-10.8001661,183.000,422.500
color_2,1.319558143,-10.8001661,184.000,422.500
color_2,1.32105766,-10.8001661,185.000,422.500
color_2,1.322557177,-10.8001661,186.000,422.500
color_2,1.324056694,-10.8001661,187.000,422.500
color_2,1.325556211,-10.8001661,188.000,422.500
color_2,1.327055727,-10.8001661,189.000,422.500
color_2,1.328555244,-10.8001661,190.000,422.500
color_2,1.330054761,-10.75152204,191.000,422.000
color_2,1.331554278,-10.70287797,192.000,421.500
color_2,1.333053795,-10.70287797,193.000,421.500
color_2,1.334553311,-10.70287797,194.000,421.500
color_2,1.336052828,-10.70287797,195.000,421.500
color_2,1.337552345,-10.70287797,196.000,421.500
color_2,1.339051862,-10.70287797,197.000,421.500
color_2,1.340551379,-10.70287797,198.000,421.500
color_2,1.342050895,-10.70287797,199.000,421.500
color_2,1.343550412,-10.70287797,200.000,421.500
color_2,1.345049929,-10.70287797,201.000,421.500
color_2,1.346549446,-10.70287797,202.000,421.500
color_2,1.348048963,-10.70287797,203.000,421.500
color_2,1.34954848,-10.70287797,204.000,421.500
color_2,1.351047996,-10.70287797,205.000,421.500
color_2,1.352547513,-10.70287797,206.000,421.500
color_2,1.35404703,-4.865590708,207.000,361.500
color_2,1.355546547,0.9230524972,208.000,302.000
color_2,1.357046064,-4.816946648,209.000,361.000
color_2,1.35854558,-4.816946648,210.000,361.000
color_2,1.360045097,-4.816946648,211.000,361.000
color_2,1.361544614,-4.816946648,212.000,361.000
color_2,1.363044131,-4.816946648,213.000,361.000
color_2,1.364543648,-4.816946648,214.000,361.000
color_2,1.366043165,-4.816946648,215.000,361.000
color_2,1.367542681,-4.816946648,216.000,361.000
color_2,1.369042198,-4.816946648,217.000,361.000
color_2,1.370541715,-4.816946648,218.000,361.000
color_2,1.372041232,0.9230524972,219.000,302.000
color_2,1.373540749,-4.768302587,220.000,360.500
color_2,1.375040265,-4.768302587,221.000,360.500
color_2,1.376539782,-4.768302587,222.000,360.500
color_2,1.378039299,-4.768302587,223.000,360.500
color_2,1.379538816,-4.768302587,224.000,360.500
color_2,1.381038333,-4.768302587,225.000,360.500
color_2,1.382537849,-4.768302587,226.000,360.500
color_2,1.384037366,-4.768302587,227.000,360.500
color_2,1.385536883,-4.768302587,228.000,360.500
color_2,1.3870364,0.9230524972,229.000,302.000
color_2,1.388535917,-4.719658527,230.000,360.000
color_2,1.390035434,-4.719658527,231.000,360.000
color_2,1.39153495,-4.719658527,232.000,360.000
color_2,1.393034467,-4.719658527,233.000,360.000
color_2,1.394533984,-4.719658527,234.000,360.000
color_2,1.396033501,-4.719658527,235.000,360.000
color_2,1.397533018,-4.719658527,236.000,360.000
color_2,1.399032534,0.9230524972,237.000,302.000
color_2,1.400532051,-4.671014466,238.000,359.500
color_2,1.402031568,-4.671014466,239.000,359.500
color_2,1.403531085,-4.671014466,240.000,359.500
color_2,1.405030602,-4.671014466,241.000,359.500
color_2,1.406530119,-4.671014466,242.000,359.500
color_2,1.408029635,-4.671014466,243.000,359.500
color_2,1.409529152,-4.671014466,244.000,359.500
color_2,1.411028669,-4.671014466,245.000,359.500
color_2,1.412528186,-4.671014466,246.000,359.500
color_2,1.414027703,-4.622370406,247.000,359.000
color_2,1.415527219,-4.622370406,248.000,359.000
color_2,1.417026736,-4.622370406,249.000,359.000
color_2,1.418526253,-4.622370406,250.000,359.000
color_2,1.42002577,-4.622370406,251.000,359.000
color_2,1.421525287,-4.622370406,252.000,359.000
color_2,1.423024803,-10.11914925,253.000,415.500
color_2,1.42452432,-10.16779331,254.000,416.000
color_2,1.426023837,-10.11914925,255.000,415.500
color_2,1.427523354,-10.11914925,256.000,415.500
color_2,1.429022871,-10.07050519,257.000,415.000
color_2,1.430522388,-10.02186113,258.000,414.500
color_2,1.432021904,-10.02186113,259.000,414.500
color_2,1.433521421,-9.973217066,260.000,414.000
color_2,1.435020938,-9.924573006,261.000,413.500
color_2,1.436520455,-9.924573006,262.000,413.500
color_2,1.438019972,-9.924573006,263.000,413.500
color_2,1.439519488,-9.924573006,264.000,413.500
color_2,1.441019005,-9.924573006,265.000,413.500
color_2,1.442518522,-9.924573006,266.000,413.500
color_2,1.444018039,-9.924573006,267.000,413.500
color_2,1.445517556,-9.924573006,268.000,413.500
color_2,1.447017073,-9.827284885,269.000,412.500
color_2,1.448516589,-9.827284885,270.000,412.500
color_2,1.450016106,-9.827284885,271.000,412.500
color_2,1.451515623,-9.827284885,272.000,412.500
color_2,1.45301514,-9.729996764,273.000,411.500
color_2,1.454514657,-9.729996764,274.000,411.500
color_2,1.456014173,-9.729996764,275.000,411.500
color_2,1.45751369,-9.729996764,276.000,411.500
color_2,1.459013207,-9.632708642,277.000,410.500
color_2,1.460512724,-9.632708642,278.000,410.500
color_2,1.462012241,-9.632708642,279.000,410.500
color_2,1.463511758,-9.584064582,280.000,410.000
color_2,1.465011274,-9.535420521,281.000,409.500
color_2,1.466510791,-9.535420521,282.000,409.500
color_2,1.468010308,-9.535420521,283.000,409.500
color_2,1.469509825,-9.4381324,284.000,408.500
color_2,1.471009342,-9.4381324,285.000,408.500
color_2,1.472508858,-9.4381324,286.000,408.500
color_2,1.474008375,-9.340844279,287.000,407.500
color_2,1.475507892,-9.340844279,288.000,407.500
color_2,1.477007409,-9.340844279,289.000,407.500
color_2,1.478506926,-9.340844279,290.000,407.500
color_2,1.480006442,-9.243556158,291.000,406.500
color_2,1.481505959,-9.243556158,292.000,406.500
color_2,1.483005476,-9.243556158,293.000,406.500
color_2,1.484504993,-9.146268037,294.000,405.500
color_2,1.48600451,-9.146268037,295.000,405.500
color_2,1.487504027,-9.146268037,296.000,405.500
color_2,1.489003543,-9.048979916,297.000,404.500
color_2,1.49050306,-9.048979916,298.000,404.500
color_2,1.492002577,-9.048979916,299.000,404.500
color_2,1.493502094,-8.951691795,300.000,403.500
color_2,1.495001611,-8.951691795,301.000,403.500
color_2,1.496501127,-8.951691795,302.000,403.500
color_2,1.498000644,-8.854403674,303.000,402.500
color_2,1.499500161,-8.854403674,304.000,402.500
color_2,1.500999678,-8.805759613,305.000,402.000
color_2,1.502499195,-8.757115553,306.000,401.500
color_2,1.503998712,-8.757115553,307.000,401.500
color_2,1.505498228,-8.659827431,308.000,400.500
color_2,1.506997745,-8.659827431,309.000,400.500
color_2,1.508497262,-8.611183371,310.000,400.000
color_2,1.509996779,-8.56253931,311.000,399.500
color_2,1.511496296,-8.56253931,312.000,399.500
color_2,1.512995812,-8.465251189,313.000,398.500
color_2,1.514495329,-8.465251189,314.000,398.500
color_2,1.515994846,-8.367963068,315.000,397.500
color_2,1.517494363,-8.367963068,316.000,397.500
color_2,1.51899388,-8.270674947,317.000,396.500
color_2,1.520493396,-8.270674947,318.000,396.500
color_2,1.521992913,-8.173386826,319.000,395.500
color_2,1.52349243,-8.173386826,320.000,395.500
color_2,1.524991947,-8.124742765,321.000,395.000
color_2,1.526491464,-8.076098705,322.000,394.500
color_2,1.527990981,-8.076098705,323.000,394.500
color_2,1.529490497,-7.978810584,324.000,393.500
color_2,1.530990014,-7.978810584,325.000,393.500
color_2,1.532489531,-7.881522463,326.000,392.500
color_2,1.533989048,-7.881522463,327.000,392.500
color_2,1.535488565,-7.784234342,328.000,391.500
color_2,1.536988081,-7.784234342,329.000,391.500
color_2,1.538487598,-7.68694622,330.000,390.500
color_2,1.539987115,-7.68694622,331.000,390.500
color_2,1.541486632,-7.589658099,332.000,389.500
color_2,1.542986149,-7.589658099,333.000,389.500
color_2,1.544485666,-7.492369978,334.000,388.500
color_2,1.545985182,-7.492369978,335.000,388.500
color_2,1.547484699,-7.395081857,336.000,387.500
color_2,1.548984216,-7.395081857,337.000,387.500
color_2,1.550483733,-7.297793736,338.000,386.500
color_2,1.55198325,-7.297793736,339.000,386.500
color_2,1.553482766,-7.249149675,340.000,386.000
color_2,1.554982283,-7.200505615,341.000,385.500
color_2,1.5564818,-7.200505615,342.000,385.500
color_2,1.557981317,-7.103217494,343.000,384.500
color_2,1.559480834,-7.103217494,344.000,384.500
color_2,1.56098035,-7.103217494,345.000,384.500
color_2,1.562479867,-7.005929373,346.000,383.500
color_2,1.563979384,-7.005929373,347.000,383.500
color_2,1.565478901,-7.005929373,348.000,383.500
color_2,1.566978418,-7.005929373,349.000,383.500
color_2,1.568477935,-6.908641252,350.000,382.500
color_2,1.569977451,-6.908641252,351.000,382.500
color_2,1.571476968,-6.908641252,352.000,382.500
color_2,1.572976485,-6.908641252,353.000,382.500
color_2,1.574476002,-6.859997191,354.000,382.000
color_2,1.575975519,-6.81135313,355.000,381.500
color_2,1.577475035,-6.81135313,356.000,381.500
color_2,1.578974552,-6.81135313,357.000,381.500
color_2,1.580474069,-6.81135313,358.000,381.500
color_2,1.581973586,-6.76270907,359.000,381.000
color_2,1.583473103,-6.76270907,360.000,381.000
color_2,1.58497262,-6.714065009,361.000,380.500
color_2,1.586472136,-6.714065009,362.000,380.500
color_2,1.587971653,-6.714065009,363.000,380.500
color_2,1.58947117,-6.714065009,364.000,380.500
color_2,1.590970687,-6.714065009,365.000,380.500
color_2,1.592470204,-6.714065009,366.000,380.500
color_2,1.59396972,-6.714065009,367.000,380.500
color_2,1.595469237,-6.714065009,368.000,380.500
color_2,1.596968754,-6.714065009,369.000,380.500
color_2,1.598468271,-6.714065009,370.000,380.500
color_2,1.599967788,-6.714065009,371.000,380.500
color_2,1.601467304,-6.714065009,372.000,380.500
color_2,1.602966821,-6.714065009,373.000,380.500
color_2,1.604466338,-6.714065009,374.000,380.500
color_2,1.605965855,-6.665420949,375.000,380.000
color_2,1.607465372,-6.665420949,376.000,380.000
color_2,1.608964889,-6.665420949,377.000,380.000
color_2,1.610464405,-6.616776888,378.000,379.500
color_2,1.611963922,-6.616776888,379.000,379.500
color_2,1.613463439,-6.616776888,380.000,379.500
color_2,1.614962956,-6.616776888,381.000,379.500
color_2,1.616462473,-6.616776888,382.000,379.500
color_2,1.617961989,-6.616776888,383.000,379.500
color_2,1.619461506,-6.616776888,384.000,379.500
color_2,1.620961023,-6.616776888,385.000,379.500
color_2,1.62246054,-6.616776888,386.000,379.500
color_2,1.623960057,-6.616776888,387.000,379.500
color_2,1.625459574,-6.616776888,388.000,379.500
color_2,1.62695909,-6.616776888,389.000,379.500
color_2,1.628458607,-6.616776888,390.000,379.500
color_2,1.629958124,-6.616776888,391.000,379.500
color_2,1.631457641,-6.616776888,392.000,379.500
color_2,1.632957158,-6.616776888,393.000,379.500
color_2,1.634456674,-6.616776888,394.000,379.500
color_2,1.635956191,-6.616776888,395.000,379.500
color_2,1.637455708,-6.616776888,396.000,379.500
color_2,1.638955225,-6.616776888,397.000,379.500
color_2,1.640454742,-6.616776888,398.000,379.500
color_2,1.641954258,-6.616776888,399.000,379.500
color_2,1.643453775,-6.616776888,400.000,379.500
color_2,1.644953292,-6.616776888,401.000,379.500
color_2,1.646452809,-6.616776888,402.000,379.500
color_2,1.647952326,-6.616776888,403.000,379.500
color_2,1.649451843,-6.616776888,404.000,379.500
color_2,1.650951359,-6.616776888,405.000,379.500
color_2,1.652450876,-6.616776888,406.000,379.500
color_2,1.653950393,-6.616776888,407.000,379.500
color_2,1.65544991,-6.616776888,408.000,379.500
color_2,1.656949427,-6.616776888,409.000,379.500
color_2,1.658448943,-6.616776888,410.000,379.500
color_2,1.65994846,-6.616776888,411.000,379.500
color_2,1.661447977,-6.616776888,412.000,379.500
color_2,1.662947494,-6.616776888,413.000,379.500
color_2,1.664447011,-6.616776888,414.000,379.500
color_2,1.665946528,-6.616776888,415.000,379.500
color_2,1.667446044,-6.616776888,416.000,379.500
color_2,1.668945561,-6.616776888,417.000,379.500
color_2,1.670445078,-6.616776888,418.000,379.500
color_2,1.671944595,-6.616776888,419.000,379.500
color_2,1.673444112,-6.616776888,420.000,379.500
color_2,1.674943628,-6.616776888,421.000,379.500
color_2,1.676443145,-6.616776888,422.000,379.500
color_2,1.677942662,-6.616776888,423.000,379.500
color_2,1.679442179,-6.616776888,424.000,379.500
color_2,1.680941696,-6.616776888,425.000,379.500
color_2,1.682441212,-6.616776888,426.000,379.500
color_2,1.683940729,-6.616776888,427.000,379.500
color_2,1.685440246,-6.616776888,428.000,379.500
color_2,1.686939763,-6.616776888,429.000,379.500
color_2,1.68843928,-6.616776888,430.000,379.500
color_2,1.689938797,-6.616776888,431.000,379.500
color_2,1.691438313,-6.616776888,432.000,379.500
color_2,1.69293783,-6.616776888,433.000,379.500
color_2,1.694437347,-6.616776888,434.000,379.500
color_2,1.695936864,-6.616776888,435.000,379.500
color_2,1.697436381,-6.616776888,436.000,379.500
color_2,1.698935897,-6.616776888,437.000,379.500
color_2,1.700435414,-6.616776888,438.000,379.500
color_2,1.701934931,-6.616776888,439.000,379.500
color_2,1.703434448,-6.616776888,440.000,379.500
color_2,1.704933965,-6.616776888,441.000,379.500
color_2,1.706433482,-6.616776888,442.000,379.500
color_2,1.707932998,-6.616776888,443.000,379.500
color_2,1.709432515,-6.616776888,444.000,379.500
color_2,1.710932032,-6.616776888,445.000,379.500
color_2,1.712431549,-6.616776888,446.000,379.500
color_2,1.713931066,-6.616776888,447.000,379.500
color_2,1.715430582,-6.616776888,448.000,379.500
color_2,1.716930099,-6.616776888,449.000,379.500
color_2,1.718429616,-6.616776888,450.000,379.500
color_2,1.719929133,-6.616776888,451.000,379.500
color_2,1.72142865,-6.616776888,452.000,379.500
color_2,1.722928167,-6.616776888,453.000,379.500
color_2,1.724427683,-6.616776888,454.000,379.500
color_2,1.7259272,-6.616776888,455.000,379.500
color_2,1.727426717,-6.616776888,456.000,379.500
color_2,1.728926234,-6.616776888,457.000,379.500
color_2,1.730425751,-6.616776888,458.000,379.500
color_2,1.731925267,-6.616776888,459.000,379.500
color_2,1.733424784,-6.616776888,460.000,379.500
color_2,1.734924301,-6.616776888,461.000,379.500
color_2,1.736423818,-6.616776888,462.000,379.500
color_2,1.737923335,-6.568132828,463.000,379.000
color_2,1.739422851,-6.568132828,464.000,379.000
color_2,1.740922368,-6.519488767,465.000,378.500
color_2,1.742421885,-6.519488767,466.000,378.500
color_2,1.743921402,-6.519488767,467.000,378.500
color_2,1.745420919,-6.519488767,468.000,378.500
color_2,1.746920436,-6.519488767,469.000,378.500
color_2,1.748419952,-6.568132828,470.000,379.000
color_2,1.749919469,-6.568132828,471.000,379.000
color_2,1.751418986,-6.519488767,472.000,378.500
color_2,1.752918503,-6.519488767,473.000,378.500
color_2,1.75441802,-6.519488767,474.000,378.500
color_2,1.755917536,-6.519488767,475.000,378.500
color_2,1.757417053,-6.519488767,476.000,378.500
color_2,1.75891657,-6.519488767,477.000,378.500
color_2,1.760416087,-6.519488767,478.000,378.500
color_2,1.761915604,-6.519488767,479.000,378.500
color_2,1.763415121,-6.470844707,480.000,378.000
color_2,1.764914637,-6.519488767,481.000,378.500
color_2,1.766414154,-6.519488767,482.000,378.500
color_2,1.767913671,-6.519488767,483.000,378.500
color_2,1.769413188,-6.519488767,484.000,378.500
color_2,1.770912705,-6.519488767,485.000,378.500
color_2,1.772412221,-6.519488767,486.000,378.500
color_2,1.773911738,-6.519488767,487.000,378.500
color_2,1.775411255,-6.519488767,488.000,378.500
color_2,1.776910772,-6.519488767,489.000,378.500
color_2,1.778410289,-6.519488767,490.000,378.500
color_2,1.779909805,-6.519488767,491.000,378.500
color_2,1.781409322,-6.519488767,492.000,378.500
color_2,1.782908839,-6.519488767,493.000,378.500
color_2,1.784408356,-6.519488767,494.000,378.500
color_2,1.785907873,-6.519488767,495.000,378.500
color_2,1.78740739,-6.519488767,496.000,378.500
color_2,1.788906906,-6.519488767,497.000,378.500
color_2,1.790406423,-6.519488767,498.000,378.500
color_2,1.79190594,-6.470844707,499.000,378.000
color_2,1.793405457,-6.470844707,500.000,378.000
color_2,1.794904974,-6.470844707,501.000,378.000
color_2,1.79640449,-6.422200646,502.000,377.500
color_2,1.797904007,-6.422200646,503.000,377.500
color_2,1.799403524,-6.422200646,504.000,377.500
color_2,1.800903041,-6.422200646,505.000,377.500
color_2,1.802402558,-6.422200646,506.000,377.500
color_2,1.803902075,-6.422200646,507.000,377.500
color_2,1.805401591,-6.422200646,508.000,377.500
color_2,1.806901108,-6.422200646,509.000,377.500
color_2,1.808400625,-6.422200646,510.000,377.500
color_2,1.809900142,-6.373556586,511.000,377.000
color_2,1.811399659,-6.373556586,512.000,377.000
color_2,1.812899175,-6.373556586,513.000,377.000
color_2,1.814398692,-6.373556586,514.000,377.000
color_2,1.815898209,-6.373556586,515.000,377.000
color_2,1.817397726,-6.324912525,516.000,376.500
color_2,1.818897243,-6.324912525,517.000,376.500
color_2,1.820396759,-6.324912525,518.000,376.500
color_2,1.821896276,-6.324912525,519.000,376.500
color_2,1.823395793,-6.324912525,520.000,376.500
color_2,1.82489531,-6.324912525,521.000,376.500
color_2,1.826394827,-6.324912525,522.000,376.500
color_2,1.827894344,-6.324912525,523.000,376.500
color_2,1.82939386,-6.324912525,524.000,376.500
color_2,1.830893377,-6.324912525,525.000,376.500
color_2,1.832392894,-6.276268464,526.000,376.000
color_2,1.833892411,-6.227624404,527.000,375.500
color_2,1.835391928,-6.227624404,528.000,375.500
color_2,1.836891444,-6.227624404,529.000,375.500
color_2,1.838390961,-6.227624404,530.000,375.500
color_2,1.839890478,-6.227624404,531.000,375.500
color_2,1.841389995,-6.227624404,532.000,375.500
color_2,1.842889512,-6.227624404,533.000,375.500
color_2,1.844389029,-6.227624404,534.000,375.500
color_2,1.845888545,-6.178980343,535.000,375.000
color_2,1.847388062,-6.130336283,536.000,374.500
color_2,1.848887579,-6.130336283,537.000,374.500
color_2,1.850387096,-6.130336283,538.000,374.500
color_2,1.851886613,-6.130336283,539.000,374.500
color_2,1.853386129,-6.130336283,540.000,374.500
color_2,1.854885646,-6.033048162,541.000,373.500
color_2,1.856385163,-6.033048162,542.000,373.500
color_2,1.85788468,-6.033048162,543.000,373.500
color_2,1.859384197,-6.033048162,544.000,373.500
color_2,1.860883713,-5.984404101,545.000,373.000
color_2,1.86238323,-5.935760041,546.000,372.500
color_2,1.863882747,-5.935760041,547.000,372.500
color_2,1.865382264,-5.935760041,548.000,372.500
color_2,1.866881781,-5.88711598,549.000,372.000
color_2,1.868381298,-5.838471919,550.000,371.500
color_2,1.869880814,-5.838471919,551.000,371.500
color_2,1.871380331,-5.838471919,552.000,371.500
color_2,1.872879848,-5.789827859,553.000,371.000
color_2,1.874379365,-5.741183798,554.000,370.500
color_2,1.875878882,-5.741183798,555.000,370.500
color_2,1.877378398,-5.692539738,556.000,370.000
color_2,1.878877915,-5.643895677,557.000,369.500
color_2,1.880377432,-5.595251617,558.000,369.000
color_2,1.881876949,-5.546607556,559.000,368.500
color_2,1.883376466,-5.497963496,560.000,368.000
color_2,1.884875983,-5.449319435,561.000,367.500
color_2,1.886375499,-5.400675374,562.000,367.000
color_2,1.887875016,-5.352031314,563.000,366.500
color_2,1.889374533,-5.254743193,564.000,365.500
color_2,1.89087405,-5.157455072,565.000,364.500
color_2,1.892373567,-5.060166951,566.000,363.500
color_2,1.893873083,-5.01152289,567.000,363.000
color_2,1.8953726,-4.914234769,568.000,362.000
color_2,1.896872117,-4.816946648,569.000,361.000
color_2,1.898371634,-4.719658527,570.000,360.000
color_2,1.899871151,-4.622370406,571.000,359.000
color_2,1.901370667,-4.525082285,572.000,358.000
color_2,1.902870184,-4.427794163,573.000,357.000
color_2,1.904369701,-4.330506042,574.000,356.000
color_2,1.905869218,-4.184573861,575.000,354.500
color_2,1.907368735,-4.038641679,576.000,353.000
color_2,1.908868252,-3.941353558,577.000,352.000
color_2,1.910367768,-3.746777316,578.000,350.000
color_2,1.911867285,-3.600845134,579.000,348.500
color_2,1.913366802,-3.503557013,580.000,347.500
color_2,1.914866319,-3.357624831,581.000,346.000
color_2,1.916365836,-3.21169265,582.000,344.500
color_2,1.917865352,-3.065760468,583.000,343.000
color_2,1.919364869,-2.919828286,584.000,341.500
color_2,1.920864386,-2.773896105,585.000,340.000
color_2,1.922363903,-2.627963923,586.000,338.500
color_2,1.92386342,-2.433387681,587.000,336.500
color_2,1.925362937,-2.287455499,588.000,335.000
color_2,1.926862453,-2.092879257,589.000,333.000
color_2,1.92836197,-1.946947075,590.000,331.500
color_2,1.929861487,-1.801014894,591.000,330.000
color_2,1.931361004,-1.655082712,592.000,328.500
color_2,1.932860521,-1.46050647,593.000,326.500
color_2,1.934360037,-1.314574288,594.000,325.000
color_2,1.935859554,-1.168642106,595.000,323.500
color_2,1.937359071,-1.022709925,596.000,322.000
color_2,1.938858588,-0.7794896221,597.000,319.500
color_2,1.940358105,-0.5849133799,598.000,317.500
color_2,1.941857622,-0.3903371377,599.000,315.500
color_2,1.943357138,-0.2930490166,600.000,314.500
color_2,1.944856655,-0.09847277435,601.000,312.500
color_2,1.946356172,0.09610346786,602.000,310.500
color_2,1.947855689,0.2906797101,603.000,308.500
color_2,1.949355206,0.4852559523,604.000,306.500
color_2,1.950854722,0.6311881339,605.000,305.000
color_2,1.952354239,0.8257643761,606.000,303.000
color_2,1.953853756,1.020340618,607.000,301.000
color_2,1.955353273,1.214916861,608.000,299.000
color_2,1.95685279,1.409493103,609.000,297.000
color_2,1.958352306,1.555425284,610.000,295.500
color_2,1.959851823,1.750001527,611.000,293.500
color_2,1.96135134,1.944577769,612.000,291.500
color_2,1.962850857,2.139154011,613.000,289.500
color_2,1.964350374,2.333730253,614.000,287.500
color_2,1.965849891,2.479662435,615.000,286.000
color_2,1.967349407,2.625594617,616.000,284.500
color_2,1.968848924,2.820170859,617.000,282.500
color_2,1.970348441,3.014747101,618.000,280.500
color_2,1.971847958,3.209323343,619.000,278.500
color_2,1.973347475,3.403899585,620.000,276.500
color_2,1.974846991,3.501187706,621.000,275.500
color_2,1.976346508,3.695763949,622.000,273.500
color_2,1.977846025,3.890340191,623.000,271.500
color_2,1.979345542,3.987628312,624.000,270.500
color_2,1.980845059,4.182204554,625.000,268.500
color_2,1.982344576,4.376780796,626.000,266.500
color_2,1.983844092,4.474068918,627.000,265.500
color_2,1.985343609,4.66864516,628.000,263.500
color_2,1.986843126,4.814577341,629.000,262.000
color_2,1.988342643,4.960509523,630.000,260.500
color_2,1.98984216,5.155085765,631.000,258.500
color_2,1.991341676,5.349662007,632.000,256.500
color_2,1.992841193,5.54423825,633.000,254.500
color_2,1.99434071,5.738814492,634.000,252.500
color_2,1.995840227,5.884746674,635.000,251.000
color_2,1.997339744,6.030678855,636.000,249.500
color_2,1.99883926,6.127966976,637.000,248.500
color_2,2.000338777,6.225255097,638.000,247.500
color_2,2.001838294,6.273899158,639.000,247.000
color_2,2.003337811,6.322543218,640.000,246.500
color_2,2.004837328,6.41983134,641.000,245.500
color_2,2.006336845,6.4684754,642.000,245.000
color_2,2.007836361,6.614407582,643.000,243.500
color_2,2.009335878,6.857627885,644.000,241.000
color_2,2.010835395,7.052204127,645.000,239.000
color_2,2.012334912,7.198136308,646.000,237.500
color_2,2.013834429,7.441356611,647.000,235.000
color_2,2.015333945,7.538644732,648.000,234.000
color_2,2.016833462,7.635932853,649.000,233.000
color_2,2.018332979,7.684576914,650.000,232.500
color_2,2.019832496,7.733220974,651.000,232.000
color_2,2.021332013,7.781865035,652.000,231.500
color_2,2.02283153,7.830509096,653.000,231.000
color_2,2.024331046,7.976441277,654.000,229.500
color_2,2.025830563,8.122373459,655.000,228.000
color_2,2.02733008,8.316949701,656.000,226.000
color_2,2.028829597,8.560170004,657.000,223.500
color_2,2.030329114,8.754746246,658.000,221.500
color_2,2.03182863,8.852034367,659.000,220.500
color_3,1.219090517,-10.60558985,117.000,420.500
color_3,1.220590033,-10.60558985,118.000,420.500
color_3,1.22208955,-10.60558985,119.000,420.500
color_3,1.223589067,-10.60558985,120.000,420.500
color_3,1.225088584,-10.60558985,121.000,420.500
color_3,1.226588101,-10.60558985,122.000,420.500
color_3,1.228087618,-10.60558985,123.000,420.500
color_3,1.229587134,-10.50830173,124.000,419.500
color_3,1.231086651,-10.50830173,125.000,419.500
color_3,1.232586168,-10.50830173,126.000,419.500
color_3,1.234085685,-10.50830173,127.000,419.500
color_3,1.235585202,-10.55694579,128.000,420.000
color_3,1.237084718,-10.55694579,129.000,420.000
color_3,1.238584235,-10.55694579,130.000,420.000
color_3,1.240083752,-10.60558985,131.000,420.500
color_3,1.241583269,-10.60558985,132.000,420.500
color_3,1.243082786,-10.60558985,133.000,420.500
color_3,1.244582303,-10.50830173,134.000,419.500
color_3,1.246081819,-10.50830173,135.000,419.500
color_3,1.247581336,-10.50830173,136.000,419.500
color_3,1.249080853,-10.50830173,137.000,419.500
color_3,1.25058037,-10.50830173,138.000,419.500
color_3,1.252079887,-10.50830173,139.000,419.500
color_3,1.253579403,-10.50830173,140.000,419.500
color_3,1.25507892,-10.50830173,141.000,419.500
color_3,1.256578437,-10.50830173,142.000,419.500
color_3,1.258077954,-10.50830173,143.000,419.500
color_3,1.259577471,-10.50830173,144.000,419.500
color_3,1.261076987,-10.50830173,145.000,419.500
color_3,1.262576504,-10.50830173,146.000,419.500
color_3,1.264076021,-10.50830173,147.000,419.500
color_3,1.265575538,-10.50830173,148.000,419.500
color_3,1.267075055,-10.50830173,149.000,419.500
color_3,1.268574572,-10.50830173,150.000,419.500
color_3,1.270074088,-10.50830173,151.000,419.500
color_3,1.271573605,-10.50830173,152.000,419.500
color_3,1.273073122,-10.50830173,153.000,419.500
color_3,1.274572639,-10.50830173,154.000,419.500
color_3,1.276072156,-10.50830173,155.000,419.500
color_3,1.277571672,-10.50830173,156.000,419.500
color_3,1.279071189,-10.50830173,157.000,419.500
color_3,1.280570706,-10.50830173,158.000,419.500
color_3,1.282070223,-10.50830173,159.000,419.500
color_3,1.28356974,-10.50830173,160.000,419.500
color_3,1.285069257,-10.50830173,161.000,419.500
color_3,1.286568773,-10.50830173,162.000,419.500
color_3,1.28806829,-10.50830173,163.000,419.500
color_3,1.289567807,-10.50830173,164.000,419.500
color_3,1.291067324,-10.50830173,165.000,419.500
color_3,1.292566841,-10.50830173,166.000,419.500
color_3,1.294066357,-10.45965767,167.000,419.000
color_3,1.295565874,-10.41101361,168.000,418.500
color_3,1.297065391,-10.41101361,169.000,418.500
color_3,1.298564908,-10.41101361,170.000,418.500
color_3,1.300064425,-10.41101361,171.000,418.500
color_3,1.301563941,-10.41101361,172.000,418.500
color_3,1.303063458,-10.41101361,173.000,418.500
color_3,1.304562975,-10.41101361,174.000,418.500
color_3,1.306062492,-10.41101361,175.000,418.500
color_3,1.307562009,-10.41101361,176.000,418.500
color_3,1.309061526,-10.41101361,177.000,418.500
color_3,1.310561042,-10.41101361,178.000,418.500
color_3,1.312060559,-10.41101361,179.000,418.500
color_3,1.313560076,-10.41101361,180.000,418.500
color_3,1.315059593,-10.41101361,181.000,418.500
color_3,1.31655911,-10.41101361,182.000,418.500
color_3,1.318058626,-10.41101361,183.000,418.500
color_3,1.319558143,-10.41101361,184.000,418.500
color_3,1.32105766,-10.41101361,185.000,418.500
color_3,1.322557177,-10.41101361,186.000,418.500
color_3,1.324056694,-10.41101361,187.000,418.500
color_3,1.325556211,-10.41101361,188.000,418.500
color_3,1.327055727,-10.41101361,189.000,418.500
color_3,1.328555244,-10.36236955,190.000,418.000
color_3,1.330054761,-10.36236955,191.000,418.000
color_3,1.331554278,-10.36236955,192.000,418.000
color_3,1.333053795,-10.36236955,193.000,418.000
color_3,1.334553311,-10.31372549,194.000,417.500
color_3,1.336052828,-10.31372549,195.000,417.500
color_3,1.337552345,-10.31372549,196.000,417.500
color_3,1.339051862,-10.31372549,197.000,417.500
color_3,1.340551379,-10.31372549,198.000,417.500
color_3,1.342050895,-10.31372549,199.000,417.500
color_3,1.343550412,-10.31372549,200.000,417.500
color_3,1.345049929,-10.31372549,201.000,417.500
color_3,1.346549446,-10.31372549,202.000,417.500
color_3,1.348048963,-10.31372549,203.000,417.500
color_3,1.34954848,-10.31372549,204.000,417.500
color_3,1.351047996,-10.31372549,205.000,417.500
color_3,1.352547513,-10.31372549,206.000,417.500
color_3,1.35404703,-0.5849133799,207.000,317.500
color_3,1.355546547,-0.5362693193,208.000,317.000
color_3,1.357046064,-0.5362693193,209.000,317.000
color_3,1.35854558,-0.5362693193,210.000,317.000
color_3,1.360045097,-0.5362693193,211.000,317.000
color_3,1.361544614,-0.5362693193,212.000,317.000
color_3,1.363044131,-0.5362693193,213.000,317.000
color_3,1.364543648,-0.5362693193,214.000,317.000
color_3,1.366043165,-0.5362693193,215.000,317.000
color_3,1.367542681,-0.5362693193,216.000,317.000
color_3,1.369042198,-0.4876252588,217.000,316.500
color_3,1.370541715,-0.4876252588,218.000,316.500
color_3,1.372041232,-0.4876252588,219.000,316.500
color_3,1.373540749,-0.4876252588,220.000,316.500
color_3,1.375040265,-0.4876252588,221.000,316.500
color_3,1.376539782,-0.4876252588,222.000,316.500
color_3,1.378039299,-0.4876252588,223.000,316.500
color_3,1.379538816,-0.4876252588,224.000,316.500
color_3,1.381038333,-0.4876252588,225.000,316.500
color_3,1.382537849,-0.4876252588,226.000,316.500
color_3,1.384037366,-0.4876252588,227.000,316.500
color_3,1.385536883,-0.4876252588,228.000,316.500
color_3,1.3870364,-0.4876252588,229.000,316.500
color_3,1.388535917,9.09525467,230.000,218.000
color_3,1.390035434,-0.4389811982,231.000,316.000
color_3,1.39153495,-0.4389811982,232.000,316.000
color_3,1.393034467,-0.4389811982,233.000,316.000
color_3,1.394533984,-0.4389811982,234.000,316.000
color_3,1.396033501,-0.4389811982,235.000,316.000
color_3,1.397533018,-0.4389811982,236.000,316.000
color_3,1.399032534,-0.4389811982,237.000,316.000
color_3,1.400532051,-0.4389811982,238.000,316.000
color_3,1.402031568,-0.4389811982,239.000,316.000
color_3,1.403531085,-0.4389811982,240.000,316.000
color_3,1.405030602,-0.4389811982,241.000,316.000
color_3,1.406530119,-0.4389811982,242.000,316.000
color_3,1.408029635,-0.4389811982,243.000,316.000
color_3,1.409529152,-0.4389811982,244.000,316.000
color_3,1.411028669,-0.4389811982,245.000,316.000
color_3,1.412528186,-0.4389811982,246.000,316.000
color_3,1.414027703,-0.4389811982,247.000,316.000
color_3,1.415527219,-0.4389811982,248.000,316.000
color_3,1.417026736,-0.4389811982,249.000,316.000
color_3,1.418526253,-0.4389811982,250.000,316.000
color_3,1.42002577,-0.4389811982,251.000,316.000
color_3,1.421525287,-9.875928945,252.000,413.000
color_3,1.423024803,-9.875928945,253.000,413.000
color_3,1.42452432,-9.924573006,254.000,413.500
color_3,1.426023837,-9.924573006,255.000,413.500
color_3,1.427523354,-9.924573006,256.000,413.500
color_3,1.429022871,-9.924573006,257.000,413.500
color_3,1.430522388,-9.827284885,258.000,412.500
color_3,1.432021904,-9.827284885,259.000,412.500
color_3,1.433521421,-9.778640824,260.000,412.000
color_3,1.435020938,-9.729996764,261.000,411.500
color_3,1.436520455,-9.729996764,262.000,411.500
color_3,1.438019972,-9.681352703,263.000,411.000
color_3,1.439519488,-9.632708642,264.000,410.500
color_3,1.441019005,-9.584064582,265.000,410.000
color_3,1.442518522,-9.535420521,266.000,409.500
color_3,1.444018039,-9.4381324,267.000,408.500
color_3,1.445517556,-9.38948834,268.000,408.000
color_3,1.447017073,-9.292200219,269.000,407.000
color_3,1.448516589,-9.243556158,270.000,406.500
color_3,1.450016106,-9.146268037,271.000,405.500
color_3,1.451515623,-9.097623976,272.000,405.000
color_3,1.45301514,-8.951691795,273.000,403.500
color_3,1.454514657,-8.854403674,274.000,402.500
color_3,1.456014173,-8.757115553,275.000,401.500
color_3,1.45751369,-8.659827431,276.000,400.500
color_3,1.459013207,-8.56253931,277.000,399.500
color_3,1.460512724,-8.465251189,278.000,398.500
color_3,1.462012241,-8.319319008,279.000,397.000
color_3,1.463511758,-8.222030886,280.000,396.000
color_3,1.465011274,-8.124742765,281.000,395.000
color_3,1.466510791,-8.027454644,282.000,394.000
color_3,1.468010308,-7.930166523,283.000,393.000
color_3,1.469509825,-7.881522463,284.000,392.500
color_3,1.471009342,-7.784234342,285.000,391.500
color_3,1.472508858,-7.68694622,286.000,390.500
color_3,1.474008375,-7.589658099,287.000,389.500
color_3,1.475507892,-7.541014039,288.000,389.000
color_3,1.477007409,-7.443725918,289.000,388.000
color_3,1.478506926,-7.395081857,290.000,387.500
color_3,1.480006442,-7.346437797,291.000,387.000
color_3,1.481505959,-7.297793736,292.000,386.500
color_3,1.483005476,-7.200505615,293.000,385.500
color_3,1.484504993,-7.200505615,294.000,385.500
color_3,1.48600451,-7.103217494,295.000,384.500
color_3,1.487504027,-7.103217494,296.000,384.500
color_3,1.489003543,-7.103217494,297.000,384.500
color_3,1.49050306,-7.054573433,298.000,384.000
color_3,1.492002577,-7.054573433,299.000,384.000
color_3,1.493502094,-7.054573433,300.000,384.000
color_3,1.495001611,-7.054573433,301.000,384.000
color_3,1.496501127,-7.054573433,302.000,384.000
color_3,1.739422851,-6.665420949,464.000,380.000
color_3,1.740922368,-6.665420949,465.000,380.000
color_3,1.742421885,-6.665420949,466.000,380.000
color_3,1.743921402,-6.665420949,467.000,380.000
color_3,1.745420919,-6.665420949,468.000,380.000
color_3,1.746920436,-6.665420949,469.000,380.000
color_3,1.748419952,-6.665420949,470.000,380.000
color_3,1.749919469,-6.665420949,471.000,380.000
color_3,1.751418986,-6.665420949,472.000,380.000
color_3,1.752918503,-6.665420949,473.000,380.000
color_3,1.75441802,-6.665420949,474.000,380.000
color_3,1.755917536,-6.665420949,475.000,380.000
color_3,1.757417053,-6.665420949,476.000,380.000
color_3,1.75891657,-6.665420949,477.000,380.000
color_3,1.760416087,-6.665420949,478.000,380.000
color_3,1.761915604,-6.519488767,479.000,378.500
color_3,1.763415121,-6.519488767,480.000,378.500
color_3,1.764914637,-6.665420949,481.000,380.000
color_3,1.766414154,-6.665420949,482.000,380.000
color_3,1.767913671,-6.665420949,483.000,380.000
color_3,1.769413188,-6.665420949,484.000,380.000
color_3,1.770912705,-6.665420949,485.000,380.000
color_3,1.772412221,-6.665420949,486.000,380.000
color_3,1.773911738,-6.665420949,487.000,380.000
color_3,1.775411255,-6.665420949,488.000,380.000
color_3,1.776910772,-6.665420949,489.000,380.000
color_3,1.778410289,-6.665420949,490.000,380.000
color_3,1.779909805,-6.665420949,491.000,380.000
color_3,1.781409322,-6.665420949,492.000,380.000
color_3,1.782908839,-6.665420949,493.000,380.000
color_3,1.784408356,-6.665420949,494.000,380.000
color_3,1.868381298,-5.692539738,550.000,370.000
color_3,1.869880814,-5.692539738,551.000,370.000
color_3,1.871380331,-5.643895677,552.000,369.500
color_3,1.872879848,-5.595251617,553.000,369.000
color_3,1.874379365,-5.546607556,554.000,368.500
color_3,1.875878882,-5.546607556,555.000,368.500
color_3,1.877378398,-5.449319435,556.000,367.500
color_3,1.878877915,-5.400675374,557.000,367.000
color_3,1.880377432,-5.352031314,558.000,366.500
color_3,1.881876949,-5.303387253,559.000,366.000
color_3,1.883376466,-5.157455072,560.000,364.500
color_3,1.884875983,-5.060166951,561.000,363.500
color_3,1.886375499,-5.01152289,562.000,363.000
color_3,1.887875016,-4.914234769,563.000,362.000
color_3,1.889374533,-4.816946648,564.000,361.000
color_3,1.89087405,-4.719658527,565.000,360.000
color_3,1.892373567,-4.622370406,566.000,359.000
color_3,1.893873083,-4.525082285,567.000,358.000
color_3,1.8953726,-4.427794163,568.000,357.000
color_3,1.896872117,-4.330506042,569.000,356.000
color_3,1.898371634,-4.233217921,570.000,355.000
color_3,1.899871151,-4.08728574,571.000,353.500
color_3,1.901370667,-3.989997618,572.000,352.500
color_3,1.902870184,-3.892709497,573.000,351.500
color_3,1.904369701,-3.746777316,574.000,350.000
color_3,1.905869218,-3.698133255,575.000,349.500
color_3,1.907368735,-3.552201074,576.000,348.000
color_3,1.908868252,-3.357624831,577.000,346.000
color_3,1.910367768,-3.308980771,578.000,345.500
color_3,1.911867285,-3.065760468,579.000,343.000
color_3,1.913366802,-2.919828286,580.000,341.500
color_3,1.914866319,-2.773896105,581.000,340.000
color_3,1.916365836,-2.627963923,582.000,338.500
color_3,1.917865352,-2.482031741,583.000,337.000
color_3,1.919364869,-2.33609956,584.000,335.500
color_3,1.920864386,-2.141523318,585.000,333.500
color_3,1.922363903,-2.044235196,586.000,332.500
color_3,1.92386342,-1.801014894,587.000,330.000
color_3,1.925362937,-1.703726773,588.000,329.000
color_3,1.926862453,-1.363218349,589.000,325.500
color_3,1.92836197,-1.168642106,590.000,323.500
color_3,1.929861487,-0.9740658643,591.000,321.500
color_3,1.931361004,-0.8281336826,592.000,320.000
color_3,1.932860521,-0.6335574404,593.000,318.000
color_3,1.934360037,-0.4389811982,594.000,316.000
color_3,1.935859554,-0.244404956,595.000,314.000
color_3,1.937359071,-0.09847277435,596.000,312.500
color_3,1.938858588,0.09610346786,597.000,310.500
color_3,1.940358105,0.3393237706,598.000,308.000
color_3,1.941857622,0.5339000128,599.000,306.000
color_3,1.943357138,0.728476255,600.000,304.000
color_3,1.944856655,0.9716965578,601.000,301.500
color_3,1.946356172,1.214916861,602.000,299.000
color_3,1.947855689,1.409493103,603.000,297.000
color_3,1.949355206,1.652713406,604.000,294.500
color_3,1.950854722,1.847289648,605.000,292.500
color_3,1.952354239,2.04186589,606.000,290.500
color_3,1.953853756,2.236442132,607.000,288.500
color_3,1.955353273,2.479662435,608.000,286.000
color_3,1.95685279,2.674238677,609.000,284.000
color_3,1.958352306,2.868814919,610.000,282.000
color_3,1.959851823,3.160679283,611.000,279.000
color_3,1.96135134,3.403899585,612.000,276.500
color_3,1.962850857,3.647119888,613.000,274.000
color_3,1.964350374,3.890340191,614.000,271.500
color_3,1.965849891,4.182204554,615.000,268.500
color_3,1.967349407,4.425424857,616.000,266.000
color_3,1.968848924,4.620001099,617.000,264.000
color_3,1.970348441,4.863221402,618.000,261.500
color_3,1.971847958,5.057797644,619.000,259.500
color_3,1.973347475,5.301017947,620.000,257.000
color_3,1.974846991,5.495594189,621.000,255.000
color_3,1.976346508,5.787458552,622.000,252.000
color_3,1.977846025,5.982034795,623.000,250.000
color_3,1.979345542,6.225255097,624.000,247.500
color_3,1.980845059,6.517119461,625.000,244.500
color_3,1.982344576,6.808983824,626.000,241.500
color_3,1.983844092,7.052204127,627.000,239.000
color_3,1.985343609,7.29542443,628.000,236.500
color_3,1.986843126,7.538644732,629.000,234.000
color_3,1.988342643,7.830509096,630.000,231.000
color_3,1.98984216,8.025085338,631.000,229.000
color_3,1.991341676,8.21966158,632.000,227.000
color_3,1.992841193,8.414237822,633.000,225.000
color_3,1.99434071,8.706102186,634.000,222.000
color_3,1.995840227,8.900678428,635.000,220.000
color_3,1.997339744,9.241186852,636.000,216.500
color_3,1.99883926,9.533051215,637.000,213.500
color_3,2.000338777,9.824915578,638.000,210.500
color_3,2.001838294,10.11677994,639.000,207.500
color_3,2.003337811,10.36000024,640.000,205.000
color_3,2.004837328,10.60322055,641.000,202.500
color_3,2.006336845,10.89508491,642.000,199.500
color_3,2.007836361,11.13830521,643.000,197.000
color_3,2.009335878,11.38152552,644.000,194.500
color_3,2.010835395,11.5274577,645.000,193.000
color_3,2.012334912,11.81932206,646.000,190.000
color_3,2.013834429,12.06254236,647.000,187.500
color_3,2.015333945,12.25711861,648.000,185.500
color_3,2.016833462,12.59762703,649.000,182.000
color_3,2.018332979,12.84084733,650.000,179.500
color_3,2.019832496,13.18135576,651.000,176.000
color_3,2.021332013,13.52186418,652.000,172.500
color_3,2.02283153,13.76508448,653.000,170.000
color_3,2.024331046,14.05694885,654.000,167.000
color_3,2.025830563,14.25152509,655.000,165.000
color_3,2.02733008,14.44610133,656.000,163.000
color_3,2.028829597,14.68932163,657.000,160.500
color_3,2.030329114,14.83525382,658.000,159.000
color_3,2.03182863,15.12711818,659.000,156.000
color_3,2.033328147,15.37033848,660.000,153.500
color_3,2.034827664,15.7108469,661.000,150.000
color_3,2.036327181,15.95406721,662.000,147.500
color_3,2.037826698,16.24593157,663.000,144.500
color_3,2.039326214,16.58643999,664.000,141.000
color_3,2.040825731,16.8296603,665.000,138.500
color_3,2.042325248,17.17016872,666.000,135.000
color_3,2.043824765,17.41338902,667.000,132.500
color_3,2.045324282,17.65660933,668.000,130.000
color_3,2.046823799,17.89982963,669.000,127.500
color_3,2.048323315,18.04576181,670.000,126.000
color_3,2.049822832,18.24033805,671.000,124.000
color_3,2.051322349,18.4349143,672.000,122.000
color_3,2.052821866,18.77542272,673.000,118.500
color_3,2.054321383,19.06728708,674.000,115.500
color_3,2.055820899,19.40779551,675.000,112.000
color_3,2.057320416,19.79694799,676.000,108.000
color_3,2.058819933,20.13745642,677.000,104.500
color_3,2.06031945,20.42932078,678.000,101.500
color_3,2.061818967,20.7698292,679.000,98.000
color_3,2.063318484,20.96440544,680.000,96.000
color_3,2.064818,21.11033763,681.000,94.500
color_3,2.066317517,21.35355793,682.000,92.000
color_3,2.067817034,21.54813417,683.000,90.000
color_3,2.069316551,21.74271041,684.000,88.000
color_3,2.070816068,22.03457478,685.000,85.000
color_3,2.072315584,22.32643914,686.000,82.000
color_3,2.073815101,22.6183035,687.000,79.000
color_3,2.075314618,22.95881193,688.000,75.500
color_3,2.076814135,23.29932035,689.000,72.000
color_3,2.078313652,23.63982877,690.000,68.500
color_3,2.079813168,23.93169314,691.000,65.500
color_3,2.081312685,24.02898126,692.000,64.500
color_4,1.219090517,-10.55694579,117.000,420.000
color_4,1.220590033,-10.60558985,118.000,420.500
color_4,1.22208955,-10.65423391,119.000,421.000
color_4,1.223589067,-10.65423391,120.000,421.000
color_4,1.225088584,-10.65423391,121.000,421.000
color_4,1.226588101,-10.55694579,122.000,420.000
color_4,1.228087618,-10.55694579,123.000,420.000
color_4,1.229587134,-10.55694579,124.000,420.000
color_4,1.231086651,-10.55694579,125.000,420.000
color_4,1.232586168,-10.55694579,126.000,420.000
color_4,1.234085685,-10.55694579,127.000,420.000
color_4,1.235585202,-10.55694579,128.000,420.000
color_4,1.237084718,-10.55694579,129.000,420.000
color_4,1.238584235,-10.55694579,130.000,420.000
color_4,1.240083752,-10.55694579,131.000,420.000
color_4,1.241583269,-10.55694579,132.000,420.000
color_4,1.243082786,-10.55694579,133.000,420.000
color_4,1.244582303,-10.55694579,134.000,420.000
color_4,1.246081819,-10.55694579,135.000,420.000
color_4,1.247581336,-10.55694579,136.000,420.000
color_4,1.249080853,-10.55694579,137.000,420.000
color_4,1.25058037,-10.50830173,138.000,419.500
color_4,1.252079887,-10.50830173,139.000,419.500
color_4,1.253579403,-10.50830173,140.000,419.500
color_4,1.25507892,-10.50830173,141.000,419.500
color_4,1.256578437,-10.50830173,142.000,419.500
color_4,1.258077954,-10.50830173,143.000,419.500
color_4,1.259577471,-10.50830173,144.000,419.500
color_4,1.261076987,-10.50830173,145.000,419.500
color_4,1.262576504,-10.50830173,146.000,419.500
color_4,1.264076021,-10.45965767,147.000,419.000
color_4,1.265575538,-10.45965767,148.000,419.000
color_4,1.267075055,-10.45965767,149.000,419.000
color_4,1.268574572,-10.45965767,150.000,419.000
color_4,1.270074088,-10.55694579,151.000,420.000
color_4,1.271573605,-10.55694579,152.000,420.000
color_4,1.273073122,-10.55694579,153.000,420.000
color_4,1.274572639,-10.45965767,154.000,419.000
color_4,1.276072156,-10.45965767,155.000,419.000
color_4,1.277571672,-10.45965767,156.000,419.000
color_4,1.279071189,-10.45965767,157.000,419.000
color_4,1.280570706,-10.45965767,158.000,419.000
color_4,1.282070223,-10.45965767,159.000,419.000
color_4,1.28356974,-10.45965767,160.000,419.000
color_4,1.285069257,-10.45965767,161.000,419.000
color_4,1.286568773,-10.45965767,162.000,419.000
color_4,1.28806829,-10.45965767,163.000,419.000
color_4,1.289567807,-10.45965767,164.000,419.000
color_4,1.291067324,-10.45965767,165.000,419.000
color_4,1.292566841,-10.45965767,166.000,419.000
color_4,1.294066357,-10.45965767,167.000,419.000
color_4,1.295565874,-10.45965767,168.000,419.000
color_4,1.297065391,-10.45965767,169.000,419.000
color_4,1.298564908,-10.45965767,170.000,419.000
color_4,1.300064425,-10.36236955,171.000,418.000
color_4,1.301563941,-10.36236955,172.000,418.000
color_4,1.303063458,-10.36236955,173.000,418.000
color_4,1.304562975,-10.36236955,174.000,418.000
color_4,1.306062492,-10.36236955,175.000,418.000
color_4,1.307562009,-10.36236955,176.000,418.000
color_4,1.309061526,-10.36236955,177.000,418.000
color_4,1.310561042,-10.36236955,178.000,418.000
color_4,1.312060559,-10.36236955,179.000,418.000
color_4,1.313560076,-10.36236955,180.000,418.000
color_4,1.315059593,-10.36236955,181.000,418.000
color_4,1.31655911,-10.36236955,182.000,418.000
color_4,1.318058626,-10.36236955,183.000,418.000
color_4,1.319558143,-10.41101361,184.000,418.500
color_4,1.32105766,-10.36236955,185.000,418.000
color_4,1.322557177,-10.36236955,186.000,418.000
color_4,1.324056694,-10.36236955,187.000,418.000
color_4,1.325556211,-10.36236955,188.000,418.000
color_4,1.327055727,-10.36236955,189.000,418.000
color_4,1.328555244,-10.36236955,190.000,418.000
color_4,1.330054761,-10.36236955,191.000,418.000
color_4,1.331554278,-10.36236955,192.000,418.000
color_4,1.333053795,-10.36236955,193.000,418.000
color_4,1.334553311,-10.36236955,194.000,418.000
color_4,1.336052828,-10.36236955,195.000,418.000
color_4,1.337552345,-10.36236955,196.000,418.000
color_4,1.339051862,-10.36236955,197.000,418.000
color_4,1.340551379,-10.36236955,198.000,418.000
color_4,1.342050895,-10.31372549,199.000,417.500
color_4,1.343550412,-10.31372549,200.000,417.500
color_4,1.345049929,-10.31372549,201.000,417.500
color_4,1.346549446,-10.31372549,202.000,417.500
color_4,1.348048963,-10.26508143,203.000,417.000
color_4,1.34954848,-10.26508143,204.000,417.000
color_4,1.351047996,-10.26508143,205.000,417.000
color_4,1.352547513,-10.26508143,206.000,417.000
color_4,1.35404703,-10.16779331,207.000,416.000
color_4,1.355546547,-0.5849133799,208.000,317.500
color_4,1.357046064,-0.5849133799,209.000,317.500
color_4,1.35854558,-0.5849133799,210.000,317.500
color_4,1.360045097,-0.5849133799,211.000,317.500
color_4,1.361544614,8.997966549,212.000,219.000
color_4,1.363044131,8.997966549,213.000,219.000
color_4,1.364543648,8.997966549,214.000,219.000
color_4,1.366043165,8.997966549,215.000,219.000
color_4,1.367542681,-0.5362693193,216.000,317.000
color_4,1.369042198,-0.5362693193,217.000,317.000
color_4,1.370541715,-0.5362693193,218.000,317.000
color_4,1.372041232,-0.5362693193,219.000,317.000
color_4,1.373540749,-0.5362693193,220.000,317.000
color_4,1.375040265,-0.5362693193,221.000,317.000
color_4,1.376539782,-0.5362693193,222.000,317.000
color_4,1.378039299,8.997966549,223.000,219.000
color_4,1.379538816,8.997966549,224.000,219.000
color_4,1.381038333,8.997966549,225.000,219.000
color_4,1.382537849,8.997966549,226.000,219.000
color_4,1.384037366,8.997966549,227.000,219.000
color_4,1.385536883,-0.4876252588,228.000,316.500
color_4,1.3870364,-0.4876252588,229.000,316.500
color_4,1.388535917,-0.4876252588,230.000,316.500
color_4,1.390035434,-0.4876252588,231.000,316.500
color_4,1.39153495,-0.4876252588,232.000,316.500
color_4,1.393034467,-0.4876252588,233.000,316.500
color_4,1.394533984,-0.4876252588,234.000,316.500
color_4,1.396033501,-0.4876252588,235.000,316.500
color_4,1.397533018,-0.4876252588,236.000,316.500
color_4,1.399032534,-0.4876252588,237.000,316.500
color_4,1.400532051,-0.4876252588,238.000,316.500
color_4,1.402031568,-0.4876252588,239.000,316.500
color_4,1.403531085,-0.4876252588,240.000,316.500
color_4,1.405030602,-0.4876252588,241.000,316.500
color_4,1.406530119,-0.4876252588,242.000,316.500
color_4,1.408029635,8.997966549,243.000,219.000
color_4,1.409529152,9.046610609,244.000,218.500
color_4,1.411028669,9.046610609,245.000,218.500
color_4,1.412528186,9.046610609,246.000,218.500
color_4,1.414027703,-0.4389811982,247.000,316.000
color_4,1.415527219,-0.4389811982,248.000,316.000
color_4,1.417026736,-0.4389811982,249.000,316.000
color_4,1.418526253,-0.4389811982,250.000,316.000
color_4,1.42002577,-0.4389811982,251.000,316.000
color_4,1.421525287,-0.4389811982,252.000,316.000
color_4,1.423024803,-9.875928945,253.000,413.000
color_4,1.42452432,-9.924573006,254.000,413.500
color_4,1.426023837,-9.924573006,255.000,413.500
color_4,1.427523354,-9.924573006,256.000,413.500
color_4,1.429022871,-9.827284885,257.000,412.500
color_4,1.430522388,-9.827284885,258.000,412.500
color_4,1.432021904,-9.778640824,259.000,412.000
color_4,1.433521421,-9.729996764,260.000,411.500
color_4,1.435020938,-9.729996764,261.000,411.500
color_4,1.436520455,-9.681352703,262.000,411.000
color_4,1.438019972,-9.681352703,263.000,411.000
color_4,1.439519488,-9.632708642,264.000,410.500
color_4,1.441019005,-9.584064582,265.000,410.000
color_4,1.442518522,-9.486776461,266.000,409.000
color_4,1.444018039,-9.486776461,267.000,409.000
color_4,1.445517556,-9.38948834,268.000,408.000
color_4,1.447017073,-9.292200219,269.000,407.000
color_4,1.448516589,-9.243556158,270.000,406.500
color_4,1.450016106,-9.146268037,271.000,405.500
color_4,1.451515623,-9.048979916,272.000,404.500
color_4,1.45301514,-8.951691795,273.000,403.500
color_4,1.454514657,-8.854403674,274.000,402.500
color_4,1.456014173,-8.757115553,275.000,401.500
color_4,1.45751369,-8.659827431,276.000,400.500
color_4,1.459013207,-8.56253931,277.000,399.500
color_4,1.460512724,-8.465251189,278.000,398.500
color_4,1.462012241,-8.367963068,279.000,397.500
color_4,1.463511758,-8.270674947,280.000,396.500
color_4,1.465011274,-8.173386826,281.000,395.500
color_4,1.466510791,-8.076098705,282.000,394.500
color_4,1.468010308,-7.978810584,283.000,393.500
color_4,1.469509825,-7.881522463,284.000,392.500
color_4,1.471009342,-7.784234342,285.000,391.500
color_4,1.472508858,-7.68694622,286.000,390.500
color_4,1.474008375,-7.589658099,287.000,389.500
color_4,1.475507892,-7.541014039,288.000,389.000
color_4,1.477007409,-7.443725918,289.000,388.000
color_4,1.478506926,-7.443725918,290.000,388.000
color_4,1.480006442,-7.395081857,291.000,387.500
color_4,1.481505959,-7.297793736,292.000,386.500
color_4,1.483005476,-7.297793736,293.000,386.500
color_4,1.484504993,-7.200505615,294.000,385.500
color_4,1.48600451,-7.200505615,295.000,385.500
color_4,1.487504027,-7.103217494,296.000,384.500
color_4,1.489003543,-7.103217494,297.000,384.500
color_4,1.49050306,-7.103217494,298.000,384.500
color_4,1.492002577,-7.054573433,299.000,384.000
color_4,1.493502094,-7.054573433,300.000,384.000
color_4,1.495001611,-7.054573433,301.000,384.000
color_4,1.496501127,-7.054573433,302.000,384.000
color_4,1.498000644,-7.054573433,303.000,384.000
color_4,1.499500161,-7.054573433,304.000,384.000
color_4,1.872879848,-5.595251617,553.000,369.000
color_4,1.874379365,-5.595251617,554.000,369.000
color_4,1.875878882,-5.497963496,555.000,368.000
color_4,1.877378398,-5.400675374,556.000,367.000
color_4,1.878877915,-5.352031314,557.000,366.500
color_4,1.880377432,-5.303387253,558.000,366.000
color_4,1.881876949,-5.206099132,559.000,365.000
color_4,1.883376466,-5.108811011,560.000,364.000
color_4,1.884875983,-5.060166951,561.000,363.500
color_4,1.886375499,-5.060166951,562.000,363.500
color_4,1.887875016,-4.96287883,563.000,362.500
color_4,1.889374533,-4.865590708,564.000,361.500
color_4,1.89087405,-4.768302587,565.000,360.500
color_4,1.892373567,-4.671014466,566.000,359.500
color_4,1.893873083,-4.573726345,567.000,358.500
color_4,1.8953726,-4.476438224,568.000,357.500
color_4,1.896872117,-4.379150103,569.000,356.500
color_4,1.898371634,-4.281861982,570.000,355.500
color_4,1.899871151,-4.184573861,571.000,354.500
color_4,1.901370667,-3.989997618,572.000,352.500
color_4,1.902870184,-3.892709497,573.000,351.500
color_4,1.904369701,-3.844065437,574.000,351.000
color_4,1.905869218,-3.649489195,575.000,349.000
color_4,1.907368735,-3.552201074,576.000,348.000
color_4,1.908868252,-3.308980771,577.000,345.500
color_4,1.910367768,-3.163048589,578.000,344.000
color_4,1.911867285,-3.017116407,579.000,342.500
color_4,1.913366802,-2.871184226,580.000,341.000
color_4,1.914866319,-2.725252044,581.000,339.500
color_4,1.916365836,-2.579319862,582.000,338.000
color_4,1.917865352,-2.433387681,583.000,336.500
color_4,1.919364869,-2.238811439,584.000,334.500
color_4,1.920864386,-2.092879257,585.000,333.000
color_4,1.922363903,-1.946947075,586.000,331.500
color_4,1.92386342,-1.801014894,587.000,330.000
color_4,1.925362937,-1.655082712,588.000,328.500
color_4,1.926862453,-1.411862409,589.000,326.000
color_4,1.92836197,-1.363218349,590.000,325.500
color_4,1.929861487,-1.022709925,591.000,322.000
color_4,1.931361004,-0.8281336826,592.000,320.000
color_4,1.932860521,-0.6335574404,593.000,318.000
color_4,1.934360037,-0.4389811982,594.000,316.000
color_4,1.935859554,-0.244404956,595.000,314.000
color_4,1.937359071,-0.0498287138,596.000,312.000
color_4,1.938858588,0.09610346786,597.000,310.500
color_4,1.940358105,0.2906797101,598.000,308.500
color_4,1.941857622,0.5339000128,599.000,306.000
color_4,1.943357138,0.7771203156,600.000,303.500
color_4,1.944856655,0.9716965578,601.000,301.500
color_4,1.946356172,1.214916861,602.000,299.000
color_4,1.947855689,1.409493103,603.000,297.000
color_4,1.949355206,1.652713406,604.000,294.500
color_4,1.950854722,1.847289648,605.000,292.500
color_4,1.952354239,2.04186589,606.000,290.500
color_4,1.953853756,2.236442132,607.000,288.500
color_4,1.955353273,2.431018374,608.000,286.500
color_4,1.95685279,2.674238677,609.000,284.000
color_4,1.958352306,2.91745898,610.000,281.500
color_4,1.959851823,3.160679283,611.000,279.000
color_4,1.96135134,3.355255525,612.000,277.000
color_4,1.962850857,3.647119888,613.000,274.000
color_4,1.964350374,3.938984251,614.000,271.000
color_4,1.965849891,4.133560494,615.000,269.000
color_4,1.967349407,4.425424857,616.000,266.000
color_4,1.968848924,4.66864516,617.000,263.500
color_4,1.970348441,4.863221402,618.000,261.500
color_4,1.971847958,5.057797644,619.000,259.500
color_4,1.973347475,5.301017947,620.000,257.000
color_4,1.974846991,5.54423825,621.000,254.500
color_4,1.976346508,5.738814492,622.000,252.500
color_4,1.977846025,6.030678855,623.000,249.500
color_4,1.979345542,6.273899158,624.000,247.000
color_4,1.980845059,6.517119461,625.000,244.500
color_4,1.982344576,6.760339763,626.000,242.000
color_4,1.983844092,7.052204127,627.000,239.000
color_4,1.985343609,7.29542443,628.000,236.500
color_4,1.986843126,7.538644732,629.000,234.000
color_4,1.988342643,7.781865035,630.000,231.500
color_4,1.98984216,7.976441277,631.000,229.500
color_4,1.991341676,8.268305641,632.000,226.500
color_4,1.992841193,8.462881883,633.000,224.500
color_4,1.99434071,8.706102186,634.000,222.000
color_4,1.995840227,8.900678428,635.000,220.000
color_4,1.997339744,9.241186852,636.000,216.500
color_4,1.99883926,9.484407154,637.000,214.000
color_4,2.000338777,9.824915578,638.000,210.500
color_4,2.001838294,10.06813588,639.000,208.000
color_4,2.003337811,10.36000024,640.000,205.000
color_4,2.004837328,10.65186461,641.000,202.000
color_4,2.006336845,10.84644085,642.000,200.000
color_4,2.007836361,11.08966115,643.000,197.500
color_4,2.009335878,11.38152552,644.000,194.500
color_4,2.010835395,11.57610176,645.000,192.500
color_4,2.012334912,11.770678,646.000,190.500
color_4,2.013834429,12.06254236,647.000,187.500
color_4,2.015333945,12.30576267,648.000,185.000
color_4,2.016833462,12.59762703,649.000,182.000
color_4,2.018332979,12.88949139,650.000,179.000
color_4,2.019832496,13.18135576,651.000,176.000
color_4,2.021332013,13.47322012,652.000,173.000
color_4,2.02283153,13.76508448,653.000,170.000
color_4,2.024331046,14.00830479,654.000,167.500
color_4,2.025830563,14.25152509,655.000,165.000
color_4,2.02733008,14.44610133,656.000,163.000
color_4,2.028829597,14.64067757,657.000,161.000
color_4,2.030329114,14.88389788,658.000,158.500
color_4,2.03182863,15.17576224,659.000,155.500
color_4,2.033328147,15.37033848,660.000,153.500
color_4,2.034827664,15.7108469,661.000,150.000
color_4,2.036327181,15.95406721,662.000,147.500
color_4,2.037826698,16.24593157,663.000,144.500
color_4,2.039326214,16.58643999,664.000,141.000
color_4,2.040825731,16.8296603,665.000,138.500
color_4,2.042325248,17.17016872,666.000,135.000
color_4,2.043824765,17.36474496,667.000,133.000
color_4,2.045324282,17.65660933,668.000,130.000
color_4,2.046823799,17.85118557,669.000,128.000
color_4,2.048323315,18.04576181,670.000,126.000
color_4,2.049822832,18.28898211,671.000,123.500
color_4,2.051322349,18.4349143,672.000,122.000
color_4,2.052821866,18.77542272,673.000,118.500
color_4,2.054321383,19.11593114,674.000,115.000
color_4,2.055820899,19.40779551,675.000,112.000
color_4,2.057320416,19.79694799,676.000,108.000
color_4,2.058819933,20.08881235,677.000,105.000
color_4,2.06031945,20.42932078,678.000,101.500
color_4,2.061818967,20.72118514,679.000,98.500
color_4,2.063318484,20.91576138,680.000,96.500
color_4,2.064818,21.15898169,681.000,94.000
color_4,2.066317517,21.35355793,682.000,92.000
color_4,2.067817034,21.54813417,683.000,90.000
color_4,2.069316551,21.79135447,684.000,87.500
color_4,2.070816068,22.03457478,685.000,85.000
color_4,2.072315584,22.27779508,686.000,82.500
color_4,2.073815101,22.6183035,687.000,79.000
color_4,2.075314618,23.00745599,688.000,75.000
color_4,2.076814135,23.29932035,689.000,72.000
color_4,2.078313652,23.59118471,690.000,69.000
color_4,2.079813168,23.93169314,691.000,65.500
color_4,2.081312685,23.9803372,692.000,65.000
color_5,1.280570706,-10.75152204,158.000,422.000
color_5,1.282070223,-10.75152204,159.000,422.000
color_5,1.28356974,-10.75152204,160.000,422.000
color_5,1.285069257,-10.75152204,161.000,422.000
color_5,1.286568773,-10.75152204,162.000,422.000
color_5,1.28806829,-10.75152204,163.000,422.000
color_5,1.289567807,-10.75152204,164.000,422.000
color_5,1.291067324,-10.75152204,165.000,422.000
color_5,1.292566841,-10.75152204,166.000,422.000
color_5,1.294066357,-10.75152204,167.000,422.000
color_5,1.295565874,-10.65423391,168.000,421.000
color_5,1.297065391,-10.65423391,169.000,421.000
color_5,1.298564908,-10.65423391,170.000,421.000
color_5,1.300064425,-10.55694579,171.000,420.000
color_5,1.301563941,-10.55694579,172.000,420.000
color_5,1.303063458,-10.55694579,173.000,420.000
color_5,1.304562975,-10.55694579,174.000,420.000
color_5,1.306062492,-10.55694579,175.000,420.000
color_5,1.307562009,-10.55694579,176.000,420.000
color_5,1.309061526,-10.55694579,177.000,420.000
color_5,1.310561042,-10.55694579,178.000,420.000
color_5,1.312060559,-10.55694579,179.000,420.000
color_5,1.313560076,-10.55694579,180.000,420.000
color_5,1.315059593,-10.55694579,181.000,420.000
color_5,1.31655911,-10.55694579,182.000,420.000
color_5,1.318058626,-10.55694579,183.000,420.000
color_5,1.35404703,4.911865462,207.000,261.000
color_5,1.355546547,4.911865462,208.000,261.000
color_5,1.357046064,4.911865462,209.000,261.000
color_5,1.35854558,4.911865462,210.000,261.000
color_5,1.360045097,4.911865462,211.000,261.000
color_5,1.361544614,4.911865462,212.000,261.000
color_5,1.363044131,4.911865462,213.000,261.000
color_5,1.364543648,4.911865462,214.000,261.000
color_5,1.366043165,4.911865462,215.000,261.000
color_5,1.367542681,4.911865462,216.000,261.000
color_5,1.369042198,4.911865462,217.000,261.000
color_5,1.370541715,4.911865462,218.000,261.000
color_5,1.372041232,4.911865462,219.000,261.000
color_5,1.373540749,4.911865462,220.000,261.000
color_5,1.375040265,4.911865462,221.000,261.000
color_5,1.376539782,4.911865462,222.000,261.000
color_5,1.378039299,4.911865462,223.000,261.000
color_5,1.379538816,4.911865462,224.000,261.000
color_5,1.381038333,4.911865462,225.000,261.000
color_5,1.382537849,4.911865462,226.000,261.000
color_5,1.384037366,4.911865462,227.000,261.000
color_5,1.385536883,4.911865462,228.000,261.000
color_5,1.3870364,4.911865462,229.000,261.000
color_5,1.388535917,4.911865462,230.000,261.000
color_5,1.390035434,0.8257643761,231.000,303.000
color_5,1.39153495,0.8257643761,232.000,303.000
color_5,1.393034467,0.8257643761,233.000,303.000
color_5,1.394533984,-4.671014466,234.000,359.500
color_5,1.396033501,-4.671014466,235.000,359.500
color_5,1.397533018,-4.671014466,236.000,359.500
color_5,1.399032534,-4.671014466,237.000,359.500
color_5,1.400532051,-10.21643737,238.000,416.500
color_5,1.402031568,-10.21643737,239.000,416.500
color_5,1.403531085,-10.21643737,240.000,416.500
color_5,1.405030602,-10.21643737,241.000,416.500
color_5,1.406530119,-10.21643737,242.000,416.500
color_5,1.408029635,-10.21643737,243.000,416.500
color_5,1.409529152,-9.924573006,244.000,413.500
color_5,1.411028669,-9.924573006,245.000,413.500
color_5,1.412528186,0.8257643761,246.000,303.000
color_5,1.414027703,0.8257643761,247.000,303.000
color_5,1.415527219,0.8257643761,248.000,303.000
color_5,1.417026736,0.8257643761,249.000,303.000
color_5,1.418526253,0.8257643761,250.000,303.000
color_5,1.42002577,0.8257643761,251.000,303.000
color_5,1.421525287,4.911865462,252.000,261.000
color_5,1.423024803,9.046610609,253.000,218.500
color_5,1.436520455,-9.584064582,262.000,410.000
color_5,1.438019972,-9.827284885,263.000,412.500
color_5,1.439519488,-9.778640824,264.000,412.000
color_5,1.441019005,-9.778640824,265.000,412.000
color_5,1.442518522,-9.729996764,266.000,411.500
color_5,1.444018039,-9.632708642,267.000,410.500
color_5,1.445517556,-9.486776461,268.000,409.000
color_5,1.447017073,-9.486776461,269.000,409.000
color_5,1.448516589,-9.4381324,270.000,408.500
color_5,1.450016106,-9.146268037,271.000,405.500
color_5,1.451515623,-8.951691795,272.000,403.500
color_5,1.45301514,-8.903047734,273.000,403.000
color_5,1.454514657,-8.854403674,274.000,402.500
color_5,1.456014173,-8.757115553,275.000,401.500
color_5,1.45751369,-8.659827431,276.000,400.500
color_5,1.459013207,-8.659827431,277.000,400.500
color_5,1.460512724,-9.194912098,278.000,406.000
color_5,1.462012241,-9.535420521,279.000,409.500
color_5,1.463511758,-9.535420521,280.000,409.500
color_5,1.465011274,-9.535420521,281.000,409.500
color_5,1.466510791,-9.4381324,282.000,408.500
color_5,1.468010308,-8.854403674,283.000,402.500
color_5,1.469509825,-8.805759613,284.000,402.000
color_5,1.471009342,-7.832878402,285.000,392.000
color_5,1.472508858,-9.340844279,286.000,407.500
color_5,1.474008375,-9.340844279,287.000,407.500
color_5,1.475507892,-9.38948834,288.000,408.000
color_5,1.477007409,-9.292200219,289.000,407.000
color_5,1.478506926,-9.292200219,290.000,407.000
color_5,1.480006442,-9.292200219,291.000,407.000
color_5,1.481505959,-9.194912098,292.000,406.000
color_5,1.483005476,-9.194912098,293.000,406.000
color_5,1.484504993,-9.194912098,294.000,406.000
color_5,1.48600451,-9.097623976,295.000,405.000
color_5,1.487504027,-9.097623976,296.000,405.000
color_5,1.489003543,-9.097623976,297.000,405.000
color_5,1.49050306,-9.000335855,298.000,404.000
color_5,1.492002577,-9.000335855,299.000,404.000
color_5,1.493502094,-9.000335855,300.000,404.000
color_5,1.495001611,-8.903047734,301.000,403.000
color_5,1.496501127,-8.903047734,302.000,403.000
color_5,1.498000644,-8.903047734,303.000,403.000
color_5,1.499500161,-8.805759613,304.000,402.000
color_5,1.500999678,-8.805759613,305.000,402.000
color_5,1.502499195,-8.805759613,306.000,402.000
color_5,1.503998712,-8.611183371,307.000,400.000
color_5,1.689938797,-6.470844707,431.000,378.000
color_5,1.691438313,-6.470844707,432.000,378.000
color_5,1.69293783,-6.470844707,433.000,378.000
color_5,1.694437347,-6.470844707,434.000,378.000
color_5,1.695936864,-6.470844707,435.000,378.000
color_5,1.697436381,-6.470844707,436.000,378.000
color_5,1.698935897,-6.470844707,437.000,378.000
color_5,1.700435414,-6.470844707,438.000,378.000
color_5,1.701934931,-6.470844707,439.000,378.000
color_5,1.703434448,-6.470844707,440.000,378.000
color_5,1.704933965,-6.470844707,441.000,378.000
color_5,1.706433482,-6.470844707,442.000,378.000
color_5,1.707932998,-6.470844707,443.000,378.000
color_5,1.709432515,-6.470844707,444.000,378.000
color_5,1.710932032,-6.470844707,445.000,378.000
color_5,1.712431549,-6.470844707,446.000,378.000
color_5,1.713931066,-6.470844707,447.000,378.000
color_5,1.715430582,-6.470844707,448.000,378.000
color_5,1.716930099,-6.470844707,449.000,378.000
color_5,1.718429616,-6.470844707,450.000,378.000
color_5,1.719929133,-6.470844707,451.000,378.000
color_5,1.72142865,-6.470844707,452.000,378.000
color_5,1.722928167,-6.470844707,453.000,378.000
color_5,1.925362937,-1.314574288,588.000,325.000
color_5,1.926862453,-1.168642106,589.000,323.500
color_5,1.92836197,-1.071353985,590.000,322.500
color_5,1.929861487,-0.9740658643,591.000,321.500
color_5,1.931361004,-0.8767777432,592.000,320.500
color_5,1.932860521,-0.7794896221,593.000,319.500
color_5,1.934360037,-0.5849133799,594.000,317.500
color_5,1.935859554,-0.3416930771,595.000,315.000
color_5,1.937359071,-0.1957608955,596.000,313.500
color_5,1.938858588,-0.09847277435,597.000,312.500
color_5,1.940358105,0.2906797101,598.000,308.500
color_5,1.941857622,0.4852559523,599.000,306.500
color_5,1.943357138,0.5825440734,600.000,305.500
color_5,1.944856655,0.728476255,601.000,304.000
color_5,1.946356172,0.9230524972,602.000,302.000
color_5,1.947855689,1.117628739,603.000,300.000
color_5,1.949355206,1.312204982,604.000,298.000
color_5,1.950854722,1.506781224,605.000,296.000
color_5,1.952354239,1.701357466,606.000,294.000
color_5,1.953853756,2.139154011,607.000,289.500
color_5,1.955353273,2.431018374,608.000,286.500
color_5,1.95685279,2.674238677,609.000,284.000
color_5,1.958352306,2.91745898,610.000,281.500
color_5,1.959851823,3.112035222,611.000,279.500
color_5,1.96135134,3.403899585,612.000,276.500
color_5,1.962850857,3.647119888,613.000,274.000
color_5,1.964350374,3.890340191,614.000,271.500
color_5,1.965849891,4.133560494,615.000,269.000
color_5,1.967349407,4.376780796,616.000,266.500
color_5,1.968848924,4.620001099,617.000,264.000
color_5,1.970348441,4.814577341,618.000,262.000
color_5,1.971847958,5.106441705,619.000,259.000
color_5,1.973347475,5.301017947,620.000,257.000
color_5,1.974846991,5.54423825,621.000,254.500
color_5,1.976346508,5.738814492,622.000,252.500
color_5,1.977846025,6.030678855,623.000,249.500
color_5,1.979345542,6.273899158,624.000,247.000
color_5,1.980845059,6.517119461,625.000,244.500
color_5,1.982344576,6.760339763,626.000,242.000
color_5,1.983844092,7.052204127,627.000,239.000
color_5,1.985343609,7.29542443,628.000,236.500
color_5,1.986843126,7.538644732,629.000,234.000
color_5,1.988342643,7.781865035,630.000,231.500
color_5,1.98984216,8.025085338,631.000,229.000
color_5,1.991341676,8.21966158,632.000,227.000
color_5,1.992841193,8.462881883,633.000,224.500
color_5,1.99434071,8.657458125,634.000,222.500
color_5,1.995840227,8.949322488,635.000,219.500
color_5,1.997339744,9.241186852,636.000,216.500
color_5,1.99883926,9.484407154,637.000,214.000
color_5,2.000338777,9.824915578,638.000,210.500
color_5,2.001838294,10.06813588,639.000,208.000
color_5,2.003337811,10.36000024,640.000,205.000
color_5,2.004837328,10.60322055,641.000,202.500
color_5,2.006336845,10.89508491,642.000,199.500
color_5,2.007836361,11.13830521,643.000,197.000
color_5,2.009335878,11.33288146,644.000,195.000
color_5,2.010835395,11.5274577,645.000,193.000
color_5,2.012334912,11.770678,646.000,190.500
color_5,2.013834429,12.06254236,647.000,187.500
color_5,2.015333945,12.25711861,648.000,185.500
color_5,2.016833462,12.59762703,649.000,182.000
color_5,2.018332979,12.88949139,650.000,179.000
color_5,2.019832496,13.18135576,651.000,176.000
color_5,2.021332013,13.47322012,652.000,173.000
color_5,2.02283153,13.71644042,653.000,170.500
color_5,2.024331046,14.05694885,654.000,167.000
color_5,2.025830563,14.05694885,655.000,167.000
color_5,2.02733008,14.44610133,656.000,163.000
color_5,2.028829597,14.83525382,657.000,159.000
color_5,2.030329114,14.981186,658.000,157.500
color_5,2.03182863,15.12711818,659.000,156.000
color_5,2.033328147,15.41898254,660.000,153.000
color_5,2.034827664,15.66220284,661.000,150.500
color_5,2.036327181,15.95406721,662.000,147.500
color_5,2.037826698,16.29457563,663.000,144.000
color_5,2.039326214,16.53779593,664.000,141.500
color_5,2.040825731,16.8296603,665.000,138.500
color_5,2.042325248,17.02423654,666.000,136.500
color_5,2.043824765,17.55932121,667.000,131.000
color_5,2.045324282,17.60796527,668.000,130.500
color_5,2.046823799,17.75389745,669.000,129.000
color_5,2.048323315,18.04576181,670.000,126.000
color_5,2.049822832,18.38627024,671.000,122.500
color_5,2.051322349,18.58084648,672.000,120.500
color_5,2.052821866,18.77542272,673.000,118.500
color_5,2.054321383,19.06728708,674.000,115.500
color_5,2.055820899,19.40779551,675.000,112.000
color_5,2.057320416,19.74830393,676.000,108.500
color_5,2.058819933,19.79694799,677.000,108.000
color_5,2.06031945,19.99152423,678.000,106.000
color_6,1.282070223,-10.75152204,159.000,422.000
color_6,1.28356974,-10.75152204,160.000,422.000
color_6,1.285069257,-10.75152204,161.000,422.000
color_6,1.286568773,-10.75152204,162.000,422.000
color_6,1.28806829,-10.75152204,163.000,422.000
color_6,1.289567807,-10.75152204,164.000,422.000
color_6,1.291067324,-10.75152204,165.000,422.000
color_6,1.292566841,-10.75152204,166.000,422.000
color_6,1.294066357,-10.75152204,167.000,422.000
color_6,1.295565874,-10.84881016,168.000,423.000
color_6,1.297065391,-10.84881016,169.000,423.000
color_6,1.298564908,-10.84881016,170.000,423.000
color_6,1.300064425,-10.84881016,171.000,423.000
color_6,1.301563941,-10.84881016,172.000,423.000
color_6,1.303063458,-10.84881016,173.000,423.000
color_6,1.304562975,-10.84881016,174.000,423.000
color_6,1.306062492,-10.84881016,175.000,423.000
color_6,1.307562009,-10.84881016,176.000,423.000
color_6,1.309061526,-10.84881016,177.000,423.000
color_6,1.310561042,-10.94609828,178.000,424.000
color_6,1.312060559,-10.94609828,179.000,424.000
color_6,1.313560076,-10.94609828,180.000,424.000
color_6,1.315059593,-10.94609828,181.000,424.000
color_6,1.35404703,0.9230524972,207.000,302.000
color_6,1.355546547,0.9230524972,208.000,302.000
color_6,1.357046064,0.9230524972,209.000,302.000
color_6,1.35854558,0.9230524972,210.000,302.000
color_6,1.360045097,0.9230524972,211.000,302.000
color_6,1.361544614,0.9230524972,212.000,302.000
color_6,1.363044131,0.9230524972,213.000,302.000
color_6,1.364543648,0.9230524972,214.000,302.000
color_6,1.366043165,0.9230524972,215.000,302.000
color_6,1.367542681,0.9230524972,216.000,302.000
color_6,1.369042198,0.9230524972,217.000,302.000
color_6,1.370541715,0.9230524972,218.000,302.000
color_6,1.372041232,0.9230524972,219.000,302.000
color_6,1.373540749,0.9230524972,220.000,302.000
color_6,1.375040265,0.9230524972,221.000,302.000
color_6,1.376539782,0.9230524972,222.000,302.000
color_6,1.378039299,0.9230524972,223.000,302.000
color_6,1.379538816,0.9230524972,224.000,302.000
color_6,1.381038333,0.9230524972,225.000,302.000
color_6,1.382537849,0.9230524972,226.000,302.000
color_6,1.384037366,0.9230524972,227.000,302.000
color_6,1.385536883,0.9230524972,228.000,302.000
color_6,1.3870364,0.9230524972,229.000,302.000
color_6,1.388535917,0.9230524972,230.000,302.000
color_6,1.390035434,0.9230524972,231.000,302.000
color_6,1.39153495,0.9230524972,232.000,302.000
color_6,1.393034467,0.9230524972,233.000,302.000
color_6,1.394533984,0.9230524972,234.000,302.000
color_6,1.396033501,0.9230524972,235.000,302.000
color_6,1.397533018,0.9230524972,236.000,302.000
color_6,1.399032534,0.9230524972,237.000,302.000
color_6,1.400532051,0.9230524972,238.000,302.000
color_6,1.402031568,0.9230524972,239.000,302.000
color_6,1.403531085,0.9230524972,240.000,302.000
color_6,1.405030602,0.9230524972,241.000,302.000
color_6,1.406530119,0.9230524972,242.000,302.000
color_6,1.408029635,0.9230524972,243.000,302.000
color_6,1.409529152,0.9230524972,244.000,302.000
color_6,1.411028669,0.9230524972,245.000,302.000
color_6,1.412528186,0.9230524972,246.000,302.000
color_6,1.414027703,0.9230524972,247.000,302.000
color_6,1.415527219,0.9230524972,248.000,302.000
color_6,1.417026736,0.9230524972,249.000,302.000
color_6,1.418526253,0.9230524972,250.000,302.000
color_6,1.42002577,0.9230524972,251.000,302.000
color_6,1.421525287,0.9230524972,252.000,302.000
color_6,1.423024803,0.9230524972,253.000,302.000
color_6,1.435020938,-10.07050519,261.000,415.000
color_6,1.436520455,-10.07050519,262.000,415.000
color_6,1.438019972,-9.973217066,263.000,414.000
color_6,1.439519488,-9.973217066,264.000,414.000
color_6,1.441019005,-9.973217066,265.000,414.000
color_6,1.442518522,-9.924573006,266.000,413.500
color_6,1.444018039,-9.875928945,267.000,413.000
color_6,1.445517556,-9.875928945,268.000,413.000
color_6,1.447017073,-9.875928945,269.000,413.000
color_6,1.448516589,-9.875928945,270.000,413.000
color_6,1.450016106,-9.827284885,271.000,412.500
color_6,1.451515623,-9.778640824,272.000,412.000
color_6,1.45301514,-9.778640824,273.000,412.000
color_6,1.454514657,-9.778640824,274.000,412.000
color_6,1.456014173,-9.729996764,275.000,411.500
color_6,1.45751369,-9.681352703,276.000,411.000
color_6,1.459013207,-9.681352703,277.000,411.000
color_6,1.460512724,-9.681352703,278.000,411.000
color_6,1.462012241,-9.584064582,279.000,410.000
color_6,1.463511758,-9.584064582,280.000,410.000
color_6,1.465011274,-9.584064582,281.000,410.000
color_6,1.466510791,-9.486776461,282.000,409.000
color_6,1.468010308,-9.486776461,283.000,409.000
color_6,1.469509825,-9.486776461,284.000,409.000
color_6,1.471009342,-9.4381324,285.000,408.500
color_6,1.472508858,-9.38948834,286.000,408.000
color_6,1.474008375,-9.38948834,287.000,408.000
color_6,1.475507892,-9.38948834,288.000,408.000
color_6,1.477007409,-9.292200219,289.000,407.000
color_6,1.478506926,-9.292200219,290.000,407.000
color_6,1.480006442,-9.292200219,291.000,407.000
color_6,1.481505959,-9.194912098,292.000,406.000
color_6,1.483005476,-9.194912098,293.000,406.000
color_6,1.484504993,-9.194912098,294.000,406.000
color_6,1.48600451,-9.097623976,295.000,405.000
color_6,1.487504027,-9.097623976,296.000,405.000
color_6,1.489003543,-9.097623976,297.000,405.000
color_6,1.49050306,-9.000335855,298.000,404.000
color_6,1.492002577,-9.000335855,299.000,404.000
color_6,1.493502094,-9.000335855,300.000,404.000
color_6,1.495001611,-8.903047734,301.000,403.000
color_6,1.496501127,-8.903047734,302.000,403.000
color_6,1.498000644,-8.903047734,303.000,403.000
color_6,1.499500161,-8.805759613,304.000,402.000
color_6,1.500999678,-8.805759613,305.000,402.000
color_6,1.502499195,-8.805759613,306.000,402.000
color_6,1.503998712,-8.708471492,307.000,401.000
color_6,1.505498228,-8.708471492,308.000,401.000
color_6,1.506997745,-8.611183371,309.000,400.000
color_6,1.508497262,-8.611183371,310.000,400.000
color_6,1.509996779,-8.611183371,311.000,400.000
color_6,1.511496296,-8.51389525,312.000,399.000
color_6,1.512995812,-8.51389525,313.000,399.000
color_6,1.514495329,-8.416607129,314.000,398.000
color_6,1.515994846,-8.416607129,315.000,398.000
color_6,1.517494363,-8.319319008,316.000,397.000
color_6,1.51899388,-8.319319008,317.000,397.000
color_6,1.520493396,-8.222030886,318.000,396.000
color_6,1.521992913,-8.222030886,319.000,396.000
color_6,1.52349243,-8.124742765,320.000,395.000
color_6,1.524991947,-8.124742765,321.000,395.000
color_6,1.526491464,-8.124742765,322.000,395.000
color_6,1.527990981,-8.027454644,323.000,394.000
color_6,1.529490497,-8.027454644,324.000,394.000
color_6,1.530990014,-7.930166523,325.000,393.000
color_6,1.532489531,-7.930166523,326.000,393.000
color_6,1.533989048,-7.832878402,327.000,392.000
color_6,1.535488565,-7.832878402,328.000,392.000
color_6,1.536988081,-7.735590281,329.000,391.000
color_6,1.538487598,-7.735590281,330.000,391.000
color_6,1.539987115,-7.63830216,331.000,390.000
color_6,1.541486632,-7.63830216,332.000,390.000
color_6,1.542986149,-7.541014039,333.000,389.000
color_6,1.544485666,-7.541014039,334.000,389.000
color_6,1.545985182,-7.443725918,335.000,388.000
color_6,1.547484699,-7.443725918,336.000,388.000
color_6,1.548984216,-7.346437797,337.000,387.000
color_6,1.550483733,-7.346437797,338.000,387.000
color_6,1.55198325,-7.249149675,339.000,386.000
color_6,1.553482766,-7.249149675,340.000,386.000
color_6,1.554982283,-7.249149675,341.000,386.000
color_6,1.5564818,-7.151861554,342.000,385.000
color_6,1.557981317,-7.151861554,343.000,385.000
color_6,1.559480834,-7.200505615,344.000,385.500
color_6,1.56098035,-7.151861554,345.000,385.000
color_6,1.562479867,-7.151861554,346.000,385.000
color_6,1.563979384,-7.151861554,347.000,385.000
color_6,1.596968754,-6.568132828,369.000,379.000
color_6,1.598468271,-6.568132828,370.000,379.000
color_6,1.599967788,-6.568132828,371.000,379.000
color_6,1.601467304,-6.568132828,372.000,379.000
color_6,1.602966821,-6.568132828,373.000,379.000
color_6,1.604466338,-6.568132828,374.000,379.000
color_6,1.605965855,-6.568132828,375.000,379.000
color_6,1.607465372,-6.568132828,376.000,379.000
color_6,1.608964889,-6.568132828,377.000,379.000
color_6,1.610464405,-6.568132828,378.000,379.000
color_6,1.611963922,-6.568132828,379.000,379.000
color_6,1.613463439,-6.568132828,380.000,379.000
color_6,1.614962956,-6.568132828,381.000,379.000
color_6,1.616462473,-6.568132828,382.000,379.000
color_6,1.617961989,-6.568132828,383.000,379.000
color_6,1.619461506,-6.568132828,384.000,379.000
color_6,1.620961023,-6.568132828,385.000,379.000
color_6,1.62246054,-6.568132828,386.000,379.000
color_6,1.623960057,-6.568132828,387.000,379.000
color_6,1.625459574,-6.568132828,388.000,379.000
color_6,1.62695909,-6.568132828,389.000,379.000
color_6,1.628458607,-6.568132828,390.000,379.000
color_6,1.629958124,-6.568132828,391.000,379.000
color_6,1.631457641,-6.568132828,392.000,379.000
color_6,1.632957158,-6.568132828,393.000,379.000
color_6,1.634456674,-6.568132828,394.000,379.000
color_6,1.635956191,-6.568132828,395.000,379.000
color_6,1.637455708,-6.568132828,396.000,379.000
color_6,1.638955225,-6.568132828,397.000,379.000
color_6,1.640454742,-6.568132828,398.000,379.000
color_6,1.689938797,-6.470844707,431.000,378.000
color_6,1.691438313,-6.470844707,432.000,378.000
color_6,1.69293783,-6.470844707,433.000,378.000
color_6,1.694437347,-6.470844707,434.000,378.000
color_6,1.695936864,-6.470844707,435.000,378.000
color_6,1.697436381,-6.470844707,436.000,378.000
color_6,1.698935897,-6.470844707,437.000,378.000
color_6,1.700435414,-6.470844707,438.000,378.000
color_6,1.701934931,-6.470844707,439.000,378.000
color_6,1.703434448,-6.470844707,440.000,378.000
color_6,1.704933965,-6.470844707,441.000,378.000
color_6,1.706433482,-6.470844707,442.000,378.000
color_6,1.707932998,-6.470844707,443.000,378.000
color_6,1.709432515,-6.470844707,444.000,378.000
color_6,1.710932032,-6.470844707,445.000,378.000
color_6,1.712431549,-6.470844707,446.000,378.000
color_6,1.713931066,-6.470844707,447.000,378.000
color_6,1.715430582,-6.470844707,448.000,378.000
color_6,1.716930099,-6.470844707,449.000,378.000
color_6,1.718429616,-6.470844707,450.000,378.000
color_6,1.719929133,-6.470844707,451.000,378.000
color_6,1.72142865,-6.470844707,452.000,378.000
color_6,1.722928167,-6.470844707,453.000,378.000
color_6,1.724427683,-6.470844707,454.000,378.000
color_6,1.7259272,-6.470844707,455.000,378.000
color_6,1.727426717,-6.470844707,456.000,378.000
color_6,1.728926234,-6.470844707,457.000,378.000
color_6,1.730425751,-6.470844707,458.000,378.000
color_6,1.731925267,-6.470844707,459.000,378.000
color_6,1.733424784,-6.470844707,460.000,378.000
color_6,1.734924301,-6.470844707,461.000,378.000
color_6,1.736423818,-6.470844707,462.000,378.000
color_6,1.737923335,-6.470844707,463.000,378.000
color_6,1.739422851,-6.470844707,464.000,378.000
color_6,1.740922368,-6.470844707,465.000,378.000
color_6,1.742421885,-6.470844707,466.000,378.000
color_7,1.219090517,-10.16779331,117.000,416.000
color_7,1.220590033,-10.16779331,118.000,416.000
color_7,1.22208955,-10.11914925,119.000,415.500
color_7,1.223589067,-10.11914925,120.000,415.500
color_7,1.225088584,-10.11914925,121.000,415.500
color_7,1.226588101,-10.11914925,122.000,415.500
color_7,1.228087618,-10.11914925,123.000,415.500
color_7,1.229587134,-10.11914925,124.000,415.500
color_7,1.231086651,-10.11914925,125.000,415.500
color_7,1.232586168,-10.11914925,126.000,415.500
color_7,1.234085685,-10.11914925,127.000,415.500
color_7,1.235585202,-10.11914925,128.000,415.500
color_7,1.237084718,-10.11914925,129.000,415.500
color_7,1.238584235,-10.11914925,130.000,415.500
color_7,1.240083752,-10.11914925,131.000,415.500
color_7,1.241583269,-10.11914925,132.000,415.500
color_7,1.243082786,-10.11914925,133.000,415.500
color_7,1.244582303,-10.11914925,134.000,415.500
color_7,1.246081819,-10.11914925,135.000,415.500
color_7,1.247581336,-10.11914925,136.000,415.500
color_7,1.249080853,-10.11914925,137.000,415.500
color_7,1.25058037,-10.11914925,138.000,415.500
color_7,1.252079887,-10.07050519,139.000,415.000
color_7,1.253579403,-10.07050519,140.000,415.000
color_7,1.25507892,-10.02186113,141.000,414.500
color_7,1.256578437,-10.07050519,142.000,415.000
color_7,1.258077954,-10.07050519,143.000,415.000
color_7,1.259577471,-10.07050519,144.000,415.000
color_7,1.261076987,-10.02186113,145.000,414.500
color_7,1.262576504,-10.02186113,146.000,414.500
color_7,1.264076021,-10.02186113,147.000,414.500
color_7,1.265575538,-10.02186113,148.000,414.500
color_7,1.267075055,-10.02186113,149.000,414.500
color_7,1.268574572,-10.02186113,150.000,414.500
color_7,1.270074088,-10.02186113,151.000,414.500
color_7,1.271573605,-10.02186113,152.000,414.500
color_7,1.273073122,-10.02186113,153.000,414.500
color_7,1.274572639,-10.02186113,154.000,414.500
color_7,1.276072156,-10.02186113,155.000,414.500
color_7,1.277571672,-10.02186113,156.000,414.500
color_7,1.279071189,-10.02186113,157.000,414.500
color_7,1.280570706,-10.02186113,158.000,414.500
color_7,1.282070223,-10.02186113,159.000,414.500
color_7,1.28356974,-10.02186113,160.000,414.500
color_7,1.285069257,-10.02186113,161.000,414.500
color_7,1.286568773,-10.02186113,162.000,414.500
color_7,1.28806829,-10.02186113,163.000,414.500
color_7,1.289567807,-9.973217066,164.000,414.000
color_7,1.291067324,-9.973217066,165.000,414.000
color_7,1.292566841,-9.973217066,166.000,414.000
color_7,1.294066357,-9.973217066,167.000,414.000
color_7,1.295565874,-9.973217066,168.000,414.000
color_7,1.297065391,-9.973217066,169.000,414.000
color_7,1.298564908,-9.924573006,170.000,413.500
color_7,1.300064425,-9.924573006,171.000,413.500
color_7,1.301563941,-9.924573006,172.000,413.500
color_7,1.303063458,-9.924573006,173.000,413.500
color_7,1.304562975,-9.924573006,174.000,413.500
color_7,1.306062492,-9.924573006,175.000,413.500
color_7,1.307562009,-9.924573006,176.000,413.500
color_7,1.309061526,-9.924573006,177.000,413.500
color_7,1.310561042,-9.924573006,178.000,413.500
color_7,1.312060559,-9.924573006,179.000,413.500
color_7,1.313560076,-9.924573006,180.000,413.500
color_7,1.315059593,-9.875928945,181.000,413.000
color_7,1.31655911,-9.875928945,182.000,413.000
color_7,1.318058626,-9.875928945,183.000,413.000
color_7,1.319558143,-9.827284885,184.000,412.500
color_7,1.32105766,-9.827284885,185.000,412.500
color_7,1.322557177,-9.827284885,186.000,412.500
color_7,1.324056694,-9.827284885,187.000,412.500
color_7,1.325556211,-9.827284885,188.000,412.500
color_7,1.327055727,-9.827284885,189.000,412.500
color_7,1.328555244,-9.827284885,190.000,412.500
color_7,1.330054761,-9.827284885,191.000,412.500
color_7,1.331554278,-9.827284885,192.000,412.500
color_7,1.333053795,-9.827284885,193.000,412.500
color_7,1.334553311,-9.827284885,194.000,412.500
color_7,1.336052828,-9.827284885,195.000,412.500
color_7,1.337552345,-9.778640824,196.000,412.000
color_7,1.339051862,-9.729996764,197.000,411.500
color_7,1.340551379,-9.729996764,198.000,411.500
color_7,1.342050895,-9.729996764,199.000,411.500
color_7,1.343550412,-9.729996764,200.000,411.500
color_7,1.345049929,-9.729996764,201.000,411.500
color_7,1.346549446,-9.729996764,202.000,411.500
color_7,1.348048963,-9.681352703,203.000,411.000
color_7,1.34954848,-9.632708642,204.000,410.500
color_7,1.351047996,-9.632708642,205.000,410.500
color_7,1.352547513,-9.632708642,206.000,410.500
color_7,1.35404703,1.798645587,207.000,293.000
color_7,1.355546547,1.798645587,208.000,293.000
color_7,1.357046064,1.798645587,209.000,293.000
color_7,1.35854558,1.798645587,210.000,293.000
color_7,1.360045097,1.847289648,211.000,292.500
color_7,1.361544614,1.847289648,212.000,292.500
color_7,1.363044131,1.847289648,213.000,292.500
color_7,1.364543648,1.847289648,214.000,292.500
color_7,1.366043165,1.847289648,215.000,292.500
color_7,1.367542681,1.847289648,216.000,292.500
color_7,1.369042198,1.847289648,217.000,292.500
color_7,1.370541715,1.847289648,218.000,292.500
color_7,1.372041232,1.895933708,219.000,292.000
color_7,1.373540749,1.895933708,220.000,292.000
color_7,1.375040265,1.895933708,221.000,292.000
color_7,1.376539782,1.895933708,222.000,292.000
color_7,1.378039299,1.895933708,223.000,292.000
color_7,1.379538816,1.895933708,224.000,292.000
color_7,1.381038333,1.944577769,225.000,291.500
color_7,1.382537849,1.944577769,226.000,291.500
color_7,1.384037366,1.944577769,227.000,291.500
color_7,1.385536883,1.944577769,228.000,291.500
color_7,1.3870364,1.944577769,229.000,291.500
color_7,1.388535917,1.944577769,230.000,291.500
color_7,1.390035434,1.944577769,231.000,291.500
color_7,1.39153495,1.993221829,232.000,291.000
color_7,1.393034467,1.993221829,233.000,291.000
color_7,1.394533984,1.993221829,234.000,291.000
color_7,1.396033501,1.993221829,235.000,291.000
color_7,1.397533018,1.993221829,236.000,291.000
color_7,1.399032534,1.993221829,237.000,291.000
color_7,1.400532051,1.993221829,238.000,291.000
color_7,1.402031568,2.04186589,239.000,290.500
color_7,1.403531085,2.04186589,240.000,290.500
color_7,1.405030602,2.04186589,241.000,290.500
color_7,1.406530119,2.04186589,242.000,290.500
color_7,1.408029635,2.04186589,243.000,290.500
color_7,1.409529152,2.04186589,244.000,290.500
color_7,1.411028669,-9.000335855,245.000,404.000
color_7,1.412528186,2.09050995,246.000,290.000
color_7,1.414027703,2.09050995,247.000,290.000
color_7,1.415527219,2.09050995,248.000,290.000
color_7,1.417026736,2.09050995,249.000,290.000
color_7,1.418526253,2.139154011,250.000,289.500
color_7,1.42002577,2.139154011,251.000,289.500
color_7,1.421525287,2.139154011,252.000,289.500
color_7,1.423024803,-8.854403674,253.000,402.500
color_7,1.42452432,-8.854403674,254.000,402.500
color_7,1.426023837,-8.854403674,255.000,402.500
color_7,1.427523354,-8.805759613,256.000,402.000
color_7,1.429022871,-8.757115553,257.000,401.500
color_7,1.430522388,-8.757115553,258.000,401.500
color_7,1.432021904,-8.659827431,259.000,400.500
color_7,1.433521421,-8.659827431,260.000,400.500
color_7,1.435020938,-8.611183371,261.000,400.000
color_7,1.436520455,-8.56253931,262.000,399.500
color_7,1.438019972,-8.51389525,263.000,399.000
color_7,1.439519488,-8.465251189,264.000,398.500
color_7,1.441019005,-8.416607129,265.000,398.000
color_7,1.442518522,-8.367963068,266.000,397.500
color_7,1.444018039,-8.270674947,267.000,396.500
color_7,1.445517556,-8.222030886,268.000,396.000
color_7,1.447017073,-8.173386826,269.000,395.500
color_7,1.448516589,-8.124742765,270.000,395.000
color_7,1.450016106,-8.076098705,271.000,394.500
color_7,1.451515623,-7.978810584,272.000,393.500
color_7,1.45301514,-7.930166523,273.000,393.000
color_7,1.454514657,-7.881522463,274.000,392.500
color_7,1.456014173,-7.784234342,275.000,391.500
color_7,1.45751369,-7.735590281,276.000,391.000
color_7,1.459013207,-7.68694622,277.000,390.500
color_7,1.460512724,-7.63830216,278.000,390.000
color_7,1.462012241,-7.589658099,279.000,389.500
color_7,1.463511758,-7.541014039,280.000,389.000
color_7,1.465011274,-7.492369978,281.000,388.500
color_7,1.466510791,-7.395081857,282.000,387.500
color_7,1.468010308,-7.395081857,283.000,387.500
color_7,1.469509825,-7.297793736,284.000,386.500
color_7,1.471009342,-7.297793736,285.000,386.500
color_7,1.472508858,-7.249149675,286.000,386.000
color_7,1.474008375,-7.200505615,287.000,385.500
color_7,1.475507892,-7.151861554,288.000,385.000
color_7,1.477007409,-7.103217494,289.000,384.500
color_7,1.478506926,-7.103217494,290.000,384.500
color_7,1.480006442,-7.103217494,291.000,384.500
color_7,1.481505959,-7.054573433,292.000,384.000
color_7,1.483005476,-7.054573433,293.000,384.000
color_7,1.833892411,-6.081692222,527.000,374.000
color_7,1.835391928,-6.081692222,528.000,374.000
color_7,1.836891444,-6.033048162,529.000,373.500
color_7,1.838390961,-6.033048162,530.000,373.500
color_7,1.839890478,-5.984404101,531.000,373.000
color_7,1.841389995,-5.984404101,532.000,373.000
color_7,1.842889512,-5.935760041,533.000,372.500
color_7,1.844389029,-5.935760041,534.000,372.500
color_7,1.845888545,-5.935760041,535.000,372.500
color_7,1.847388062,-5.935760041,536.000,372.500
color_7,1.848887579,-5.935760041,537.000,372.500
color_7,1.850387096,-5.88711598,538.000,372.000
color_7,1.851886613,-5.88711598,539.000,372.000
color_7,1.853386129,-5.838471919,540.000,371.500
color_7,1.854885646,-5.838471919,541.000,371.500
color_7,1.856385163,-5.838471919,542.000,371.500
color_7,1.85788468,-5.838471919,543.000,371.500
color_7,1.859384197,-5.789827859,544.000,371.000
color_7,1.860883713,-5.741183798,545.000,370.500
color_7,1.86238323,-5.741183798,546.000,370.500
color_7,1.863882747,-5.692539738,547.000,370.000
color_7,1.865382264,-5.643895677,548.000,369.500
color_7,1.866881781,-5.595251617,549.000,369.000
color_7,1.868381298,-5.595251617,550.000,369.000
color_7,1.869880814,-5.497963496,551.000,368.000
color_7,1.871380331,-5.497963496,552.000,368.000
color_7,1.913366802,-3.746777316,580.000,350.000
color_7,1.914866319,-3.649489195,581.000,349.000
color_7,1.916365836,-3.552201074,582.000,348.000
color_7,1.917865352,-3.406268892,583.000,346.500
color_7,1.919364869,-3.308980771,584.000,345.500
color_7,1.920864386,-3.114404529,585.000,343.500
color_7,1.922363903,-3.017116407,586.000,342.500
color_7,1.92386342,-2.871184226,587.000,341.000
color_7,1.925362937,-2.676607984,588.000,339.000
color_7,1.926862453,-2.579319862,589.000,338.000
color_7,1.92836197,-2.433387681,590.000,336.500
color_7,1.929861487,-2.287455499,591.000,335.000
color_7,1.931361004,-2.141523318,592.000,333.500
color_7,1.932860521,-1.995591136,593.000,332.000
color_7,1.934360037,-1.849658954,594.000,330.500
color_7,1.935859554,-1.703726773,595.000,329.000
color_7,1.937359071,-1.557794591,596.000,327.500
color_7,1.938858588,-1.46050647,597.000,326.500
color_7,1.940358105,-1.265930228,598.000,324.500
color_7,1.941857622,-1.071353985,599.000,322.500
color_7,1.943357138,-0.9740658643,600.000,321.500
color_7,1.944856655,-0.7794896221,601.000,319.500
color_7,1.946356172,-0.6335574404,602.000,318.000
color_7,1.947855689,-0.4389811982,603.000,316.000
color_7,1.949355206,-0.2930490166,604.000,314.500
color_7,1.950854722,-0.09847277435,605.000,312.500
color_7,1.952354239,0.04745940731,606.000,311.000
color_7,1.953853756,0.2420356495,607.000,309.000
color_7,1.955353273,0.3879678312,608.000,307.500
color_7,1.95685279,0.5825440734,609.000,305.500
color_7,1.958352306,0.7771203156,610.000,303.500
color_7,1.959851823,0.9230524972,611.000,302.000
color_7,1.96135134,1.117628739,612.000,300.000
color_7,1.962850857,1.360849042,613.000,297.500
color_7,1.964350374,1.506781224,614.000,296.000
color_7,1.965849891,1.652713406,615.000,294.500
color_7,1.967349407,1.847289648,616.000,292.500
color_7,1.968848924,1.993221829,617.000,291.000
color_7,1.970348441,2.236442132,618.000,288.500
color_7,1.971847958,2.382374314,619.000,287.000
color_7,1.973347475,2.576950556,620.000,285.000
color_7,1.974846991,2.820170859,621.000,282.500
color_7,1.976346508,3.014747101,622.000,280.500
color_7,1.977846025,3.257967404,623.000,278.000
color_7,1.979345542,3.501187706,624.000,275.500
color_7,1.980845059,3.695763949,625.000,273.500
color_7,1.982344576,3.890340191,626.000,271.500
color_7,1.983844092,4.084916433,627.000,269.500
color_7,1.985343609,4.230848615,628.000,268.000
color_7,1.986843126,4.425424857,629.000,266.000
color_7,1.988342643,4.620001099,630.000,264.000
color_7,1.98984216,4.765933281,631.000,262.500
color_7,1.99883926,6.371187279,637.000,246.000
color_7,2.000338777,6.517119461,638.000,244.500
color_7,2.001838294,6.663051642,639.000,243.000
color_7,2.003337811,6.857627885,640.000,241.000
color_7,2.004837328,6.954916006,641.000,240.000
color_7,2.006336845,7.149492248,642.000,238.000
color_7,2.007836361,7.198136308,643.000,237.500
color_7,2.009335878,7.392712551,644.000,235.500
color_7,2.010835395,7.587288793,645.000,233.500
color_7,2.012334912,7.830509096,646.000,231.000
color_7,2.013834429,8.122373459,647.000,228.000
color_7,2.015333945,8.268305641,648.000,226.500
color_7,2.016833462,8.511525943,649.000,224.000
color_7,2.018332979,8.852034367,650.000,220.500
color_7,2.019832496,9.046610609,651.000,218.500
color_7,2.021332013,9.241186852,652.000,216.500
color_7,2.02283153,9.338474973,653.000,215.500
color_7,2.024331046,9.533051215,654.000,213.500
color_7,2.025830563,9.776271518,655.000,211.000
color_7,2.02733008,10.01949182,656.000,208.500
color_7,2.028829597,10.21406806,657.000,206.500
color_7,2.030329114,10.4086443,658.000,204.500
color_7,2.03182863,10.55457649,659.000,203.000
color_7,2.033328147,10.74915273,660.000,201.000
color_7,2.034827664,10.94372897,661.000,199.000
color_7,2.036327181,11.18694927,662.000,196.500
color_7,2.037826698,11.47881364,663.000,193.500
color_7,2.039326214,11.81932206,664.000,190.000
color_7,2.040825731,12.0138983,665.000,188.000
color_7,2.042325248,12.30576267,666.000,185.000
color_7,2.043824765,12.54898297,667.000,182.500
color_7,2.045324282,12.84084733,668.000,179.500
color_7,2.046823799,13.08406764,669.000,177.000
color_7,2.048323315,13.27864388,670.000,175.000
color_7,2.049822832,13.47322012,671.000,173.000
color_7,2.051322349,13.66779636,672.000,171.000
color_7,2.052821866,13.8623726,673.000,169.000
color_7,2.054321383,14.10559291,674.000,166.500
color_7,2.055820899,14.25152509,675.000,165.000
color_7,2.057320416,14.39745727,676.000,163.500
color_7,2.058819933,14.64067757,677.000,161.000
color_7,2.06031945,14.88389788,678.000,158.500
color_7,2.061818967,15.12711818,679.000,156.000
color_7,2.063318484,15.37033848,680.000,153.500
color_7,2.064818,15.56491472,681.000,151.500
color_7,2.066317517,15.80813503,682.000,149.000
color_7,2.067817034,16.00271127,683.000,147.000
color_7,2.069316551,16.24593157,684.000,144.500
color_7,2.070816068,16.39186375,685.000,143.000
color_7,2.072315584,16.63508406,686.000,140.500
color_7,2.073815101,16.78101624,687.000,139.000
color_7,2.075314618,17.02423654,688.000,136.500
color_7,2.076814135,17.17016872,689.000,135.000
color_7,2.078313652,17.36474496,690.000,133.000
color_7,2.079813168,17.65660933,691.000,130.000
color_7,2.081312685,17.70525339,692.000,129.500
color_8,1.489003543,-6.957285312,297.000,383.000
color_8,1.49050306,-6.957285312,298.000,383.000
color_8,1.492002577,-6.957285312,299.000,383.000
color_8,1.493502094,-6.957285312,300.000,383.000
color_8,1.495001611,-6.957285312,301.000,383.000
color_8,1.496501127,-6.957285312,302.000,383.000
color_8,1.498000644,-6.957285312,303.000,383.000
color_8,1.499500161,-6.957285312,304.000,383.000
color_8,1.500999678,-6.957285312,305.000,383.000
color_8,1.502499195,-6.957285312,306.000,383.000
color_8,1.503998712,-6.957285312,307.000,383.000
color_8,1.505498228,-6.957285312,308.000,383.000
color_8,1.506997745,-6.957285312,309.000,383.000
color_8,1.508497262,-6.957285312,310.000,383.000
color_8,1.509996779,-6.957285312,311.000,383.000
color_8,1.511496296,-6.957285312,312.000,383.000
color_8,1.512995812,-6.957285312,313.000,383.000
color_8,1.514495329,-6.957285312,314.000,383.000
color_8,1.515994846,-6.957285312,315.000,383.000
color_8,1.517494363,-6.957285312,316.000,383.000
color_8,1.51899388,-6.957285312,317.000,383.000
color_8,1.520493396,-6.957285312,318.000,383.000
color_8,1.521992913,-6.957285312,319.000,383.000
color_8,1.52349243,-6.957285312,320.000,383.000
color_8,1.524991947,-6.957285312,321.000,383.000
color_8,1.526491464,-6.957285312,322.000,383.000
color_8,1.527990981,-6.957285312,323.000,383.000
color_8,1.529490497,-6.957285312,324.000,383.000
color_8,1.530990014,-6.957285312,325.000,383.000
color_8,1.532489531,-6.957285312,326.000,383.000
color_8,1.533989048,-6.957285312,327.000,383.000
color_8,1.535488565,-6.957285312,328.000,383.000
color_8,1.536988081,-6.957285312,329.000,383.000
color_8,1.538487598,-6.957285312,330.000,383.000
color_8,1.539987115,-6.957285312,331.000,383.000
color_8,1.541486632,-6.957285312,332.000,383.000
color_8,1.542986149,-6.957285312,333.000,383.000
color_8,1.544485666,-6.957285312,334.000,383.000
color_8,1.545985182,-6.957285312,335.000,383.000
color_8,1.547484699,-6.957285312,336.000,383.000
color_8,1.548984216,-6.957285312,337.000,383.000
color_8,1.550483733,-6.957285312,338.000,383.000
color_8,1.55198325,-6.957285312,339.000,383.000
color_8,1.553482766,-6.957285312,340.000,383.000
color_8,1.554982283,-6.957285312,341.000,383.000
color_8,1.5564818,-6.957285312,342.000,383.000
color_8,1.557981317,-6.957285312,343.000,383.000
color_8,1.559480834,-6.957285312,344.000,383.000
color_8,1.56098035,-6.957285312,345.000,383.000
color_8,1.613463439,-6.76270907,380.000,381.000
color_8,1.614962956,-6.76270907,381.000,381.000
color_8,1.616462473,-6.76270907,382.000,381.000
color_8,1.617961989,-6.76270907,383.000,381.000
color_8,1.619461506,-6.76270907,384.000,381.000
color_8,1.620961023,-6.76270907,385.000,381.000
color_8,1.62246054,-6.76270907,386.000,381.000
color_8,1.623960057,-6.76270907,387.000,381.000
color_8,1.625459574,-6.76270907,388.000,381.000
color_8,1.62695909,-6.76270907,389.000,381.000
color_8,1.628458607,-6.76270907,390.000,381.000
color_8,1.629958124,-6.76270907,391.000,381.000
color_8,1.631457641,-6.76270907,392.000,381.000
color_8,1.632957158,-6.76270907,393.000,381.000
color_8,1.634456674,-6.76270907,394.000,381.000
color_8,1.635956191,-6.76270907,395.000,381.000
color_8,1.637455708,-6.76270907,396.000,381.000
color_8,1.638955225,-6.76270907,397.000,381.000
color_8,1.640454742,-6.76270907,398.000,381.000
color_8,1.641954258,-6.76270907,399.000,381.000
color_8,1.643453775,-6.76270907,400.000,381.000
color_8,1.644953292,-6.76270907,401.000,381.000
color_8,1.646452809,-6.76270907,402.000,381.000
color_8,1.647952326,-6.76270907,403.000,381.000
color_8,1.649451843,-6.76270907,404.000,381.000
color_8,1.650951359,-6.76270907,405.000,381.000
color_8,1.652450876,-6.76270907,406.000,381.000
color_8,1.653950393,-6.76270907,407.000,381.000
color_8,1.65544991,-6.76270907,408.000,381.000
color_8,1.656949427,-6.76270907,409.000,381.000
color_8,1.658448943,-6.76270907,410.000,381.000
color_8,1.65994846,-6.76270907,411.000,381.000
color_8,1.661447977,-6.76270907,412.000,381.000
color_8,1.662947494,-6.76270907,413.000,381.000
color_8,1.664447011,-6.76270907,414.000,381.000
color_8,1.665946528,-6.76270907,415.000,381.000
color_8,1.667446044,-6.76270907,416.000,381.000
color_8,1.668945561,-6.76270907,417.000,381.000
color_8,1.670445078,-6.76270907,418.000,381.000
color_8,1.671944595,-6.76270907,419.000,381.000
color_8,1.673444112,-6.76270907,420.000,381.000
color_8,1.674943628,-6.76270907,421.000,381.000
color_8,1.676443145,-6.76270907,422.000,381.000
color_8,1.677942662,-6.76270907,423.000,381.000
color_8,1.679442179,-6.76270907,424.000,381.000
color_8,1.680941696,-6.76270907,425.000,381.000
color_8,1.682441212,-6.76270907,426.000,381.000
color_8,1.683940729,-6.76270907,427.000,381.000
color_8,1.685440246,-6.76270907,428.000,381.000
color_8,1.686939763,-6.76270907,429.000,381.000
color_8,1.68843928,-6.76270907,430.000,381.000
color_8,1.689938797,-6.76270907,431.000,381.000
color_8,1.691438313,-6.76270907,432.000,381.000
color_8,1.69293783,-6.76270907,433.000,381.000
color_8,1.694437347,-6.76270907,434.000,381.000
color_8,1.695936864,-6.76270907,435.000,381.000
color_8,1.697436381,-6.76270907,436.000,381.000
color_8,1.698935897,-6.76270907,437.000,381.000
color_8,1.700435414,-6.76270907,438.000,381.000
color_8,1.701934931,-6.76270907,439.000,381.000
color_8,1.703434448,-6.76270907,440.000,381.000
color_8,1.704933965,-6.76270907,441.000,381.000
color_8,1.706433482,-6.76270907,442.000,381.000
color_8,1.707932998,-6.76270907,443.000,381.000
color_8,1.709432515,-6.76270907,444.000,381.000
color_8,1.710932032,-6.76270907,445.000,381.000
color_8,1.712431549,-6.76270907,446.000,381.000
color_8,1.713931066,-6.76270907,447.000,381.000
color_8,1.715430582,-6.76270907,448.000,381.000
color_8,1.716930099,-6.76270907,449.000,381.000
color_8,1.718429616,-6.76270907,450.000,381.000
color_8,1.719929133,-6.76270907,451.000,381.000
