series,x,y,pixel_x,pixel_y
color_1,0.824,6.153785226,113.000,199.500
color_1,0.826,6.250416875,114.000,198.500
color_1,0.828,23.9823245,115.000,15.000
color_1,0.83,23.9823245,116.000,15.000
color_1,0.832,23.9823245,117.000,15.000
color_1,0.834,23.9823245,118.000,15.000
color_1,0.836,23.9823245,119.000,15.000
color_1,0.838,23.9823245,120.000,15.000
color_1,0.84,23.9823245,121.000,15.000
color_1,0.842,23.9823245,122.000,15.000
color_1,0.844,23.9823245,123.000,15.000
color_1,0.846,23.9823245,124.000,15.000
color_1,0.848,23.9823245,125.000,15.000
color_1,0.85,23.9823245,126.000,15.000
color_1,0.852,23.9823245,127.000,15.000
color_1,0.854,23.9823245,128.000,15.000
color_1,0.856,23.9823245,129.000,15.000
color_1,0.858,23.9823245,130.000,15.000
color_1,0.86,23.9823245,131.000,15.000
color_1,0.862,23.9823245,132.000,15.000
color_1,0.864,23.9823245,133.000,15.000
color_1,0.866,23.9823245,134.000,15.000
color_1,0.868,23.9823245,135.000,15.000
color_1,0.87,23.9823245,136.000,15.000
color_1,0.872,23.9823245,137.000,15.000
color_1,0.874,23.9823245,138.000,15.000
color_1,0.876,23.9823245,139.000,15.000
color_1,0.878,23.9823245,140.000,15.000
color_1,0.88,23.9823245,141.000,15.000
color_1,0.882,23.9823245,142.000,15.000
color_1,0.884,23.9823245,143.000,15.000
color_1,0.886,23.9823245,144.000,15.000
color_1,0.888,23.9823245,145.000,15.000
color_1,0.89,23.9823245,146.000,15.000
color_1,0.892,23.9823245,147.000,15.000
color_1,0.894,23.9823245,148.000,15.000
color_1,0.896,23.9823245,149.000,15.000
color_1,0.898,23.9823245,150.000,15.000
color_1,0.9,23.9823245,151.000,15.000
color_1,0.902,23.9823245,152.000,15.000
color_1,0.904,23.9823245,153.000,15.000
color_1,0.906,23.9823245,154.000,15.000
color_1,0.908,23.9823245,155.000,15.000
color_1,0.91,23.9823245,156.000,15.000
color_1,0.912,23.9823245,157.000,15.000
color_1,0.914,23.9823245,158.000,15.000
color_1,0.916,23.9823245,159.000,15.000
color_1,0.918,23.9823245,160.000,15.000
color_1,0.92,23.9823245,161.000,15.000
color_1,0.922,23.9823245,162.000,15.000
color_1,0.924,23.9823245,163.000,15.000
color_1,0.926,23.9823245,164.000,15.000
color_1,0.928,23.9823245,165.000,15.000
color_1,0.93,23.9823245,166.000,15.000
color_1,0.932,23.9823245,167.000,15.000
color_1,0.934,23.9823245,168.000,15.000
color_1,0.936,23.9823245,169.000,15.000
color_1,0.938,23.9823245,170.000,15.000
color_1,0.94,23.9823245,171.000,15.000
color_1,0.942,23.9823245,172.000,15.000
color_1,0.944,23.9823245,173.000,15.000
color_1,0.946,23.9823245,174.000,15.000
color_1,0.948,23.9823245,175.000,15.000
color_1,0.95,23.9823245,176.000,15.000
color_1,0.952,23.9823245,177.000,15.000
color_1,0.954,23.9823245,178.000,15.000
color_1,0.956,23.9823245,179.000,15.000
color_1,0.958,23.9823245,180.000,15.000
color_1,0.96,23.9823245,181.000,15.000
color_1,0.962,23.9823245,182.000,15.000
color_1,0.964,23.9823245,183.000,15.000
color_1,0.966,23.9823245,184.000,15.000
color_1,0.968,23.9823245,185.000,15.000
color_1,0.97,23.9823245,186.000,15.000
color_1,0.972,23.9823245,187.000,15.000
color_1,0.974,23.9823245,188.000,15.000
color_1,0.976,23.9823245,189.000,15.000
color_1,0.978,23.9823245,190.000,15.000
color_1,0.98,23.9823245,191.000,15.000
color_1,0.982,23.9823245,192.000,15.000
color_1,0.984,23.9823245,193.000,15.000
color_1,0.986,23.9823245,194.000,15.000
color_1,0.988,23.9823245,195.000,15.000
color_1,0.99,23.9823245,196.000,15.000
color_1,0.992,23.9823245,197.000,15.000
color_1,0.994,23.9823245,198.000,15.000
color_1,0.996,23.9823245,199.000,15.000
color_1,0.998,23.9823245,200.000,15.000
color_1,1,23.9823245,201.000,15.000
color_1,1.002,23.9823245,202.000,15.000
color_1,1.004,23.9823245,203.000,15.000
color_1,1.006,23.9823245,204.000,15.000
color_1,1.008,23.9823245,205.000,15.000
color_1,1.01,23.9823245,206.000,15.000
color_1,1.012,23.9823245,207.000,15.000
color_1,1.014,23.9823245,208.000,15.000
color_1,1.016,23.9823245,209.000,15.000
color_1,1.018,23.9823245,210.000,15.000
color_1,1.02,23.9823245,211.000,15.000
color_1,1.022,23.9823245,212.000,15.000
color_1,1.024,23.9823245,213.000,15.000
color_1,1.026,23.9823245,214.000,15.000
color_1,1.028,23.9823245,215.000,15.000
color_1,1.03,23.9823245,216.000,15.000
color_1,1.032,23.9823245,217.000,15.000
color_1,1.034,23.9823245,218.000,15.000
color_1,1.036,23.9823245,219.000,15.000
color_1,1.038,23.9823245,220.000,15.000
color_1,1.04,23.9823245,221.000,15.000
color_1,1.042,23.9823245,222.000,15.000
color_1,1.044,23.9823245,223.000,15.000
color_1,1.046,23.9823245,224.000,15.000
color_1,1.048,23.9823245,225.000,15.000
color_1,1.05,23.9823245,226.000,15.000
color_1,1.052,23.9823245,227.000,15.000
color_1,1.054,23.9823245,228.000,15.000
color_1,1.056,23.9823245,229.000,15.000
color_1,1.058,23.9823245,230.000,15.000
color_1,1.06,23.9823245,231.000,15.000
color_1,1.062,23.9823245,232.000,15.000
color_1,1.064,23.9823245,233.000,15.000
color_1,1.066,23.9823245,234.000,15.000
color_1,1.068,23.9823245,235.000,15.000
color_1,1.07,23.9823245,236.000,15.000
color_1,1.072,23.9823245,237.000,15.000
color_1,1.074,23.9823245,238.000,15.000
color_1,1.076,23.9823245,239.000,15.000
color_1,1.078,23.9823245,240.000,15.000
color_1,1.08,23.9823245,241.000,15.000
color_1,1.082,23.9823245,242.000,15.000
color_1,1.084,23.9823245,243.000,15.000
color_1,1.086,23.9823245,244.000,15.000
color_1,1.088,23.9823245,245.000,15.000
color_1,1.09,23.9823245,246.000,15.000
color_1,1.092,23.9823245,247.000,15.000
color_1,1.094,23.9823245,248.000,15.000
color_1,1.096,23.9823245,249.000,15.000
color_1,1.098,23.9823245,250.000,15.000
color_1,1.1,23.9823245,251.000,15.000
color_1,1.102,23.9823245,252.000,15.000
color_1,1.104,23.9823245,253.000,15.000
color_1,1.106,23.9823245,254.000,15.000
color_1,1.108,23.9823245,255.000,15.000
color_1,1.11,23.9823245,256.000,15.000
color_1,1.112,23.9823245,257.000,15.000
color_1,1.114,23.9823245,258.000,15.000
color_1,1.116,23.9823245,259.000,15.000
color_1,1.118,23.9823245,260.000,15.000
color_1,1.12,23.9823245,261.000,15.000
color_1,1.122,23.9823245,262.000,15.000
color_1,1.124,23.9823245,263.000,15.000
color_1,1.126,23.9823245,264.000,15.000
color_1,1.128,23.9823245,265.000,15.000
color_1,1.13,23.9823245,266.000,15.000
color_1,1.132,23.9823245,267.000,15.000
color_1,1.134,23.9823245,268.000,15.000
color_1,1.136,23.9823245,269.000,15.000
color_1,1.138,23.9823245,270.000,15.000
color_1,1.14,23.9823245,271.000,15.000
color_1,1.142,23.9823245,272.000,15.000
color_1,1.144,23.9823245,273.000,15.000
color_1,1.146,23.9823245,274.000,15.000
color_1,1.148,23.9823245,275.000,15.000
color_1,1.15,23.9823245,276.000,15.000
color_1,1.152,23.9823245,277.000,15.000
color_1,1.154,23.9823245,278.000,15.000
color_1,1.156,23.9823245,279.000,15.000
color_1,1.158,23.9823245,280.000,15.000
color_1,1.16,23.9823245,281.000,15.000
color_1,1.162,23.9823245,282.000,15.000
color_1,1.164,23.9823245,283.000,15.000
color_1,1.166,23.9823245,284.000,15.000
color_1,1.168,23.9823245,285.000,15.000
color_1,1.17,23.9823245,286.000,15.000
color_1,1.172,23.9823245,287.000,15.000
color_1,1.174,23.9823245,288.000,15.000
color_1,1.176,23.9823245,289.000,15.000
color_1,1.178,23.9823245,290.000,15.000
color_1,1.18,23.9823245,291.000,15.000
color_1,1.182,23.9823245,292.000,15.000
color_1,1.184,23.9823245,293.000,15.000
color_1,1.186,23.9823245,294.000,15.000
color_1,1.188,23.9823245,295.000,15.000
color_1,1.19,23.9823245,296.000,15.000
color_1,1.192,23.9823245,297.000,15.000
color_1,1.194,23.9823245,298.000,15.000
color_1,1.196,23.9823245,299.000,15.000
color_1,1.198,23.9823245,300.000,15.000
color_1,1.2,23.9823245,301.000,15.000
color_1,1.202,23.9823245,302.000,15.000
color_1,1.204,23.9823245,303.000,15.000
color_1,1.206,23.9823245,304.000,15.000
color_1,1.208,23.9823245,305.000,15.000
color_1,1.21,23.9823245,306.000,15.000
color_1,1.212,23.9823245,307.000,15.000
color_1,1.214,23.9823245,308.000,15.000
color_1,1.216,23.9823245,309.000,15.000
color_1,1.218,23.9823245,310.000,15.000
color_1,1.22,23.9823245,311.000,15.000
color_1,1.222,23.9823245,312.000,15.000
color_1,1.224,23.9823245,313.000,15.000
color_1,1.226,23.9823245,314.000,15.000
color_1,1.228,23.9823245,315.000,15.000
color_1,1.23,23.9823245,316.000,15.000
color_1,1.232,23.9823245,317.000,15.000
color_1,1.234,23.9823245,318.000,15.000
color_1,1.236,23.9823245,319.000,15.000
color_1,1.238,23.9823245,320.000,15.000
color_1,1.24,23.9823245,321.000,15.000
color_1,1.242,23.9823245,322.000,15.000
color_1,1.244,23.9823245,323.000,15.000
color_1,1.246,23.9823245,324.000,15.000
color_1,1.248,23.9823245,325.000,15.000
color_1,1.25,23.9823245,326.000,15.000
color_1,1.252,23.9823245,327.000,15.000
color_1,1.254,23.9823245,328.000,15.000
color_1,1.256,23.9823245,329.000,15.000
color_1,1.258,23.9823245,330.000,15.000
color_1,1.26,23.9823245,331.000,15.000
color_1,1.262,23.9823245,332.000,15.000
color_1,1.264,23.9823245,333.000,15.000
color_1,1.266,23.9823245,334.000,15.000
color_1,1.268,23.9823245,335.000,15.000
color_1,1.27,23.9823245,336.000,15.000
color_1,1.272,23.9823245,337.000,15.000
color_1,1.274,23.9823245,338.000,15.000
color_1,1.276,23.9823245,339.000,15.000
color_1,1.278,23.9823245,340.000,15.000
color_1,1.28,23.9823245,341.000,15.000
color_1,1.282,23.9823245,342.000,15.000
color_1,1.284,23.9823245,343.000,15.000
color_1,1.286,23.9823245,344.000,15.000
color_1,1.288,23.9823245,345.000,15.000
color_1,1.29,23.9823245,346.000,15.000
color_1,1.292,23.9823245,347.000,15.000
color_1,1.294,23.9823245,348.000,15.000
color_1,1.296,23.9823245,349.000,15.000
color_1,1.298,23.9823245,350.000,15.000
color_1,1.3,23.9823245,351.000,15.000
color_1,1.302,23.9823245,352.000,15.000
color_1,1.304,23.9823245,353.000,15.000
color_1,1.306,23.9823245,354.000,15.000
color_1,1.308,23.9823245,355.000,15.000
color_1,1.31,23.9823245,356.000,15.000
color_1,1.312,23.9823245,357.000,15.000
color_1,1.314,23.9823245,358.000,15.000
color_1,1.316,23.9823245,359.000,15.000
color_1,1.318,23.9823245,360.000,15.000
color_1,1.32,23.9823245,361.000,15.000
color_1,1.322,23.9823245,362.000,15.000
color_1,1.324,23.9823245,363.000,15.000
color_1,1.326,23.9823245,364.000,15.000
color_1,1.328,23.9823245,365.000,15.000
color_1,1.33,23.9823245,366.000,15.000
color_1,1.332,23.9823245,367.000,15.000
color_1,1.334,23.9823245,368.000,15.000
color_1,1.336,23.9823245,369.000,15.000
color_1,1.338,23.9823245,370.000,15.000
color_1,1.34,23.9823245,371.000,15.000
color_1,1.342,23.9823245,372.000,15.000
color_1,1.344,23.9823245,373.000,15.000
color_1,1.346,23.9823245,374.000,15.000
color_1,1.348,23.9823245,375.000,15.000
color_1,1.35,23.9823245,376.000,15.000
color_1,1.352,23.9823245,377.000,15.000
color_1,1.354,23.9823245,378.000,15.000
color_1,1.356,23.9823245,379.000,15.000
color_1,1.358,23.9823245,380.000,15.000
color_1,1.36,23.9823245,381.000,15.000
color_1,1.362,23.9823245,382.000,15.000
color_1,1.364,23.9823245,383.000,15.000
color_1,1.366,23.9823245,384.000,15.000
color_1,1.368,23.9823245,385.000,15.000
color_1,1.37,23.9823245,386.000,15.000
color_1,1.372,23.9823245,387.000,15.000
color_1,1.374,23.9823245,388.000,15.000
color_1,1.376,23.9823245,389.000,15.000
color_1,1.378,23.9823245,390.000,15.000
color_1,1.38,23.9823245,391.000,15.000
color_1,1.382,23.9823245,392.000,15.000
color_1,1.384,23.9823245,393.000,15.000
color_1,1.386,23.9823245,394.000,15.000
color_1,1.388,23.9823245,395.000,15.000
color_1,1.39,23.9823245,396.000,15.000
color_1,1.392,23.9823245,397.000,15.000
color_1,1.394,23.9823245,398.000,15.000
color_1,1.396,23.9823245,399.000,15.000
color_1,1.398,23.9823245,400.000,15.000
color_1,1.4,23.9823245,401.000,15.000
color_1,1.402,23.9823245,402.000,15.000
color_1,1.404,23.9823245,403.000,15.000
color_1,1.406,23.9823245,404.000,15.000
color_1,1.408,23.9823245,405.000,15.000
color_1,1.41,23.9823245,406.000,15.000
color_1,1.412,23.9823245,407.000,15.000
color_1,1.414,23.9823245,408.000,15.000
color_1,1.416,23.9823245,409.000,15.000
color_1,1.418,23.9823245,410.000,15.000
color_1,1.42,23.9823245,411.000,15.000
color_1,1.422,23.9823245,412.000,15.000
color_1,1.424,23.9823245,413.000,15.000
color_1,1.426,23.9823245,414.000,15.000
color_1,1.428,23.9823245,415.000,15.000
color_1,1.43,23.9823245,416.000,15.000
color_1,1.432,23.9823245,417.000,15.000
color_1,1.434,23.9823245,418.000,15.000
color_1,1.436,23.9823245,419.000,15.000
color_1,1.438,23.9823245,420.000,15.000
color_1,1.44,23.9823245,421.000,15.000
color_1,1.442,23.9823245,422.000,15.000
color_1,1.444,23.9823245,423.000,15.000
color_1,1.446,23.9823245,424.000,15.000
color_1,1.448,23.9823245,425.000,15.000
color_1,1.45,23.9823245,426.000,15.000
color_1,1.452,23.9823245,427.000,15.000
color_1,1.454,23.9823245,428.000,15.000
color_1,1.456,23.9823245,429.000,15.000
color_1,1.458,23.9823245,430.000,15.000
color_1,1.46,23.9823245,431.000,15.000
color_1,1.462,23.9823245,432.000,15.000
color_1,1.464,23.9823245,433.000,15.000
color_1,1.466,23.9823245,434.000,15.000
color_1,1.468,23.9823245,435.000,15.000
color_1,1.47,23.9823245,436.000,15.000
color_1,1.472,23.9823245,437.000,15.000
color_1,1.474,23.9823245,438.000,15.000
color_1,1.476,23.9823245,439.000,15.000
color_1,1.478,23.9823245,440.000,15.000
color_1,1.48,23.9823245,441.000,15.000
color_1,1.482,23.9823245,442.000,15.000
color_1,1.484,23.9823245,443.000,15.000
color_1,1.486,23.9823245,444.000,15.000
color_1,1.488,23.9823245,445.000,15.000
color_1,1.49,23.9823245,446.000,15.000
color_1,1.492,23.9823245,447.000,15.000
color_1,1.494,23.9823245,448.000,15.000
color_1,1.496,23.9823245,449.000,15.000
color_1,1.498,23.9823245,450.000,15.000
color_1,1.5,23.9823245,451.000,15.000
color_1,1.502,23.9823245,452.000,15.000
color_1,1.504,23.9823245,453.000,15.000
color_1,1.506,23.9823245,454.000,15.000
color_1,1.508,23.9823245,455.000,15.000
color_1,1.51,23.9823245,456.000,15.000
color_1,1.512,23.9823245,457.000,15.000
color_1,1.514,23.9823245,458.000,15.000
color_1,1.516,23.9823245,459.000,15.000
color_1,1.518,23.9823245,460.000,15.000
color_1,1.52,23.9823245,461.000,15.000
color_1,1.522,23.9823245,462.000,15.000
color_1,1.524,23.9823245,463.000,15.000
color_1,1.526,23.9823245,464.000,15.000
color_1,1.528,23.9823245,465.000,15.000
color_1,1.53,23.9823245,466.000,15.000
color_1,1.532,23.9823245,467.000,15.000
color_1,1.534,23.9823245,468.000,15.000
color_1,1.536,23.9823245,469.000,15.000
color_1,1.538,23.9823245,470.000,15.000
color_1,1.54,23.9823245,471.000,15.000
color_1,1.542,23.9823245,472.000,15.000
color_1,1.544,23.9823245,473.000,15.000
color_1,1.546,23.9823245,474.000,15.000
color_1,1.548,23.9823245,475.000,15.000
color_1,1.55,23.9823245,476.000,15.000
color_1,1.552,23.9823245,477.000,15.000
color_1,1.554,23.9823245,478.000,15.000
color_1,1.556,23.9823245,479.000,15.000
color_1,1.558,23.9823245,480.000,15.000
color_1,1.56,23.9823245,481.000,15.000
color_1,1.562,23.9823245,482.000,15.000
color_1,1.564,23.9823245,483.000,15.000
color_1,1.566,23.9823245,484.000,15.000
color_1,1.568,23.9823245,485.000,15.000
color_1,1.57,23.9823245,486.000,15.000
color_1,1.572,23.9823245,487.000,15.000
color_1,1.574,23.9823245,488.000,15.000
color_1,1.576,23.9823245,489.000,15.000
color_1,1.578,23.9823245,490.000,15.000
color_1,1.58,23.9823245,491.000,15.000
color_1,1.582,23.9823245,492.000,15.000
color_1,1.584,23.9823245,493.000,15.000
color_1,1.586,23.9823245,494.000,15.000
color_1,1.588,23.9823245,495.000,15.000
color_1,1.59,23.9823245,496.000,15.000
color_1,1.592,23.9823245,497.000,15.000
color_1,1.594,23.9823245,498.000,15.000
color_1,1.596,23.9823245,499.000,15.000
color_1,1.598,23.9823245,500.000,15.000
color_1,1.6,23.9823245,501.000,15.000
color_1,1.602,23.9823245,502.000,15.000
color_1,1.604,23.9823245,503.000,15.000
color_1,1.606,23.9823245,504.000,15.000
color_1,1.608,23.9823245,505.000,15.000
color_1,1.61,23.9823245,506.000,15.000
color_1,1.612,23.9823245,507.000,15.000
color_1,1.614,23.9823245,508.000,15.000
color_1,1.616,23.9823245,509.000,15.000
color_1,1.618,23.9823245,510.000,15.000
color_1,1.62,23.9823245,511.000,15.000
color_1,1.622,23.9823245,512.000,15.000
color_1,1.624,23.9823245,513.000,15.000
color_1,1.626,23.9823245,514.000,15.000
color_1,1.628,23.9823245,515.000,15.000
color_1,1.63,23.9823245,516.000,15.000
color_1,1.632,23.9823245,517.000,15.000
color_1,1.634,23.9823245,518.000,15.000
color_1,1.636,23.9823245,519.000,15.000
color_1,1.638,23.9823245,520.000,15.000
color_1,1.64,23.9823245,521.000,15.000
color_1,1.642,23.9823245,522.000,15.000
color_1,1.644,23.9823245,523.000,15.000
color_1,1.646,23.9823245,524.000,15.000
color_1,1.648,23.9823245,525.000,15.000
color_1,1.65,23.9823245,526.000,15.000
color_1,1.652,23.9823245,527.000,15.000
color_1,1.654,23.9823245,528.000,15.000
color_1,1.656,23.9823245,529.000,15.000
color_1,1.658,23.9823245,530.000,15.000
color_1,1.66,23.9823245,531.000,15.000
color_1,1.662,23.9823245,532.000,15.000
color_1,1.664,23.9823245,533.000,15.000
color_1,1.666,23.9823245,534.000,15.000
color_1,1.668,23.9823245,535.000,15.000
color_1,1.67,23.9823245,536.000,15.000
color_1,1.672,23.9823245,537.000,15.000
color_1,1.674,23.9823245,538.000,15.000
color_1,1.676,23.9823245,539.000,15.000
color_1,1.678,23.9823245,540.000,15.000
color_1,1.68,23.9823245,541.000,15.000
color_1,1.682,23.9823245,542.000,15.000
color_1,1.684,23.9823245,543.000,15.000
color_1,1.686,23.9823245,544.000,15.000
color_1,1.688,23.9823245,545.000,15.000
color_1,1.69,23.9823245,546.000,15.000
color_1,1.692,23.9823245,547.000,15.000
color_1,1.694,23.9823245,548.000,15.000
color_1,1.696,23.9823245,549.000,15.000
color_1,1.698,23.9823245,550.000,15.000
color_1,1.7,23.9823245,551.000,15.000
color_1,1.702,23.9823245,552.000,15.000
color_1,1.704,23.9823245,553.000,15.000
color_1,1.706,23.9823245,554.000,15.000
color_1,1.708,23.9823245,555.000,15.000
color_1,1.71,23.9823245,556.000,15.000
color_1,1.712,23.9823245,557.000,15.000
color_1,1.714,23.9823245,558.000,15.000
color_1,1.716,23.9823245,559.000,15.000
color_1,1.718,23.9823245,560.000,15.000
color_1,1.72,23.9823245,561.000,15.000
color_1,1.722,23.9823245,562.000,15.000
color_1,1.724,23.9823245,563.000,15.000
color_1,1.726,23.9823245,564.000,15.000
color_1,1.728,23.9823245,565.000,15.000
color_1,1.73,23.9823245,566.000,15.000
color_1,1.732,23.9823245,567.000,15.000
color_1,1.734,23.9823245,568.000,15.000
color_1,1.736,23.9823245,569.000,15.000
color_1,1.738,23.9823245,570.000,15.000
color_1,1.74,23.9823245,571.000,15.000
color_1,1.742,23.9823245,572.000,15.000
color_1,1.744,23.9823245,573.000,15.000
color_1,1.746,23.9823245,574.000,15.000
color_1,1.748,23.9823245,575.000,15.000
color_1,1.75,23.9823245,576.000,15.000
color_1,1.752,23.9823245,577.000,15.000
color_1,1.754,23.9823245,578.000,15.000
color_1,1.756,23.9823245,579.000,15.000
color_1,1.758,23.9823245,580.000,15.000
color_1,1.76,23.9823245,581.000,15.000
color_1,1.762,23.9823245,582.000,15.000
color_1,1.764,23.9823245,583.000,15.000
color_1,1.766,23.9823245,584.000,15.000
color_1,1.768,23.9823245,585.000,15.000
color_1,1.77,23.9823245,586.000,15.000
color_1,1.772,23.9823245,587.000,15.000
color_1,1.774,23.9823245,588.000,15.000
color_1,1.776,23.9823245,589.000,15.000
color_1,1.778,23.9823245,590.000,15.000
color_1,1.78,23.9823245,591.000,15.000
color_1,1.782,23.9823245,592.000,15.000
color_1,1.784,23.9823245,593.000,15.000
color_1,1.786,23.9823245,594.000,15.000
color_1,1.788,23.9823245,595.000,15.000
color_1,1.79,23.9823245,596.000,15.000
color_1,1.792,23.9823245,597.000,15.000
color_1,1.794,23.9823245,598.000,15.000
color_1,1.796,23.9823245,599.000,15.000
color_1,1.798,23.9823245,600.000,15.000
color_1,1.8,23.9823245,601.000,15.000
color_1,1.802,23.9823245,602.000,15.000
color_1,1.804,23.9823245,603.000,15.000
color_1,1.806,23.9823245,604.000,15.000
color_1,1.808,23.9823245,605.000,15.000
color_1,1.81,23.9823245,606.000,15.000
color_1,1.812,23.9823245,607.000,15.000
color_1,1.814,23.9823245,608.000,15.000
color_1,1.816,23.9823245,609.000,15.000
color_1,1.818,23.9823245,610.000,15.000
color_1,1.82,23.9823245,611.000,15.000
color_1,1.822,23.9823245,612.000,15.000
color_1,1.824,23.9823245,613.000,15.000
color_1,1.826,23.9823245,614.000,15.000
color_1,1.828,23.9823245,615.000,15.000
color_1,1.83,23.9823245,616.000,15.000
color_1,1.832,23.9823245,617.000,15.000
color_1,1.834,23.9823245,618.000,15.000
color_1,1.836,23.9823245,619.000,15.000
color_1,1.838,23.9823245,620.000,15.000
color_1,1.84,23.9823245,621.000,15.000
color_1,1.842,23.9823245,622.000,15.000
color_1,1.844,23.9823245,623.000,15.000
color_1,1.846,23.9823245,624.000,15.000
color_1,1.848,23.9823245,625.000,15.000
color_1,1.85,23.9823245,626.000,15.000
color_1,1.852,23.9823245,627.000,15.000
color_1,1.854,23.9823245,628.000,15.000
color_1,1.856,23.9823245,629.000,15.000
color_1,1.858,23.9823245,630.000,15.000
color_1,1.86,23.9823245,631.000,15.000
color_1,1.862,23.9823245,632.000,15.000
color_1,1.864,23.9823245,633.000,15.000
color_1,1.866,23.9823245,634.000,15.000
color_1,1.868,23.9823245,635.000,15.000
color_1,1.87,23.9823245,636.000,15.000
color_1,1.872,23.9823245,637.000,15.000
color_1,1.874,23.9823245,638.000,15.000
color_1,1.876,23.9823245,639.000,15.000
color_1,1.878,23.9823245,640.000,15.000
color_1,1.88,23.9823245,641.000,15.000
color_1,1.882,23.9823245,642.000,15.000
color_1,1.884,23.9823245,643.000,15.000
color_1,1.886,23.9823245,644.000,15.000
color_1,1.888,23.9823245,645.000,15.000
color_1,1.89,23.9823245,646.000,15.000
color_1,1.892,23.9823245,647.000,15.000
color_1,1.894,23.9823245,648.000,15.000
color_1,1.896,23.9823245,649.000,15.000
color_1,1.898,23.9823245,650.000,15.000
color_1,1.9,23.9823245,651.000,15.000
color_1,1.902,23.9823245,652.000,15.000
color_1,1.904,23.9823245,653.000,15.000
color_1,1.906,23.9823245,654.000,15.000
color_1,1.908,23.9823245,655.000,15.000
color_1,1.91,23.9823245,656.000,15.000
color_1,1.912,23.9823245,657.000,15.000
color_1,1.914,23.9823245,658.000,15.000
color_1,1.916,23.9823245,659.000,15.000
color_1,1.918,23.9823245,660.000,15.000
color_1,1.92,23.9823245,661.000,15.000
color_1,1.922,23.9823245,662.000,15.000
color_1,1.924,23.9823245,663.000,15.000
color_1,1.926,23.9823245,664.000,15.000
color_1,1.928,23.9823245,665.000,15.000
color_1,1.93,23.9823245,666.000,15.000
color_1,1.932,23.9823245,667.000,15.000
color_1,1.934,23.9823245,668.000,15.000
color_1,1.936,23.9823245,669.000,15.000
color_1,1.938,23.9823245,670.000,15.000
color_1,1.94,23.9823245,671.000,15.000
color_1,1.942,23.9823245,672.000,15.000
color_1,1.944,23.9823245,673.000,15.000
color_1,1.946,23.9823245,674.000,15.000
color_1,1.948,23.9823245,675.000,15.000
color_1,1.95,23.9823245,676.000,15.000
color_1,1.952,23.9823245,677.000,15.000
color_1,1.954,23.9823245,678.000,15.000
color_1,1.956,23.9823245,679.000,15.000
color_1,1.958,23.9823245,680.000,15.000
color_1,1.96,23.9823245,681.000,15.000
color_1,1.962,23.9823245,682.000,15.000
color_1,1.964,23.9823245,683.000,15.000
color_1,1.966,23.9823245,684.000,15.000
color_1,1.968,23.9823245,685.000,15.000
color_1,1.97,23.9823245,686.000,15.000
color_1,1.972,23.9823245,687.000,15.000
color_1,1.974,23.9823245,688.000,15.000
color_1,1.976,23.9823245,689.000,15.000
color_1,1.978,23.9823245,690.000,15.000
color_1,1.98,23.9823245,691.000,15.000
color_1,1.982,23.9823245,692.000,15.000
color_1,1.984,23.9823245,693.000,15.000
color_1,1.986,24.07895614,694.000,14.000
color_2,0.824,-16.1198099,113.000,430.000
color_2,0.826,-16.1198099,114.000,430.000
color_2,0.828,-16.1198099,115.000,430.000
color_2,0.83,-16.1198099,116.000,430.000
color_2,0.832,-16.1198099,117.000,430.000
color_2,0.834,-16.1198099,118.000,430.000
color_2,0.836,-16.1198099,119.000,430.000
color_2,0.838,-16.1198099,120.000,430.000
color_2,0.84,-16.1198099,121.000,430.000
color_2,0.842,-16.07149408,122.000,429.500
color_2,0.844,-16.02317826,123.000,429.000
color_2,0.846,-16.02317826,124.000,429.000
color_2,0.848,-16.02317826,125.000,429.000
color_2,0.85,-16.02317826,126.000,429.000
color_2,0.852,-16.02317826,127.000,429.000
color_2,0.854,-16.02317826,128.000,429.000
color_2,0.856,-16.02317826,129.000,429.000
color_2,0.858,-16.02317826,130.000,429.000
color_2,0.86,-16.02317826,131.000,429.000
color_2,0.862,-3.992537936,132.000,304.500
color_2,0.864,-3.992537936,133.000,304.500
color_2,0.866,-3.992537936,134.000,304.500
color_2,0.868,-3.992537936,135.000,304.500
color_2,0.87,-3.992537936,136.000,304.500
color_2,0.872,-3.992537936,137.000,304.500
color_2,0.874,-3.992537936,138.000,304.500
color_2,0.876,-3.992537936,139.000,304.500
color_2,0.878,-3.992537936,140.000,304.500
color_2,0.88,-3.992537936,141.000,304.500
color_2,0.882,-3.992537936,142.000,304.500
color_2,0.884,-3.992537936,143.000,304.500
color_2,0.886,-3.992537936,144.000,304.500
color_2,0.888,-3.992537936,145.000,304.500
color_2,0.89,-3.992537936,146.000,304.500
color_2,0.892,-3.992537936,147.000,304.500
color_2,0.894,-3.992537936,148.000,304.500
color_2,0.896,-3.992537936,149.000,304.500
color_2,0.898,-3.992537936,150.000,304.500
color_2,0.9,-3.992537936,151.000,304.500
color_2,0.902,-3.992537936,152.000,304.500
color_2,0.904,-3.992537936,153.000,304.500
color_2,0.906,-3.992537936,154.000,304.500
color_2,0.908,7.98978656,155.000,180.500
color_2,0.91,7.98978656,156.000,180.500
color_2,0.912,7.98978656,157.000,180.500
color_2,0.914,7.98978656,158.000,180.500
color_2,0.916,7.98978656,159.000,180.500
color_2,0.918,7.98978656,160.000,180.500
color_2,0.92,7.98978656,161.000,180.500
color_2,0.922,7.98978656,162.000,180.500
color_2,0.924,7.98978656,163.000,180.500
color_2,0.926,7.98978656,164.000,180.500
color_2,0.928,7.98978656,165.000,180.500
color_2,0.93,7.98978656,166.000,180.500
color_2,0.932,7.98978656,167.000,180.500
color_2,0.934,7.98978656,168.000,180.500
color_2,0.936,7.98978656,169.000,180.500
color_2,0.938,7.98978656,170.000,180.500
color_2,0.94,7.98978656,171.000,180.500
color_2,0.942,7.98978656,172.000,180.500
color_2,0.944,7.98978656,173.000,180.500
color_2,0.946,7.98978656,174.000,180.500
color_2,0.948,7.98978656,175.000,180.500
color_2,0.95,7.98978656,176.000,180.500
color_2,0.952,7.98978656,177.000,180.500
color_2,0.954,7.98978656,178.000,180.500
color_2,0.956,7.98978656,179.000,180.500
color_2,0.958,7.98978656,180.000,180.500
color_2,0.96,7.98978656,181.000,180.500
color_2,0.962,-16.1198099,182.000,430.000
color_2,0.964,-16.1198099,183.000,430.000
color_2,0.966,-16.1198099,184.000,430.000
color_2,0.968,-16.1198099,185.000,430.000
color_2,0.97,-16.1198099,186.000,430.000
color_2,0.972,-16.1198099,187.000,430.000
color_2,0.974,-16.1198099,188.000,430.000
color_2,0.976,-16.1198099,189.000,430.000
color_2,0.978,-16.1198099,190.000,430.000
color_2,0.98,-16.1198099,191.000,430.000
color_2,0.982,-16.1198099,192.000,430.000
color_2,0.984,-16.1198099,193.000,430.000
color_2,0.986,-16.1198099,194.000,430.000
color_2,0.988,-16.1198099,195.000,430.000
color_2,0.99,-16.1198099,196.000,430.000
color_2,0.992,-16.1198099,197.000,430.000
color_2,1.55,-15.82991496,476.000,427.000
color_2,1.552,-15.82991496,477.000,427.000
color_2,1.554,-15.82991496,478.000,427.000
color_2,1.556,-15.82991496,479.000,427.000
color_2,1.558,-15.82991496,480.000,427.000
color_2,1.56,-15.82991496,481.000,427.000
color_2,1.562,-15.82991496,482.000,427.000
color_2,1.564,-15.82991496,483.000,427.000
color_2,1.566,-15.82991496,484.000,427.000
color_2,1.568,-15.82991496,485.000,427.000
color_2,1.57,-15.82991496,486.000,427.000
color_2,1.572,-15.82991496,487.000,427.000
color_2,1.574,-15.82991496,488.000,427.000
color_2,1.576,-15.82991496,489.000,427.000
color_2,1.578,-15.82991496,490.000,427.000
color_2,1.58,-15.82991496,491.000,427.000
color_2,1.582,-15.82991496,492.000,427.000
color_2,1.584,-15.82991496,493.000,427.000
color_2,1.586,-15.82991496,494.000,427.000
color_2,1.588,-15.82991496,495.000,427.000
color_2,1.59,-15.82991496,496.000,427.000
color_2,1.592,-15.82991496,497.000,427.000
color_2,1.594,-15.82991496,498.000,427.000
color_2,1.596,-15.82991496,499.000,427.000
color_2,1.598,-15.82991496,500.000,427.000
color_2,1.6,-15.82991496,501.000,427.000
color_2,1.602,-15.82991496,502.000,427.000
color_2,1.604,-15.82991496,503.000,427.000
color_2,1.606,-15.82991496,504.000,427.000
color_2,1.608,-15.82991496,505.000,427.000
color_2,1.61,-15.82991496,506.000,427.000
color_2,1.612,-15.82991496,507.000,427.000
color_2,1.614,-15.82991496,508.000,427.000
color_2,1.616,-15.82991496,509.000,427.000
color_2,1.618,-15.82991496,510.000,427.000
color_2,1.62,-15.82991496,511.000,427.000
color_2,1.622,-15.82991496,512.000,427.000
color_2,1.624,-15.82991496,513.000,427.000
color_2,1.626,-15.82991496,514.000,427.000
color_2,1.628,-15.82991496,515.000,427.000
color_2,1.63,-15.82991496,516.000,427.000
color_2,1.632,-15.82991496,517.000,427.000
color_2,1.634,-15.82991496,518.000,427.000
color_2,1.636,-15.82991496,519.000,427.000
color_2,1.638,-15.82991496,520.000,427.000
color_2,1.64,-15.82991496,521.000,427.000
color_2,1.642,-15.82991496,522.000,427.000
color_2,1.644,-15.82991496,523.000,427.000
color_2,1.646,-15.82991496,524.000,427.000
color_2,1.648,-15.82991496,525.000,427.000
color_2,1.65,-15.82991496,526.000,427.000
color_2,1.652,-15.82991496,527.000,427.000
color_2,1.654,-15.82991496,528.000,427.000
color_2,1.656,-15.82991496,529.000,427.000
color_2,1.658,-15.82991496,530.000,427.000
color_2,1.66,-15.82991496,531.000,427.000
color_2,1.662,-15.82991496,532.000,427.000
color_2,1.664,-15.82991496,533.000,427.000
color_2,1.666,-15.82991496,534.000,427.000
color_2,1.668,-15.82991496,535.000,427.000
color_2,1.67,-15.82991496,536.000,427.000
color_2,1.672,-15.82991496,537.000,427.000
color_2,1.674,-15.82991496,538.000,427.000
color_2,1.676,-15.82991496,539.000,427.000
color_2,1.678,-15.82991496,540.000,427.000
color_2,1.68,-15.82991496,541.000,427.000
color_2,1.682,-15.82991496,542.000,427.000
color_2,1.684,-15.82991496,543.000,427.000
color_2,1.686,-15.82991496,544.000,427.000
color_2,1.688,-15.82991496,545.000,427.000
color_2,1.69,-15.82991496,546.000,427.000
color_2,1.692,-15.82991496,547.000,427.000
color_2,1.694,-15.78159913,548.000,426.500
color_2,1.696,-15.78159913,549.000,426.500
color_2,1.698,-15.78159913,550.000,426.500
color_2,1.7,-15.78159913,551.000,426.500
color_2,1.702,-15.78159913,552.000,426.500
color_2,1.704,-15.78159913,553.000,426.500
color_2,1.706,-15.73328331,554.000,426.000
color_2,1.708,-15.73328331,555.000,426.000
color_2,1.71,-15.73328331,556.000,426.000
color_2,1.712,-15.73328331,557.000,426.000
color_2,1.714,-15.73328331,558.000,426.000
color_2,1.716,-15.73328331,559.000,426.000
color_2,1.718,-15.73328331,560.000,426.000
color_2,1.72,-15.73328331,561.000,426.000
color_2,1.722,-15.73328331,562.000,426.000
color_2,1.724,-15.68496748,563.000,425.500
color_2,1.726,-15.68496748,564.000,425.500
color_2,1.728,-15.68496748,565.000,425.500
color_2,1.73,-15.68496748,566.000,425.500
color_2,1.732,-15.68496748,567.000,425.500
color_2,1.734,-15.63665166,568.000,425.000
color_2,1.736,-15.63665166,569.000,425.000
color_2,1.738,-15.63665166,570.000,425.000
color_2,1.74,-15.63665166,571.000,425.000
color_2,1.768,-14.86359847,585.000,417.000
color_2,1.77,-14.86359847,586.000,417.000
color_2,1.772,-14.76696682,587.000,416.000
color_2,1.774,-14.76696682,588.000,416.000
color_2,1.776,-14.71865099,589.000,415.500
color_2,1.778,-14.71865099,590.000,415.500
color_2,1.78,-14.62201934,591.000,414.500
color_2,1.782,-14.57370352,592.000,414.000
color_2,1.784,-14.57370352,593.000,414.000
color_2,1.786,-14.52538769,594.000,413.500
color_2,1.788,-14.42875604,595.000,412.500
color_2,1.79,-14.38044022,596.000,412.000
color_2,1.792,-14.3321244,597.000,411.500
color_2,1.794,-14.23549275,598.000,410.500
color_2,1.796,-14.1388611,599.000,409.500
color_2,1.798,-14.1388611,600.000,409.500
color_2,1.8,-14.04222945,601.000,408.500
color_2,1.802,-13.9455978,602.000,407.500
color_2,1.804,-13.84896615,603.000,406.500
color_2,1.806,-13.7523345,604.000,405.500
color_2,1.808,-13.65570285,605.000,404.500
color_2,1.81,-13.60738703,606.000,404.000
color_2,1.812,-13.51075538,607.000,403.000
color_2,1.814,-13.41412373,608.000,402.000
color_2,1.816,-13.31749208,609.000,401.000
color_2,1.818,-13.22086043,610.000,400.000
color_2,1.82,-13.12422878,611.000,399.000
color_2,1.822,-13.02759713,612.000,398.000
color_2,1.824,-12.88264966,613.000,396.500
color_2,1.826,-12.78601801,614.000,395.500
color_2,1.828,-12.64107054,615.000,394.000
color_2,1.83,-12.54443889,616.000,393.000
color_2,1.832,-12.44780724,617.000,392.000
color_2,1.834,-12.35117559,618.000,391.000
color_2,1.836,-12.25454394,619.000,390.000
color_2,1.838,-12.15791229,620.000,389.000
color_2,1.84,-11.96464899,621.000,387.000
color_2,1.842,-11.86801734,622.000,386.000
color_2,1.844,-11.72306987,623.000,384.500
color_2,1.846,-11.62643822,624.000,383.500
color_2,1.848,-11.48149075,625.000,382.000
color_2,1.85,-11.33654327,626.000,380.500
color_2,1.852,-11.23991162,627.000,379.500
color_2,1.854,-11.09496415,628.000,378.000
color_2,1.856,-10.95001668,629.000,376.500
color_2,1.858,-10.8050692,630.000,375.000
color_2,1.86,-10.70843755,631.000,374.000
color_2,1.862,-10.56349008,632.000,372.500
color_2,1.864,-10.37022678,633.000,370.500
color_2,1.866,-10.27359513,634.000,369.500
color_2,1.868,-10.08033183,635.000,367.500
color_2,1.87,-9.983700183,636.000,366.500
color_2,1.872,-9.790436885,637.000,364.500
color_2,1.874,-9.693805236,638.000,363.500
color_2,1.876,-9.500541938,639.000,361.500
color_2,1.878,-9.403910288,640.000,360.500
color_2,1.88,-9.21064699,641.000,358.500
color_2,1.882,-9.065699516,642.000,357.000
color_2,1.884,-8.920752043,643.000,355.500
color_2,1.886,-8.727488744,644.000,353.500
color_2,1.888,-8.630857095,645.000,352.500
color_2,1.89,-8.437593797,646.000,350.500
color_2,1.892,-8.340962148,647.000,349.500
color_2,1.894,-8.147698849,648.000,347.500
color_2,1.896,-7.954435551,649.000,345.500
color_2,1.898,-7.809488077,650.000,344.000
color_2,1.9,-7.616224779,651.000,342.000
color_2,1.902,-7.471277305,652.000,340.500
color_2,1.904,-7.278014007,653.000,338.500
color_2,1.906,-7.133066533,654.000,337.000
color_2,1.908,-6.98811906,655.000,335.500
color_2,1.91,-6.794855761,656.000,333.500
color_2,1.912,-6.601592463,657.000,331.500
color_2,1.914,-6.456644989,658.000,330.000
color_2,1.916,-6.263381691,659.000,328.000
color_2,1.918,-6.070118393,660.000,326.000
color_2,1.92,-5.925170919,661.000,324.500
color_2,1.922,-5.73190762,662.000,322.500
color_2,1.924,-5.586960147,663.000,321.000
color_2,1.926,-5.393696848,664.000,319.000
color_2,1.928,-5.20043355,665.000,317.000
color_2,1.93,-5.007170252,666.000,315.000
color_2,1.932,-4.813906953,667.000,313.000
color_2,1.934,-4.620643655,668.000,311.000
color_2,1.936,-4.475696181,669.000,309.500
color_2,1.938,-4.282432883,670.000,307.500
color_2,1.94,-4.089169585,671.000,305.500
color_2,1.942,-3.944222111,672.000,304.000
color_2,1.944,-3.750958813,673.000,302.000
color_2,1.946,-3.50937969,674.000,299.500
color_2,1.948,-3.316116392,675.000,297.500
color_2,1.95,-3.122853093,676.000,295.500
color_2,1.952,-2.88127397,677.000,293.000
color_2,1.954,-2.688010672,678.000,291.000
color_2,1.956,-2.494747374,679.000,289.000
color_2,1.958,-2.301484075,680.000,287.000
color_2,1.96,-2.108220777,681.000,285.000
color_2,1.962,-1.914957479,682.000,283.000
color_2,1.964,-1.72169418,683.000,281.000
color_2,1.966,-1.528430882,684.000,279.000
color_2,1.968,-1.335167584,685.000,277.000
color_2,1.97,-1.141904285,686.000,275.000
color_2,1.972,-0.9969568117,687.000,273.500
color_2,1.974,-0.8036935134,688.000,271.500
color_2,1.976,-0.5621143905,689.000,269.000
color_2,1.978,-0.4171669168,690.000,267.500
color_2,1.98,-0.1755877939,691.000,265.000
color_2,1.982,0.065991329,692.000,262.500
color_2,1.984,0.3558862765,693.000,259.500
color_2,1.986,0.5974653994,694.000,257.000
color_2,1.988,0.8873603468,695.000,254.000
color_2,1.99,1.177255294,696.000,251.000
color_2,1.992,1.418834417,697.000,248.500
color_2,1.994,1.66041354,698.000,246.000
color_2,1.996,1.901992663,699.000,243.500
color_2,1.998,2.095255961,700.000,241.500
color_2,2,2.240203435,701.000,240.000
color_2,2.002,2.385150909,702.000,238.500
color_2,2.004,2.481782558,703.000,237.500
color_3,0.862,19.48895281,132.000,61.500
color_3,0.864,19.48895281,133.000,61.500
color_3,0.866,19.48895281,134.000,61.500
color_3,0.868,19.48895281,135.000,61.500
color_3,0.87,19.48895281,136.000,61.500
color_3,0.872,19.48895281,137.000,61.500
color_3,0.874,19.48895281,138.000,61.500
color_3,0.876,19.48895281,139.000,61.500
color_3,0.878,19.48895281,140.000,61.500
color_3,0.88,19.48895281,141.000,61.500
color_3,0.882,19.48895281,142.000,61.500
color_3,0.884,19.48895281,143.000,61.500
color_3,0.886,19.48895281,144.000,61.500
color_3,0.888,19.48895281,145.000,61.500
color_3,0.89,19.48895281,146.000,61.500
color_3,0.892,19.48895281,147.000,61.500
color_3,0.894,19.48895281,148.000,61.500
color_3,0.896,19.48895281,149.000,61.500
color_3,0.898,19.48895281,150.000,61.500
color_3,0.9,19.48895281,151.000,61.500
color_3,0.902,19.48895281,152.000,61.500
color_3,0.904,19.48895281,153.000,61.500
color_3,0.906,19.48895281,154.000,61.500
color_3,0.908,19.48895281,155.000,61.500
color_3,0.91,19.48895281,156.000,61.500
color_3,0.912,19.48895281,157.000,61.500
color_3,0.914,19.48895281,158.000,61.500
color_3,0.916,19.48895281,159.000,61.500
color_3,0.918,19.48895281,160.000,61.500
color_3,0.92,19.48895281,161.000,61.500
color_3,0.922,19.48895281,162.000,61.500
color_3,0.924,19.48895281,163.000,61.500
color_3,0.926,19.48895281,164.000,61.500
color_3,0.928,19.48895281,165.000,61.500
color_3,0.93,19.48895281,166.000,61.500
color_3,0.932,19.48895281,167.000,61.500
color_3,0.934,19.48895281,168.000,61.500
color_3,0.936,19.48895281,169.000,61.500
color_3,0.938,19.48895281,170.000,61.500
color_3,0.94,19.48895281,171.000,61.500
color_3,0.942,19.48895281,172.000,61.500
color_3,0.944,19.48895281,173.000,61.500
color_3,0.946,19.48895281,174.000,61.500
color_3,0.948,19.48895281,175.000,61.500
color_3,0.95,19.48895281,176.000,61.500
color_3,0.952,19.48895281,177.000,61.500
color_3,0.954,19.48895281,178.000,61.500
color_3,0.956,19.48895281,179.000,61.500
color_3,0.958,19.48895281,180.000,61.500
color_3,0.96,19.48895281,181.000,61.500
color_3,1.29,-15.44338836,346.000,423.000
color_3,1.292,-15.44338836,347.000,423.000
color_3,1.294,-15.44338836,348.000,423.000
color_3,1.296,-15.44338836,349.000,423.000
color_3,1.298,-15.44338836,350.000,423.000
color_3,1.3,-15.73328331,351.000,426.000
color_3,1.302,-15.73328331,352.000,426.000
color_3,1.304,-15.73328331,353.000,426.000
color_3,1.306,-15.73328331,354.000,426.000
color_3,1.308,-15.73328331,355.000,426.000
color_3,1.31,-15.73328331,356.000,426.000
color_3,1.312,-15.73328331,357.000,426.000
color_3,1.314,-15.73328331,358.000,426.000
color_3,1.316,-15.73328331,359.000,426.000
color_3,1.318,-15.73328331,360.000,426.000
color_3,1.32,-15.73328331,361.000,426.000
color_3,1.322,-15.73328331,362.000,426.000
color_3,1.324,-15.73328331,363.000,426.000
color_3,1.326,-15.73328331,364.000,426.000
color_3,1.328,-15.73328331,365.000,426.000
color_3,1.33,-15.73328331,366.000,426.000
color_3,1.332,-15.73328331,367.000,426.000
color_3,1.334,-15.73328331,368.000,426.000
color_3,1.336,-15.73328331,369.000,426.000
color_3,1.338,-15.73328331,370.000,426.000
color_3,1.34,-15.73328331,371.000,426.000
color_3,1.342,-15.73328331,372.000,426.000
color_3,1.344,-15.73328331,373.000,426.000
color_3,1.346,-15.73328331,374.000,426.000
color_3,1.348,-15.73328331,375.000,426.000
color_3,1.35,-16.02317826,376.000,429.000
color_3,1.352,-16.02317826,377.000,429.000
color_3,1.354,-16.02317826,378.000,429.000
color_3,1.356,-16.02317826,379.000,429.000
color_3,1.358,-16.02317826,380.000,429.000
color_3,1.36,-16.02317826,381.000,429.000
color_3,1.362,-16.02317826,382.000,429.000
color_3,1.364,-16.02317826,383.000,429.000
color_3,1.366,-16.02317826,384.000,429.000
color_3,1.368,-16.02317826,385.000,429.000
color_3,1.37,-16.02317826,386.000,429.000
color_3,1.372,-16.02317826,387.000,429.000
color_3,1.374,-15.78159913,388.000,426.500
color_3,1.376,-15.78159913,389.000,426.500
color_3,1.378,-15.78159913,390.000,426.500
color_3,1.38,-15.78159913,391.000,426.500
color_3,1.382,-15.78159913,392.000,426.500
color_3,1.384,-15.78159913,393.000,426.500
color_3,1.386,-15.78159913,394.000,426.500
color_3,1.388,-15.78159913,395.000,426.500
color_3,1.39,-15.78159913,396.000,426.500
color_3,1.392,-15.78159913,397.000,426.500
color_3,1.394,-15.78159913,398.000,426.500
color_3,1.396,-15.78159913,399.000,426.500
color_3,1.398,-15.78159913,400.000,426.500
color_3,1.4,-15.78159913,401.000,426.500
color_3,1.402,-15.78159913,402.000,426.500
color_3,1.404,-15.78159913,403.000,426.500
color_3,1.406,-15.78159913,404.000,426.500
color_3,1.408,-15.78159913,405.000,426.500
color_3,1.41,-15.78159913,406.000,426.500
color_3,1.412,-15.78159913,407.000,426.500
color_3,1.414,-15.78159913,408.000,426.500
color_3,1.416,-15.78159913,409.000,426.500
color_3,1.418,-15.78159913,410.000,426.500
color_3,1.42,-15.78159913,411.000,426.500
color_3,1.422,-15.78159913,412.000,426.500
color_3,1.424,-15.78159913,413.000,426.500
color_3,1.426,-15.78159913,414.000,426.500
color_3,1.428,-15.78159913,415.000,426.500
color_3,1.43,-15.78159913,416.000,426.500
color_3,1.432,-15.78159913,417.000,426.500
color_3,1.434,-15.78159913,418.000,426.500
color_3,1.436,-15.78159913,419.000,426.500
color_3,1.438,-15.78159913,420.000,426.500
color_3,1.44,-15.78159913,421.000,426.500
color_3,1.442,-15.78159913,422.000,426.500
color_3,1.444,-15.78159913,423.000,426.500
color_3,1.446,-15.78159913,424.000,426.500
color_3,1.448,-16.02317826,425.000,429.000
color_3,1.45,-16.02317826,426.000,429.000
color_3,1.452,-16.02317826,427.000,429.000
color_3,1.454,-16.02317826,428.000,429.000
color_3,1.456,-16.02317826,429.000,429.000
color_3,1.458,-16.02317826,430.000,429.000
color_3,1.46,-16.02317826,431.000,429.000
color_3,1.462,-16.02317826,432.000,429.000
color_3,1.464,-16.02317826,433.000,429.000
color_3,1.466,-16.02317826,434.000,429.000
color_3,1.468,-16.02317826,435.000,429.000
color_3,1.47,-16.02317826,436.000,429.000
color_3,1.472,-16.02317826,437.000,429.000
color_3,1.474,-16.02317826,438.000,429.000
color_3,1.476,-16.02317826,439.000,429.000
color_3,1.478,-16.02317826,440.000,429.000
color_3,1.48,-16.02317826,441.000,429.000
color_3,1.482,-16.02317826,442.000,429.000
color_3,1.484,-16.02317826,443.000,429.000
color_3,1.486,-16.02317826,444.000,429.000
color_3,1.488,-16.02317826,445.000,429.000
color_3,1.49,-16.02317826,446.000,429.000
color_3,1.492,-16.02317826,447.000,429.000
color_3,1.494,-16.02317826,448.000,429.000
color_3,1.496,-16.02317826,449.000,429.000
color_3,1.498,-16.02317826,450.000,429.000
color_3,1.5,-16.02317826,451.000,429.000
color_3,1.502,-16.02317826,452.000,429.000
color_3,1.504,-16.02317826,453.000,429.000
color_3,1.506,-16.02317826,454.000,429.000
color_3,1.508,-16.02317826,455.000,429.000
color_3,1.51,-16.02317826,456.000,429.000
color_3,1.512,-16.02317826,457.000,429.000
color_3,1.514,-16.02317826,458.000,429.000
color_3,1.516,-16.02317826,459.000,429.000
color_3,1.518,-16.02317826,460.000,429.000
color_3,1.52,-16.02317826,461.000,429.000
color_3,1.522,-16.02317826,462.000,429.000
color_3,1.524,-16.02317826,463.000,429.000
color_3,1.526,-16.02317826,464.000,429.000
color_3,1.528,-16.02317826,465.000,429.000
color_3,1.53,-16.02317826,466.000,429.000
color_3,1.532,-16.02317826,467.000,429.000
color_3,1.534,-16.02317826,468.000,429.000
color_3,1.536,-16.02317826,469.000,429.000
color_3,1.538,-16.02317826,470.000,429.000
color_3,1.54,-16.02317826,471.000,429.000
color_3,1.542,-16.02317826,472.000,429.000
color_3,1.544,-16.02317826,473.000,429.000
color_3,1.546,-16.02317826,474.000,429.000
color_3,1.548,-16.02317826,475.000,429.000
color_3,1.55,-16.02317826,476.000,429.000
color_3,1.552,-16.02317826,477.000,429.000
color_3,1.554,-16.02317826,478.000,429.000
color_3,1.556,-16.02317826,479.000,429.000
color_3,1.558,-16.02317826,480.000,429.000
color_3,1.56,-16.02317826,481.000,429.000
color_3,1.562,-16.02317826,482.000,429.000
color_3,1.564,-16.02317826,483.000,429.000
color_3,1.566,-16.02317826,484.000,429.000
color_3,1.568,-16.02317826,485.000,429.000
color_3,1.57,-16.02317826,486.000,429.000
color_3,1.572,-16.02317826,487.000,429.000
color_3,1.574,-16.02317826,488.000,429.000
color_3,1.776,-15.54002001,589.000,424.000
color_3,1.778,-15.44338836,590.000,423.000
color_3,1.78,-15.58833583,591.000,424.500
color_3,1.782,-15.82991496,592.000,427.000
color_3,1.784,-15.82991496,593.000,427.000
color_3,1.786,-15.82991496,594.000,427.000
color_3,1.788,-15.82991496,595.000,427.000
color_3,1.79,-15.82991496,596.000,427.000
color_3,1.792,-15.82991496,597.000,427.000
color_3,1.794,-15.82991496,598.000,427.000
color_3,1.796,-15.82991496,599.000,427.000
color_3,1.798,-15.78159913,600.000,426.500
color_3,1.8,-15.78159913,601.000,426.500
color_3,1.802,-15.78159913,602.000,426.500
color_3,1.804,-15.78159913,603.000,426.500
color_3,1.806,-15.78159913,604.000,426.500
color_3,1.808,-15.73328331,605.000,426.000
color_3,1.81,-15.68496748,606.000,425.500
color_3,1.812,-15.68496748,607.000,425.500
color_3,1.814,-15.68496748,608.000,425.500
color_3,1.816,-15.68496748,609.000,425.500
color_3,1.818,-15.63665166,610.000,425.000
color_3,1.82,-15.63665166,611.000,425.000
color_3,1.822,-15.63665166,612.000,425.000
color_3,1.824,-15.58833583,613.000,424.500
color_3,1.826,-15.58833583,614.000,424.500
color_3,1.828,-15.54002001,615.000,424.000
color_3,1.83,-15.54002001,616.000,424.000
color_3,1.832,-15.54002001,617.000,424.000
color_3,1.834,-15.54002001,618.000,424.000
color_3,1.836,-15.49170419,619.000,423.500
color_3,1.838,-15.49170419,620.000,423.500
color_3,1.84,-15.44338836,621.000,423.000
color_3,1.842,-15.44338836,622.000,423.000
color_3,1.844,-15.44338836,623.000,423.000
color_3,1.846,-15.44338836,624.000,423.000
color_3,1.848,-15.44338836,625.000,423.000
color_3,1.85,-15.39507254,626.000,422.500
color_3,1.852,-15.34675671,627.000,422.000
color_3,1.854,-15.34675671,628.000,422.000
color_3,1.856,-15.34675671,629.000,422.000
color_3,1.858,-15.29844089,630.000,421.500
color_3,1.86,-15.29844089,631.000,421.500
color_3,1.862,-15.25012506,632.000,421.000
color_3,1.864,-15.20180924,633.000,420.500
color_3,1.866,-15.20180924,634.000,420.500
color_3,1.868,-15.20180924,635.000,420.500
color_3,1.87,-15.15349341,636.000,420.000
color_3,1.872,-15.15349341,637.000,420.000
color_3,1.874,-15.10517759,638.000,419.500
color_3,1.876,-15.10517759,639.000,419.500
color_3,1.878,-15.05686176,640.000,419.000
color_3,1.88,-15.00854594,641.000,418.500
color_3,1.882,-15.00854594,642.000,418.500
color_3,1.884,-14.96023012,643.000,418.000
color_3,1.886,-14.91191429,644.000,417.500
color_3,1.888,-14.86359847,645.000,417.000
color_3,1.89,-14.81528264,646.000,416.500
color_3,1.892,-14.81528264,647.000,416.500
color_3,1.894,-14.76696682,648.000,416.000
color_3,1.896,-14.71865099,649.000,415.500
color_3,1.898,-14.67033517,650.000,415.000
color_3,1.9,-14.62201934,651.000,414.500
color_3,1.902,-14.62201934,652.000,414.500
color_3,1.904,-14.52538769,653.000,413.500
color_3,1.906,-14.52538769,654.000,413.500
color_3,1.908,-14.42875604,655.000,412.500
color_3,1.91,-14.42875604,656.000,412.500
color_3,1.912,-14.3321244,657.000,411.500
color_3,1.914,-14.3321244,658.000,411.500
color_3,1.916,-14.23549275,659.000,410.500
color_3,1.918,-14.23549275,660.000,410.500
color_3,1.92,-14.1388611,661.000,409.500
color_3,1.922,-14.04222945,662.000,408.500
color_3,1.924,-14.04222945,663.000,408.500
color_3,1.926,-13.9455978,664.000,407.500
color_3,1.928,-13.84896615,665.000,406.500
color_3,1.93,-13.84896615,666.000,406.500
color_3,1.932,-13.7523345,667.000,405.500
color_3,1.934,-13.65570285,668.000,404.500
color_3,1.936,-13.60738703,669.000,404.000
color_3,1.938,-13.5590712,670.000,403.500
color_3,1.94,-13.46243955,671.000,402.500
color_3,1.942,-13.3658079,672.000,401.500
color_3,1.944,-13.26917625,673.000,400.500
color_3,1.946,-13.22086043,674.000,400.000
color_3,1.948,-13.12422878,675.000,399.000
color_3,1.95,-13.02759713,676.000,398.000
color_3,1.952,-12.93096548,677.000,397.000
color_3,1.954,-12.83433383,678.000,396.000
color_3,1.956,-12.73770218,679.000,395.000
color_3,1.958,-12.64107054,680.000,394.000
color_3,1.96,-12.54443889,681.000,393.000
color_3,1.962,-12.44780724,682.000,392.000
color_3,1.964,-12.35117559,683.000,391.000
color_3,1.966,-12.30285976,684.000,390.500
color_3,1.968,-12.25454394,685.000,390.000
color_3,1.97,-12.20622811,686.000,389.500
color_4,0.828,-19.79181257,115.000,468.000
color_4,0.83,-19.79181257,116.000,468.000
color_4,0.832,-19.79181257,117.000,468.000
color_4,0.834,-19.79181257,118.000,468.000
color_4,0.836,-19.79181257,119.000,468.000
color_4,0.838,-19.79181257,120.000,468.000
color_4,0.84,-19.79181257,121.000,468.000
color_4,0.842,-19.79181257,122.000,468.000
color_4,0.844,-19.79181257,123.000,468.000
color_4,0.846,-19.79181257,124.000,468.000
color_4,0.848,-19.79181257,125.000,468.000
color_4,0.85,-19.79181257,126.000,468.000
color_4,0.852,-19.79181257,127.000,468.000
color_4,0.854,-19.79181257,128.000,468.000
color_4,0.856,-19.79181257,129.000,468.000
color_4,0.858,-19.79181257,130.000,468.000
color_4,0.86,-19.79181257,131.000,468.000
color_4,0.862,-19.79181257,132.000,468.000
color_4,0.864,-19.79181257,133.000,468.000
color_4,0.866,-19.79181257,134.000,468.000
color_4,0.868,-19.79181257,135.000,468.000
color_4,0.87,-19.79181257,136.000,468.000
color_4,0.872,-19.79181257,137.000,468.000
color_4,0.874,-19.79181257,138.000,468.000
color_4,0.876,-19.79181257,139.000,468.000
color_4,0.878,-19.79181257,140.000,468.000
color_4,0.88,-19.79181257,141.000,468.000
color_4,0.882,-19.79181257,142.000,468.000
color_4,0.884,-19.79181257,143.000,468.000
color_4,0.886,-19.79181257,144.000,468.000
color_4,0.888,-19.79181257,145.000,468.000
color_4,0.89,-19.79181257,146.000,468.000
color_4,0.892,-19.79181257,147.000,468.000
color_4,0.894,-19.79181257,148.000,468.000
color_4,0.896,-19.79181257,149.000,468.000
color_4,0.898,-19.79181257,150.000,468.000
color_4,0.9,-19.79181257,151.000,468.000
color_4,0.902,-19.79181257,152.000,468.000
color_4,0.904,-19.79181257,153.000,468.000
color_4,0.906,-19.79181257,154.000,468.000
color_4,0.908,-19.79181257,155.000,468.000
color_4,0.91,-19.79181257,156.000,468.000
color_4,0.912,-19.79181257,157.000,468.000
color_4,0.914,-19.79181257,158.000,468.000
color_4,0.916,-19.79181257,159.000,468.000
color_4,0.918,-19.79181257,160.000,468.000
color_4,0.92,-19.79181257,161.000,468.000
color_4,0.922,-19.79181257,162.000,468.000
color_4,0.924,-19.79181257,163.000,468.000
color_4,0.926,-19.79181257,164.000,468.000
color_4,0.928,-19.79181257,165.000,468.000
color_4,0.93,-19.79181257,166.000,468.000
color_4,0.932,-19.79181257,167.000,468.000
color_4,0.934,-19.79181257,168.000,468.000
color_4,0.936,-19.79181257,169.000,468.000
color_4,0.938,-19.79181257,170.000,468.000
color_4,0.94,-19.79181257,171.000,468.000
color_4,0.942,-19.79181257,172.000,468.000
color_4,0.944,-19.79181257,173.000,468.000
color_4,0.946,-19.79181257,174.000,468.000
color_4,0.948,-19.79181257,175.000,468.000
color_4,0.95,-19.79181257,176.000,468.000
color_4,0.952,-19.79181257,177.000,468.000
color_4,0.954,-19.79181257,178.000,468.000
color_4,0.956,-19.79181257,179.000,468.000
color_4,0.958,-19.79181257,180.000,468.000
color_4,0.96,-19.79181257,181.000,468.000
color_4,0.962,-19.79181257,182.000,468.000
color_4,0.964,-19.79181257,183.000,468.000
color_4,0.966,-19.79181257,184.000,468.000
color_4,0.968,-19.79181257,185.000,468.000
color_4,0.97,-19.79181257,186.000,468.000
color_4,0.972,-19.79181257,187.000,468.000
color_4,0.974,-19.79181257,188.000,468.000
color_4,0.976,-19.79181257,189.000,468.000
color_4,0.978,-19.79181257,190.000,468.000
color_4,0.98,-19.79181257,191.000,468.000
color_4,0.982,-19.79181257,192.000,468.000
color_4,0.984,-19.79181257,193.000,468.000
color_4,0.986,-19.79181257,194.000,468.000
color_4,0.988,-19.79181257,195.000,468.000
color_4,0.99,-19.79181257,196.000,468.000
color_4,0.992,-19.79181257,197.000,468.000
color_4,0.994,-19.79181257,198.000,468.000
color_4,0.996,-19.79181257,199.000,468.000
color_4,0.998,-19.79181257,200.000,468.000
color_4,1,-19.79181257,201.000,468.000
color_4,1.002,-19.79181257,202.000,468.000
color_4,1.004,-19.79181257,203.000,468.000
color_4,1.006,-19.79181257,204.000,468.000
color_4,1.008,-19.79181257,205.000,468.000
color_4,1.01,-19.79181257,206.000,468.000
color_4,1.012,-19.79181257,207.000,468.000
color_4,1.014,-19.79181257,208.000,468.000
color_4,1.016,-19.79181257,209.000,468.000
color_4,1.018,-19.79181257,210.000,468.000
color_4,1.02,-19.79181257,211.000,468.000
color_4,1.022,-19.79181257,212.000,468.000
color_4,1.024,-19.79181257,213.000,468.000
color_4,1.026,-19.79181257,214.000,468.000
color_4,1.028,-19.79181257,215.000,468.000
color_4,1.03,-19.79181257,216.000,468.000
color_4,1.032,-19.79181257,217.000,468.000
color_4,1.034,-19.79181257,218.000,468.000
color_4,1.036,-19.79181257,219.000,468.000
color_4,1.038,-19.79181257,220.000,468.000
color_4,1.04,-19.79181257,221.000,468.000
color_4,1.042,-19.79181257,222.000,468.000
color_4,1.044,-19.79181257,223.000,468.000
color_4,1.046,-19.79181257,224.000,468.000
color_4,1.048,-19.79181257,225.000,468.000
color_4,1.05,-19.79181257,226.000,468.000
color_4,1.052,-19.79181257,227.000,468.000
color_4,1.054,-19.79181257,228.000,468.000
color_4,1.056,-19.79181257,229.000,468.000
color_4,1.058,-19.79181257,230.000,468.000
color_4,1.06,-19.79181257,231.000,468.000
color_4,1.062,-19.79181257,232.000,468.000
color_4,1.064,-19.79181257,233.000,468.000
color_4,1.066,-19.79181257,234.000,468.000
color_4,1.068,-19.79181257,235.000,468.000
color_4,1.07,-19.79181257,236.000,468.000
color_4,1.072,-19.79181257,237.000,468.000
color_4,1.074,-19.79181257,238.000,468.000
color_4,1.076,-19.79181257,239.000,468.000
color_4,1.078,-19.79181257,240.000,468.000
color_4,1.08,-19.79181257,241.000,468.000
color_4,1.082,-19.79181257,242.000,468.000
color_4,1.084,-19.79181257,243.000,468.000
color_4,1.086,-19.79181257,244.000,468.000
color_4,1.088,-19.79181257,245.000,468.000
color_4,1.09,-19.79181257,246.000,468.000
color_4,1.092,-19.79181257,247.000,468.000
color_4,1.094,-19.79181257,248.000,468.000
color_4,1.096,-19.79181257,249.000,468.000
color_4,1.098,-19.79181257,250.000,468.000
color_4,1.1,-19.79181257,251.000,468.000
color_4,1.102,-19.79181257,252.000,468.000
color_4,1.104,-19.79181257,253.000,468.000
color_4,1.106,-19.79181257,254.000,468.000
color_4,1.108,-19.79181257,255.000,468.000
color_4,1.11,-19.79181257,256.000,468.000
color_4,1.112,-19.79181257,257.000,468.000
color_4,1.114,-19.79181257,258.000,468.000
color_4,1.116,-19.79181257,259.000,468.000
color_4,1.118,-19.79181257,260.000,468.000
color_4,1.12,-19.79181257,261.000,468.000
color_4,1.122,-19.79181257,262.000,468.000
color_4,1.124,-19.79181257,263.000,468.000
color_4,1.126,-19.79181257,264.000,468.000
color_4,1.128,-19.79181257,265.000,468.000
color_4,1.13,-19.79181257,266.000,468.000
color_4,1.132,-19.79181257,267.000,468.000
color_4,1.134,-19.79181257,268.000,468.000
color_4,1.136,-19.79181257,269.000,468.000
color_4,1.138,-19.79181257,270.000,468.000
color_4,1.14,-19.79181257,271.000,468.000
color_4,1.142,-19.79181257,272.000,468.000
color_4,1.144,-19.79181257,273.000,468.000
color_4,1.146,-19.79181257,274.000,468.000
color_4,1.148,-19.79181257,275.000,468.000
color_4,1.15,-19.79181257,276.000,468.000
color_4,1.152,-19.79181257,277.000,468.000
color_4,1.154,-19.79181257,278.000,468.000
color_4,1.156,-19.79181257,279.000,468.000
color_4,1.158,-19.79181257,280.000,468.000
color_4,1.16,-19.79181257,281.000,468.000
color_4,1.162,-19.79181257,282.000,468.000
color_4,1.164,-19.79181257,283.000,468.000
color_4,1.166,-19.79181257,284.000,468.000
color_4,1.168,-19.79181257,285.000,468.000
color_4,1.17,-19.79181257,286.000,468.000
color_4,1.172,-19.79181257,287.000,468.000
color_4,1.174,-19.79181257,288.000,468.000
color_4,1.176,-19.79181257,289.000,468.000
color_4,1.178,-19.79181257,290.000,468.000
color_4,1.18,-19.79181257,291.000,468.000
color_4,1.182,-19.79181257,292.000,468.000
color_4,1.184,-19.79181257,293.000,468.000
color_4,1.186,-19.79181257,294.000,468.000
color_4,1.188,-19.79181257,295.000,468.000
color_4,1.19,-19.79181257,296.000,468.000
color_4,1.192,-19.79181257,297.000,468.000
color_4,1.194,-19.79181257,298.000,468.000
color_4,1.196,-19.79181257,299.000,468.000
color_4,1.198,-19.79181257,300.000,468.000
color_4,1.2,-19.79181257,301.000,468.000
color_4,1.202,-19.79181257,302.000,468.000
color_4,1.204,-19.79181257,303.000,468.000
color_4,1.206,-19.79181257,304.000,468.000
color_4,1.208,-19.79181257,305.000,468.000
color_4,1.21,-19.79181257,306.000,468.000
color_4,1.212,-19.79181257,307.000,468.000
color_4,1.214,-19.79181257,308.000,468.000
color_4,1.216,-19.79181257,309.000,468.000
color_4,1.218,-19.79181257,310.000,468.000
color_4,1.22,-19.79181257,311.000,468.000
color_4,1.222,-19.79181257,312.000,468.000
color_4,1.224,-19.79181257,313.000,468.000
color_4,1.226,-19.79181257,314.000,468.000
color_4,1.228,-19.79181257,315.000,468.000
color_4,1.23,-19.79181257,316.000,468.000
color_4,1.232,-19.79181257,317.000,468.000
color_4,1.234,-19.79181257,318.000,468.000
color_4,1.236,-19.79181257,319.000,468.000
color_4,1.238,-19.79181257,320.000,468.000
color_4,1.24,-19.79181257,321.000,468.000
color_4,1.242,-19.79181257,322.000,468.000
color_4,1.244,-19.79181257,323.000,468.000
color_4,1.246,-19.79181257,324.000,468.000
color_4,1.248,-19.79181257,325.000,468.000
color_4,1.25,-19.79181257,326.000,468.000
color_4,1.252,-19.79181257,327.000,468.000
color_4,1.254,-19.79181257,328.000,468.000
color_4,1.256,-19.79181257,329.000,468.000
color_4,1.258,-19.79181257,330.000,468.000
color_4,1.26,-19.79181257,331.000,468.000
color_4,1.262,-19.79181257,332.000,468.000
color_4,1.264,-19.79181257,333.000,468.000
color_4,1.266,-19.79181257,334.000,468.000
color_4,1.268,-19.79181257,335.000,468.000
color_4,1.27,-19.79181257,336.000,468.000
color_4,1.272,-19.79181257,337.000,468.000
color_4,1.274,-19.79181257,338.000,468.000
color_4,1.276,-19.79181257,339.000,468.000
color_4,1.278,-19.79181257,340.000,468.000
color_4,1.28,-19.79181257,341.000,468.000
color_4,1.282,-19.79181257,342.000,468.000
color_4,1.284,-19.79181257,343.000,468.000
color_4,1.286,-19.79181257,344.000,468.000
color_4,1.288,-19.79181257,345.000,468.000
color_4,1.29,-19.79181257,346.000,468.000
color_4,1.292,-19.79181257,347.000,468.000
color_4,1.294,-19.79181257,348.000,468.000
color_4,1.296,-19.79181257,349.000,468.000
color_4,1.298,-19.79181257,350.000,468.000
color_4,1.3,-19.79181257,351.000,468.000
color_4,1.302,-19.79181257,352.000,468.000
color_4,1.304,-19.79181257,353.000,468.000
color_4,1.306,-19.79181257,354.000,468.000
color_4,1.308,-19.79181257,355.000,468.000
color_4,1.31,-19.79181257,356.000,468.000
color_4,1.312,-19.79181257,357.000,468.000
color_4,1.314,-19.79181257,358.000,468.000
color_4,1.316,-19.79181257,359.000,468.000
color_4,1.318,-19.79181257,360.000,468.000
color_4,1.32,-19.79181257,361.000,468.000
color_4,1.322,-19.79181257,362.000,468.000
color_4,1.324,-19.79181257,363.000,468.000
color_4,1.326,-19.79181257,364.000,468.000
color_4,1.328,-19.79181257,365.000,468.000
color_4,1.33,-19.79181257,366.000,468.000
color_4,1.332,-19.79181257,367.000,468.000
color_4,1.334,-19.79181257,368.000,468.000
color_4,1.336,-19.79181257,369.000,468.000
color_4,1.338,-19.79181257,370.000,468.000
color_4,1.34,-19.79181257,371.000,468.000
color_4,1.342,-19.79181257,372.000,468.000
color_4,1.344,-19.79181257,373.000,468.000
color_4,1.346,-19.79181257,374.000,468.000
color_4,1.348,-19.79181257,375.000,468.000
color_4,1.35,-19.79181257,376.000,468.000
color_4,1.352,-19.79181257,377.000,468.000
color_4,1.354,-19.79181257,378.000,468.000
color_4,1.356,-19.79181257,379.000,468.000
color_4,1.358,-19.79181257,380.000,468.000
color_4,1.36,-19.79181257,381.000,468.000
color_4,1.362,-19.79181257,382.000,468.000
color_4,1.364,-19.79181257,383.000,468.000
color_4,1.366,-19.79181257,384.000,468.000
color_4,1.368,-19.79181257,385.000,468.000
color_4,1.37,-19.79181257,386.000,468.000
color_4,1.372,-19.79181257,387.000,468.000
color_4,1.374,-19.79181257,388.000,468.000
color_4,1.376,-19.79181257,389.000,468.000
color_4,1.378,-19.79181257,390.000,468.000
color_4,1.38,-19.79181257,391.000,468.000
color_4,1.382,-19.79181257,392.000,468.000
color_4,1.384,-19.79181257,393.000,468.000
color_4,1.386,-19.79181257,394.000,468.000
color_4,1.388,-19.79181257,395.000,468.000
color_4,1.39,-19.79181257,396.000,468.000
color_4,1.392,-19.79181257,397.000,468.000
color_4,1.394,-19.79181257,398.000,468.000
color_4,1.396,-19.79181257,399.000,468.000
color_4,1.398,-19.79181257,400.000,468.000
color_4,1.4,-19.79181257,401.000,468.000
color_4,1.402,-19.79181257,402.000,468.000
color_4,1.404,-19.79181257,403.000,468.000
color_4,1.406,-19.79181257,404.000,468.000
color_4,1.408,-19.79181257,405.000,468.000
color_4,1.41,-19.79181257,406.000,468.000
color_4,1.412,-19.79181257,407.000,468.000
color_4,1.414,-19.79181257,408.000,468.000
color_4,1.416,-19.79181257,409.000,468.000
color_4,1.418,-19.79181257,410.000,468.000
color_4,1.42,-19.79181257,411.000,468.000
color_4,1.422,-19.79181257,412.000,468.000
color_4,1.424,-19.79181257,413.000,468.000
color_4,1.426,-19.79181257,414.000,468.000
color_4,1.428,-19.79181257,415.000,468.000
color_4,1.43,-19.79181257,416.000,468.000
color_4,1.432,-19.79181257,417.000,468.000
color_4,1.434,-19.79181257,418.000,468.000
color_4,1.436,-19.79181257,419.000,468.000
color_4,1.438,-19.79181257,420.000,468.000
color_4,1.44,-19.79181257,421.000,468.000
color_4,1.442,-19.79181257,422.000,468.000
color_4,1.444,-19.79181257,423.000,468.000
color_4,1.446,-19.79181257,424.000,468.000
color_4,1.448,-19.79181257,425.000,468.000
color_4,1.45,-19.79181257,426.000,468.000
color_4,1.452,-19.79181257,427.000,468.000
color_4,1.454,-19.79181257,428.000,468.000
color_4,1.456,-19.79181257,429.000,468.000
color_4,1.458,-19.79181257,430.000,468.000
color_4,1.46,-19.79181257,431.000,468.000
color_4,1.462,-19.79181257,432.000,468.000
color_4,1.464,-19.79181257,433.000,468.000
color_4,1.466,-19.79181257,434.000,468.000
color_4,1.468,-19.79181257,435.000,468.000
color_4,1.47,-19.79181257,436.000,468.000
color_4,1.472,-19.79181257,437.000,468.000
color_4,1.474,-19.79181257,438.000,468.000
color_4,1.476,-19.79181257,439.000,468.000
color_4,1.478,-19.79181257,440.000,468.000
color_4,1.48,-19.79181257,441.000,468.000
color_4,1.482,-19.79181257,442.000,468.000
color_4,1.484,-19.79181257,443.000,468.000
color_4,1.486,-19.79181257,444.000,468.000
color_4,1.488,-19.79181257,445.000,468.000
color_4,1.49,-19.79181257,446.000,468.000
color_4,1.492,-19.79181257,447.000,468.000
color_4,1.494,-19.79181257,448.000,468.000
color_4,1.496,-19.79181257,449.000,468.000
color_4,1.498,-19.79181257,450.000,468.000
color_4,1.5,-19.79181257,451.000,468.000
color_4,1.502,-19.79181257,452.000,468.000
color_4,1.504,-19.79181257,453.000,468.000
color_4,1.506,-19.79181257,454.000,468.000
color_4,1.508,-19.79181257,455.000,468.000
color_4,1.51,-19.79181257,456.000,468.000
color_4,1.512,-19.79181257,457.000,468.000
color_4,1.514,-19.79181257,458.000,468.000
color_4,1.516,-19.79181257,459.000,468.000
color_4,1.518,-19.79181257,460.000,468.000
color_4,1.52,-19.79181257,461.000,468.000
color_4,1.522,-19.79181257,462.000,468.000
color_4,1.524,-19.79181257,463.000,468.000
color_4,1.526,-19.79181257,464.000,468.000
color_4,1.528,-19.79181257,465.000,468.000
color_4,1.53,-19.79181257,466.000,468.000
color_4,1.532,-19.79181257,467.000,468.000
color_4,1.534,-19.79181257,468.000,468.000
color_4,1.536,-19.79181257,469.000,468.000
color_4,1.538,-19.79181257,470.000,468.000
color_4,1.54,-19.79181257,471.000,468.000
color_4,1.542,-19.79181257,472.000,468.000
color_4,1.544,-19.79181257,473.000,468.000
color_4,1.546,-19.79181257,474.000,468.000
color_4,1.548,-19.79181257,475.000,468.000
color_4,1.55,-19.79181257,476.000,468.000
color_4,1.552,-19.79181257,477.000,468.000
color_4,1.554,-19.79181257,478.000,468.000
color_4,1.556,-19.79181257,479.000,468.000
color_4,1.558,-19.79181257,480.000,468.000
color_4,1.56,-19.79181257,481.000,468.000
color_4,1.562,-19.79181257,482.000,468.000
color_4,1.564,-19.79181257,483.000,468.000
color_4,1.566,-19.79181257,484.000,468.000
color_4,1.568,-19.79181257,485.000,468.000
color_4,1.57,-19.79181257,486.000,468.000
color_4,1.572,-19.79181257,487.000,468.000
color_4,1.574,-19.79181257,488.000,468.000
color_4,1.576,-19.79181257,489.000,468.000
color_4,1.578,-19.79181257,490.000,468.000
color_4,1.58,-19.79181257,491.000,468.000
color_4,1.582,-19.79181257,492.000,468.000
color_4,1.584,-19.79181257,493.000,468.000
color_4,1.586,-19.79181257,494.000,468.000
color_4,1.588,-19.79181257,495.000,468.000
color_4,1.59,-19.79181257,496.000,468.000
color_4,1.592,-19.79181257,497.000,468.000
color_4,1.594,-19.79181257,498.000,468.000
color_4,1.596,-19.79181257,499.000,468.000
color_4,1.598,-19.79181257,500.000,468.000
color_4,1.6,-19.79181257,501.000,468.000
color_4,1.602,-19.79181257,502.000,468.000
color_4,1.604,-19.79181257,503.000,468.000
color_4,1.606,-19.79181257,504.000,468.000
color_4,1.608,-19.79181257,505.000,468.000
color_4,1.61,-19.79181257,506.000,468.000
color_4,1.612,-19.79181257,507.000,468.000
color_4,1.614,-19.79181257,508.000,468.000
color_4,1.616,-19.79181257,509.000,468.000
color_4,1.618,-19.79181257,510.000,468.000
color_4,1.62,-19.79181257,511.000,468.000
color_4,1.622,-19.79181257,512.000,468.000
color_4,1.624,-19.79181257,513.000,468.000
color_4,1.626,-19.79181257,514.000,468.000
color_4,1.628,-19.79181257,515.000,468.000
color_4,1.63,-19.79181257,516.000,468.000
color_4,1.632,-19.79181257,517.000,468.000
color_4,1.634,-19.79181257,518.000,468.000
color_4,1.636,-19.79181257,519.000,468.000
color_4,1.638,-19.79181257,520.000,468.000
color_4,1.64,-19.79181257,521.000,468.000
color_4,1.642,-19.79181257,522.000,468.000
color_4,1.644,-19.79181257,523.000,468.000
color_4,1.646,-19.79181257,524.000,468.000
color_4,1.648,-19.79181257,525.000,468.000
color_4,1.65,-19.79181257,526.000,468.000
color_4,1.652,-19.79181257,527.000,468.000
color_4,1.654,-19.79181257,528.000,468.000
color_4,1.656,-19.79181257,529.000,468.000
color_4,1.658,-19.79181257,530.000,468.000
color_4,1.66,-19.79181257,531.000,468.000
color_4,1.662,-19.79181257,532.000,468.000
color_4,1.664,-19.79181257,533.000,468.000
color_4,1.666,-19.79181257,534.000,468.000
color_4,1.668,-19.79181257,535.000,468.000
color_4,1.67,-19.79181257,536.000,468.000
color_4,1.672,-19.79181257,537.000,468.000
color_4,1.674,-19.79181257,538.000,468.000
color_4,1.676,-19.79181257,539.000,468.000
color_4,1.678,-19.79181257,540.000,468.000
color_4,1.68,-19.79181257,541.000,468.000
color_4,1.682,-19.79181257,542.000,468.000
color_4,1.684,-19.79181257,543.000,468.000
color_4,1.686,-19.79181257,544.000,468.000
color_4,1.688,-19.79181257,545.000,468.000
color_4,1.69,-19.79181257,546.000,468.000
color_4,1.692,-19.79181257,547.000,468.000
color_4,1.694,-19.79181257,548.000,468.000
color_4,1.696,-19.79181257,549.000,468.000
color_4,1.698,-19.79181257,550.000,468.000
color_4,1.7,-19.79181257,551.000,468.000
color_4,1.702,-19.79181257,552.000,468.000
color_4,1.704,-19.79181257,553.000,468.000
color_4,1.706,-19.79181257,554.000,468.000
color_4,1.708,-19.79181257,555.000,468.000
color_4,1.71,-19.79181257,556.000,468.000
color_4,1.712,-19.79181257,557.000,468.000
color_4,1.714,-19.79181257,558.000,468.000
color_4,1.716,-19.79181257,559.000,468.000
color_4,1.718,-19.79181257,560.000,468.000
color_4,1.72,-19.79181257,561.000,468.000
color_4,1.722,-19.79181257,562.000,468.000
color_4,1.724,-19.79181257,563.000,468.000
color_4,1.726,-19.79181257,564.000,468.000
color_4,1.728,-19.79181257,565.000,468.000
color_4,1.73,-19.79181257,566.000,468.000
color_4,1.732,-19.79181257,567.000,468.000
color_4,1.734,-19.79181257,568.000,468.000
color_4,1.736,-19.79181257,569.000,468.000
color_4,1.738,-19.79181257,570.000,468.000
color_4,1.74,-19.79181257,571.000,468.000
color_4,1.742,-19.79181257,572.000,468.000
color_4,1.744,-19.79181257,573.000,468.000
color_4,1.746,-19.79181257,574.000,468.000
color_4,1.748,-19.79181257,575.000,468.000
color_4,1.75,-19.79181257,576.000,468.000
color_4,1.752,-19.79181257,577.000,468.000
color_4,1.754,-19.79181257,578.000,468.000
color_4,1.756,-19.79181257,579.000,468.000
color_4,1.758,-19.79181257,580.000,468.000
color_4,1.76,-19.79181257,581.000,468.000
color_4,1.762,-19.79181257,582.000,468.000
color_4,1.764,-19.79181257,583.000,468.000
color_4,1.766,-19.79181257,584.000,468.000
color_4,1.768,-19.79181257,585.000,468.000
color_4,1.77,-19.79181257,586.000,468.000
color_4,1.772,-19.79181257,587.000,468.000
color_4,1.774,-19.79181257,588.000,468.000
color_4,1.776,-19.79181257,589.000,468.000
color_4,1.778,-19.79181257,590.000,468.000
color_4,1.78,-19.79181257,591.000,468.000
color_4,1.782,-19.79181257,592.000,468.000
color_4,1.784,-19.79181257,593.000,468.000
color_4,1.786,-19.79181257,594.000,468.000
color_4,1.788,-19.79181257,595.000,468.000
color_4,1.79,-19.79181257,596.000,468.000
color_4,1.792,-19.79181257,597.000,468.000
color_4,1.794,-19.79181257,598.000,468.000
color_4,1.796,-19.79181257,599.000,468.000
color_4,1.798,-19.79181257,600.000,468.000
color_4,1.8,-19.79181257,601.000,468.000
color_4,1.802,-19.79181257,602.000,468.000
color_4,1.804,-19.79181257,603.000,468.000
color_4,1.806,-19.79181257,604.000,468.000
color_4,1.808,-19.79181257,605.000,468.000
color_4,1.81,-19.79181257,606.000,468.000
color_4,1.812,-19.79181257,607.000,468.000
color_4,1.814,-19.79181257,608.000,468.000
color_4,1.816,-19.79181257,609.000,468.000
color_4,1.818,-19.79181257,610.000,468.000
color_4,1.82,-19.79181257,611.000,468.000
color_4,1.822,-19.79181257,612.000,468.000
color_4,1.824,-19.79181257,613.000,468.000
color_4,1.826,-19.79181257,614.000,468.000
color_4,1.828,-19.79181257,615.000,468.000
color_4,1.83,-19.79181257,616.000,468.000
color_4,1.832,-19.79181257,617.000,468.000
color_4,1.834,-19.79181257,618.000,468.000
color_4,1.836,-19.79181257,619.000,468.000
color_4,1.838,-19.79181257,620.000,468.000
color_4,1.84,-19.79181257,621.000,468.000
color_4,1.842,-19.79181257,622.000,468.000
color_4,1.844,-19.79181257,623.000,468.000
color_4,1.846,-19.79181257,624.000,468.000
color_4,1.848,-19.79181257,625.000,468.000
color_4,1.85,-19.79181257,626.000,468.000
color_4,1.852,-19.79181257,627.000,468.000
color_4,1.854,-19.79181257,628.000,468.000
color_4,1.856,-19.79181257,629.000,468.000
color_4,1.858,-19.79181257,630.000,468.000
color_4,1.86,-19.79181257,631.000,468.000
color_4,1.862,-19.79181257,632.000,468.000
color_4,1.864,-19.79181257,633.000,468.000
color_4,1.866,-19.79181257,634.000,468.000
color_4,1.868,-19.79181257,635.000,468.000
color_4,1.87,-19.79181257,636.000,468.000
color_4,1.872,-19.79181257,637.000,468.000
color_4,1.874,-19.79181257,638.000,468.000
color_4,1.876,-19.79181257,639.000,468.000
color_4,1.878,-19.79181257,640.000,468.000
color_4,1.88,-19.79181257,641.000,468.000
color_4,1.882,-19.79181257,642.000,468.000
color_4,1.884,-19.79181257,643.000,468.000
color_4,1.886,-19.79181257,644.000,468.000
color_4,1.888,-19.79181257,645.000,468.000
color_4,1.89,-19.79181257,646.000,468.000
color_4,1.892,-19.79181257,647.000,468.000
color_4,1.894,-19.79181257,648.000,468.000
color_4,1.896,-19.79181257,649.000,468.000
color_4,1.898,-19.79181257,650.000,468.000
color_4,1.9,-19.79181257,651.000,468.000
color_4,1.902,-19.79181257,652.000,468.000
color_4,1.904,-19.79181257,653.000,468.000
color_4,1.906,-19.79181257,654.000,468.000
color_4,1.908,-19.79181257,655.000,468.000
color_4,1.91,-19.79181257,656.000,468.000
color_4,1.912,-19.79181257,657.000,468.000
color_4,1.914,-19.79181257,658.000,468.000
color_4,1.916,-19.79181257,659.000,468.000
color_4,1.918,-19.79181257,660.000,468.000
color_4,1.92,-19.79181257,661.000,468.000
color_4,1.922,-19.79181257,662.000,468.000
color_4,1.924,-19.79181257,663.000,468.000
color_4,1.926,-19.79181257,664.000,468.000
color_4,1.928,-19.79181257,665.000,468.000
color_4,1.93,-19.79181257,666.000,468.000
color_4,1.932,-19.79181257,667.000,468.000
color_4,1.934,-19.79181257,668.000,468.000
color_4,1.936,-19.79181257,669.000,468.000
color_4,1.938,-19.79181257,670.000,468.000
color_4,1.94,-19.79181257,671.000,468.000
color_4,1.942,-19.79181257,672.000,468.000
color_4,1.944,-19.79181257,673.000,468.000
color_4,1.946,-19.79181257,674.000,468.000
color_4,1.948,-19.79181257,675.000,468.000
color_4,1.95,-19.79181257,676.000,468.000
color_4,1.952,-19.79181257,677.000,468.000
color_4,1.954,-19.79181257,678.000,468.000
color_4,1.956,-19.79181257,679.000,468.000
color_4,1.958,-19.79181257,680.000,468.000
color_4,1.96,-19.79181257,681.000,468.000
color_4,1.962,-19.79181257,682.000,468.000
color_4,1.964,-19.79181257,683.000,468.000
color_4,1.966,-19.79181257,684.000,468.000
color_4,1.968,-19.79181257,685.000,468.000
color_4,1.97,-19.79181257,686.000,468.000
color_4,1.972,-19.79181257,687.000,468.000
color_4,1.974,-19.79181257,688.000,468.000
color_4,1.976,-19.79181257,689.000,468.000
color_4,1.978,-19.79181257,690.000,468.000
color_4,1.98,-19.79181257,691.000,468.000
color_4,1.982,-19.79181257,692.000,468.000
color_4,1.984,-19.79181257,693.000,468.000
color_4,1.986,-19.79181257,694.000,468.000
color_4,1.988,-19.79181257,695.000,468.000
color_4,1.99,-19.79181257,696.000,468.000
color_4,1.992,-19.79181257,697.000,468.000
color_4,1.994,-19.79181257,698.000,468.000
color_4,1.996,-19.79181257,699.000,468.000
color_4,1.998,-19.79181257,700.000,468.000
color_4,2,-19.79181257,701.000,468.000
color_4,2.002,-19.79181257,702.000,468.000
color_4,2.004,-19.79181257,703.000,468.000
color_4,2.006,-19.79181257,704.000,468.000
color_4,2.008,-19.79181257,705.000,468.000
color_4,2.01,-19.79181257,706.000,468.000
color_4,2.012,-19.79181257,707.000,468.000
color_4,2.014,-19.79181257,708.000,468.000
color_4,2.016,-19.79181257,709.000,468.000
color_4,2.018,-19.79181257,710.000,468.000
color_4,2.02,-19.79181257,711.000,468.000
color_5,0.862,10.93705186,132.000,150.000
color_5,0.864,10.93705186,133.000,150.000
color_5,0.866,10.93705186,134.000,150.000
color_5,0.868,10.93705186,135.000,150.000
color_5,0.87,10.93705186,136.000,150.000
color_5,0.872,10.93705186,137.000,150.000
color_5,0.874,10.93705186,138.000,150.000
color_5,0.876,10.93705186,139.000,150.000
color_5,0.878,10.93705186,140.000,150.000
color_5,0.88,10.93705186,141.000,150.000
color_5,0.882,10.93705186,142.000,150.000
color_5,0.884,10.93705186,143.000,150.000
color_5,0.886,10.93705186,144.000,150.000
color_5,0.888,10.93705186,145.000,150.000
color_5,0.89,10.93705186,146.000,150.000
color_5,0.892,10.93705186,147.000,150.000
color_5,0.894,10.93705186,148.000,150.000
color_5,0.896,10.93705186,149.000,150.000
color_5,0.898,10.93705186,150.000,150.000
color_5,0.9,10.93705186,151.000,150.000
color_5,0.902,10.93705186,152.000,150.000
color_5,0.904,10.93705186,153.000,150.000
color_5,0.906,10.93705186,154.000,150.000
color_5,0.908,5.284100384,155.000,208.500
color_5,0.91,5.235784559,156.000,209.000
color_5,0.912,5.235784559,157.000,209.000
color_5,0.914,5.235784559,158.000,209.000
color_5,0.916,5.235784559,159.000,209.000
color_5,0.918,5.235784559,160.000,209.000
color_5,0.92,5.235784559,161.000,209.000
color_5,0.922,5.235784559,162.000,209.000
color_5,0.924,5.235784559,163.000,209.000
color_5,0.926,5.235784559,164.000,209.000
color_5,0.928,5.235784559,165.000,209.000
color_5,0.93,5.235784559,166.000,209.000
color_5,0.932,5.235784559,167.000,209.000
color_5,0.934,5.235784559,168.000,209.000
color_5,0.936,5.235784559,169.000,209.000
color_5,0.938,5.235784559,170.000,209.000
color_5,0.94,5.235784559,171.000,209.000
color_5,0.942,5.235784559,172.000,209.000
color_5,0.944,5.235784559,173.000,209.000
color_5,0.946,5.235784559,174.000,209.000
color_5,0.948,5.235784559,175.000,209.000
color_5,0.95,5.235784559,176.000,209.000
color_5,0.952,5.235784559,177.000,209.000
color_5,0.954,5.235784559,178.000,209.000
color_5,0.956,5.235784559,179.000,209.000
color_5,0.958,5.235784559,180.000,209.000
color_5,0.96,5.235784559,181.000,209.000
color_5,0.962,-15.82991496,182.000,427.000
color_5,0.964,-15.82991496,183.000,427.000
color_5,0.966,-15.82991496,184.000,427.000
color_5,0.968,-15.82991496,185.000,427.000
color_5,0.97,-15.82991496,186.000,427.000
color_5,0.972,-15.82991496,187.000,427.000
color_5,0.974,-15.82991496,188.000,427.000
color_5,0.976,-15.82991496,189.000,427.000
color_5,0.978,-15.82991496,190.000,427.000
color_5,0.98,-15.82991496,191.000,427.000
color_5,0.982,-15.82991496,192.000,427.000
color_5,0.984,-15.82991496,193.000,427.000
color_5,0.986,-15.82991496,194.000,427.000
color_5,0.988,-15.82991496,195.000,427.000
color_5,0.99,-15.82991496,196.000,427.000
color_5,0.992,-15.82991496,197.000,427.000
color_5,0.994,-15.82991496,198.000,427.000
color_5,0.996,-15.82991496,199.000,427.000
color_5,0.998,-15.82991496,200.000,427.000
color_5,1,-15.82991496,201.000,427.000
color_5,1.002,-15.82991496,202.000,427.000
color_5,1.004,-15.82991496,203.000,427.000
color_5,1.006,-15.82991496,204.000,427.000
color_5,1.008,-15.82991496,205.000,427.000
color_5,1.01,-15.82991496,206.000,427.000
color_5,1.012,-15.82991496,207.000,427.000
color_5,1.014,-15.82991496,208.000,427.000
color_5,1.016,-15.82991496,209.000,427.000
color_5,1.018,-15.82991496,210.000,427.000
color_5,1.02,-15.82991496,211.000,427.000
color_5,1.022,-15.82991496,212.000,427.000
color_5,1.024,-15.82991496,213.000,427.000
color_5,1.026,-15.82991496,214.000,427.000
color_5,1.028,-15.82991496,215.000,427.000
color_5,1.03,-15.82991496,216.000,427.000
color_5,1.032,-15.82991496,217.000,427.000
color_5,1.034,-15.82991496,218.000,427.000
color_5,1.036,-15.82991496,219.000,427.000
color_5,1.038,-15.82991496,220.000,427.000
color_5,1.04,-15.82991496,221.000,427.000
color_5,1.042,-15.82991496,222.000,427.000
color_5,1.044,-15.82991496,223.000,427.000
color_5,1.046,-15.82991496,224.000,427.000
color_5,1.048,-15.82991496,225.000,427.000
color_5,1.05,-15.82991496,226.000,427.000
color_5,1.052,-15.82991496,227.000,427.000
color_5,1.054,-15.82991496,228.000,427.000
color_5,1.056,-15.82991496,229.000,427.000
color_5,1.058,-15.82991496,230.000,427.000
color_5,1.06,-15.82991496,231.000,427.000
color_5,1.062,-15.82991496,232.000,427.000
color_5,1.064,-15.82991496,233.000,427.000
color_5,1.066,-15.82991496,234.000,427.000
color_5,1.068,-15.82991496,235.000,427.000
color_5,1.07,-15.82991496,236.000,427.000
color_5,1.072,-15.82991496,237.000,427.000
color_5,1.074,-15.82991496,238.000,427.000
color_5,1.076,-15.82991496,239.000,427.000
color_5,1.078,-15.82991496,240.000,427.000
color_5,1.08,-15.82991496,241.000,427.000
color_5,1.082,-15.82991496,242.000,427.000
color_5,1.084,-15.82991496,243.000,427.000
color_5,1.086,-15.82991496,244.000,427.000
color_5,1.088,-15.82991496,245.000,427.000
color_5,1.09,-15.82991496,246.000,427.000
color_5,1.092,-15.82991496,247.000,427.000
color_5,1.094,-15.82991496,248.000,427.000
color_5,1.096,-15.82991496,249.000,427.000
color_5,1.098,-15.82991496,250.000,427.000
color_5,1.1,-15.82991496,251.000,427.000
color_5,1.102,-15.82991496,252.000,427.000
color_5,1.104,-15.82991496,253.000,427.000
color_5,1.106,-15.82991496,254.000,427.000
color_5,1.108,-15.82991496,255.000,427.000
color_5,1.11,-15.82991496,256.000,427.000
color_5,1.112,-15.82991496,257.000,427.000
color_5,1.114,-15.82991496,258.000,427.000
color_5,1.116,-15.82991496,259.000,427.000
color_5,1.118,-15.82991496,260.000,427.000
color_5,1.12,-15.82991496,261.000,427.000
color_5,1.122,-15.82991496,262.000,427.000
color_5,1.124,-15.82991496,263.000,427.000
color_5,1.126,-15.82991496,264.000,427.000
color_5,1.128,-15.82991496,265.000,427.000
color_5,1.13,-15.82991496,266.000,427.000
color_5,1.132,-15.82991496,267.000,427.000
color_5,1.134,-15.82991496,268.000,427.000
color_5,1.136,-15.82991496,269.000,427.000
color_5,1.138,-15.82991496,270.000,427.000
color_5,1.14,-15.82991496,271.000,427.000
color_5,1.142,-15.82991496,272.000,427.000
color_5,1.144,-15.82991496,273.000,427.000
color_5,1.146,-15.82991496,274.000,427.000
color_5,1.148,-15.82991496,275.000,427.000
color_5,1.15,-15.82991496,276.000,427.000
color_5,1.152,-15.82991496,277.000,427.000
color_5,1.154,-15.82991496,278.000,427.000
color_5,1.156,-15.82991496,279.000,427.000
color_5,1.158,-15.82991496,280.000,427.000
color_5,1.16,-15.82991496,281.000,427.000
color_5,1.162,-15.82991496,282.000,427.000
color_5,1.164,-15.82991496,283.000,427.000
color_5,1.166,-15.82991496,284.000,427.000
color_5,1.168,-15.82991496,285.000,427.000
color_5,1.17,-15.82991496,286.000,427.000
color_5,1.172,-15.82991496,287.000,427.000
color_5,1.174,-15.82991496,288.000,427.000
color_5,1.176,-15.82991496,289.000,427.000
color_5,1.178,-15.82991496,290.000,427.000
color_5,1.18,-15.82991496,291.000,427.000
color_5,1.182,-15.82991496,292.000,427.000
color_5,1.184,-15.82991496,293.000,427.000
color_5,1.186,-15.82991496,294.000,427.000
color_5,1.188,-15.82991496,295.000,427.000
color_5,1.19,-15.82991496,296.000,427.000
color_5,1.192,-15.82991496,297.000,427.000
color_5,1.194,-15.82991496,298.000,427.000
color_5,1.196,-15.82991496,299.000,427.000
color_5,1.198,-15.82991496,300.000,427.000
color_5,1.2,-15.82991496,301.000,427.000
color_5,1.202,-15.82991496,302.000,427.000
color_5,1.204,-15.68496748,303.000,425.500
color_5,1.206,-15.68496748,304.000,425.500
color_5,1.208,-15.68496748,305.000,425.500
color_5,1.21,-15.68496748,306.000,425.500
color_5,1.212,-15.68496748,307.000,425.500
color_5,1.214,-15.68496748,308.000,425.500
color_5,1.216,-15.68496748,309.000,425.500
color_5,1.218,-15.68496748,310.000,425.500
color_5,1.22,-15.68496748,311.000,425.500
color_5,1.222,-15.68496748,312.000,425.500
color_5,1.224,-15.68496748,313.000,425.500
color_5,1.226,-15.68496748,314.000,425.500
color_5,1.228,-15.68496748,315.000,425.500
color_5,1.23,-15.68496748,316.000,425.500
color_5,1.232,-15.68496748,317.000,425.500
color_5,1.234,-15.68496748,318.000,425.500
color_5,1.236,-15.68496748,319.000,425.500
color_5,1.238,-15.68496748,320.000,425.500
color_5,1.24,-15.68496748,321.000,425.500
color_5,1.242,-15.68496748,322.000,425.500
color_5,1.244,-15.68496748,323.000,425.500
color_5,1.246,-15.68496748,324.000,425.500
color_5,1.248,-15.68496748,325.000,425.500
color_5,1.25,-15.68496748,326.000,425.500
color_5,1.252,-15.82991496,327.000,427.000
color_5,1.254,-15.82991496,328.000,427.000
color_5,1.256,-15.82991496,329.000,427.000
color_5,1.258,-15.82991496,330.000,427.000
color_5,1.26,-15.82991496,331.000,427.000
color_5,1.262,-15.82991496,332.000,427.000
color_5,1.264,-15.82991496,333.000,427.000
color_5,1.266,-15.82991496,334.000,427.000
color_5,1.268,-15.82991496,335.000,427.000
color_5,1.27,-15.82991496,336.000,427.000
color_5,1.272,-15.82991496,337.000,427.000
color_5,1.274,-15.82991496,338.000,427.000
color_5,1.276,-15.82991496,339.000,427.000
color_5,1.278,-15.82991496,340.000,427.000
color_5,1.28,-15.82991496,341.000,427.000
color_5,1.282,-15.82991496,342.000,427.000
color_5,1.284,-15.82991496,343.000,427.000
color_5,1.286,-15.82991496,344.000,427.000
color_5,1.288,-15.82991496,345.000,427.000
color_5,1.29,-15.82991496,346.000,427.000
color_5,1.292,-15.82991496,347.000,427.000
color_5,1.294,-15.82991496,348.000,427.000
color_5,1.296,-15.82991496,349.000,427.000
color_5,1.298,-15.82991496,350.000,427.000
color_5,1.3,-15.82991496,351.000,427.000
color_5,1.302,-15.82991496,352.000,427.000
color_5,1.304,-15.82991496,353.000,427.000
color_5,1.306,-15.82991496,354.000,427.000
color_5,1.308,-15.82991496,355.000,427.000
color_5,1.31,-15.82991496,356.000,427.000
color_5,1.312,-15.82991496,357.000,427.000
color_5,1.314,-15.82991496,358.000,427.000
color_5,1.316,-15.82991496,359.000,427.000
color_5,1.318,-15.82991496,360.000,427.000
color_5,1.32,-15.82991496,361.000,427.000
color_5,1.322,-15.82991496,362.000,427.000
color_5,1.324,-15.82991496,363.000,427.000
color_5,1.326,-15.82991496,364.000,427.000
color_5,1.328,-15.82991496,365.000,427.000
color_5,1.33,-15.82991496,366.000,427.000
color_5,1.332,-15.82991496,367.000,427.000
color_5,1.334,-15.82991496,368.000,427.000
color_5,1.336,-15.82991496,369.000,427.000
color_5,1.338,-15.82991496,370.000,427.000
color_5,1.34,-15.82991496,371.000,427.000
color_5,1.342,-15.82991496,372.000,427.000
color_5,1.344,-15.82991496,373.000,427.000
color_5,1.346,-15.82991496,374.000,427.000
color_5,1.348,-15.82991496,375.000,427.000
color_5,1.35,-15.82991496,376.000,427.000
color_5,1.352,-15.82991496,377.000,427.000
color_5,1.354,-15.78159913,378.000,426.500
color_5,1.356,-15.78159913,379.000,426.500
color_5,1.358,-15.78159913,380.000,426.500
color_5,1.36,-15.78159913,381.000,426.500
color_5,1.362,-15.82991496,382.000,427.000
color_5,1.364,-15.82991496,383.000,427.000
color_5,1.366,-15.82991496,384.000,427.000
color_5,1.368,-15.78159913,385.000,426.500
color_5,1.37,-15.78159913,386.000,426.500
color_5,1.372,-15.78159913,387.000,426.500
color_5,1.374,-15.78159913,388.000,426.500
color_5,1.376,-15.73328331,389.000,426.000
color_5,1.378,-15.73328331,390.000,426.000
color_5,1.38,-15.73328331,391.000,426.000
color_5,1.382,-15.73328331,392.000,426.000
color_5,1.384,-15.73328331,393.000,426.000
color_5,1.386,-15.73328331,394.000,426.000
color_5,1.388,-15.73328331,395.000,426.000
color_5,1.39,-15.73328331,396.000,426.000
color_5,1.392,-15.73328331,397.000,426.000
color_5,1.394,-15.73328331,398.000,426.000
color_5,1.396,-15.73328331,399.000,426.000
color_5,1.398,-15.73328331,400.000,426.000
color_5,1.4,-15.73328331,401.000,426.000
color_5,1.402,-15.73328331,402.000,426.000
color_5,1.404,-15.73328331,403.000,426.000
color_5,1.406,-15.73328331,404.000,426.000
color_5,1.408,-15.73328331,405.000,426.000
color_5,1.41,-15.73328331,406.000,426.000
color_5,1.412,-15.73328331,407.000,426.000
color_5,1.414,-15.73328331,408.000,426.000
color_5,1.416,-15.73328331,409.000,426.000
color_5,1.418,-15.73328331,410.000,426.000
color_5,1.42,-15.73328331,411.000,426.000
color_5,1.422,-15.73328331,412.000,426.000
color_5,1.424,-15.73328331,413.000,426.000
color_5,1.426,-15.73328331,414.000,426.000
color_5,1.428,-15.73328331,415.000,426.000
color_5,1.43,-15.73328331,416.000,426.000
color_5,1.432,-15.73328331,417.000,426.000
color_5,1.434,-15.73328331,418.000,426.000
color_5,1.436,-15.73328331,419.000,426.000
color_5,1.438,-15.73328331,420.000,426.000
color_5,1.44,-15.73328331,421.000,426.000
color_5,1.442,-15.73328331,422.000,426.000
color_5,1.444,-15.73328331,423.000,426.000
color_5,1.446,-15.73328331,424.000,426.000
color_5,1.448,-15.73328331,425.000,426.000
color_5,1.45,-15.73328331,426.000,426.000
color_5,1.452,-15.73328331,427.000,426.000
color_5,1.454,-15.73328331,428.000,426.000
color_5,1.456,-15.73328331,429.000,426.000
color_5,1.458,-15.73328331,430.000,426.000
color_5,1.46,-15.73328331,431.000,426.000
color_5,1.462,-15.73328331,432.000,426.000
color_5,1.464,-15.73328331,433.000,426.000
color_5,1.466,-15.73328331,434.000,426.000
color_5,1.468,-15.73328331,435.000,426.000
color_5,1.47,-15.73328331,436.000,426.000
color_5,1.472,-15.73328331,437.000,426.000
color_5,1.474,-15.73328331,438.000,426.000
color_5,1.476,-15.73328331,439.000,426.000
color_5,1.478,-15.73328331,440.000,426.000
color_5,1.48,-15.73328331,441.000,426.000
color_5,1.482,-15.73328331,442.000,426.000
color_5,1.484,-15.73328331,443.000,426.000
color_5,1.486,-15.73328331,444.000,426.000
color_5,1.488,-15.73328331,445.000,426.000
color_5,1.49,-15.73328331,446.000,426.000
color_5,1.492,-15.73328331,447.000,426.000
color_5,1.494,-15.73328331,448.000,426.000
color_5,1.496,-15.73328331,449.000,426.000
color_5,1.498,-15.73328331,450.000,426.000
color_5,1.5,-15.73328331,451.000,426.000
color_5,1.502,-15.73328331,452.000,426.000
color_5,1.504,-15.73328331,453.000,426.000
color_5,1.506,-15.73328331,454.000,426.000
color_5,1.508,-15.73328331,455.000,426.000
color_5,1.51,-15.73328331,456.000,426.000
color_5,1.512,-15.73328331,457.000,426.000
color_5,1.514,-15.73328331,458.000,426.000
color_5,1.516,-15.73328331,459.000,426.000
color_5,1.518,-15.68496748,460.000,425.500
color_5,1.52,-15.68496748,461.000,425.500
color_5,1.522,-15.68496748,462.000,425.500
color_5,1.524,-15.68496748,463.000,425.500
color_5,1.526,-15.68496748,464.000,425.500
color_5,1.528,-15.68496748,465.000,425.500
color_5,1.53,-15.63665166,466.000,425.000
color_5,1.532,-15.63665166,467.000,425.000
color_5,1.534,-15.63665166,468.000,425.000
color_5,1.536,-15.63665166,469.000,425.000
color_5,1.538,-15.63665166,470.000,425.000
color_5,1.54,-15.63665166,471.000,425.000
color_5,1.542,-15.63665166,472.000,425.000
color_5,1.544,-15.63665166,473.000,425.000
color_5,1.546,-15.63665166,474.000,425.000
color_5,1.548,-15.63665166,475.000,425.000
color_5,1.55,-15.63665166,476.000,425.000
color_5,1.552,-15.63665166,477.000,425.000
color_5,1.554,-15.63665166,478.000,425.000
color_5,1.556,-15.63665166,479.000,425.000
color_5,1.558,-15.63665166,480.000,425.000
color_5,1.56,-15.63665166,481.000,425.000
color_5,1.562,-15.63665166,482.000,425.000
color_5,1.564,-15.58833583,483.000,424.500
color_5,1.566,-15.58833583,484.000,424.500
color_5,1.568,-15.58833583,485.000,424.500
color_5,1.57,-15.58833583,486.000,424.500
color_5,1.572,-15.54002001,487.000,424.000
color_5,1.574,-15.54002001,488.000,424.000
color_5,1.576,-15.54002001,489.000,424.000
color_5,1.578,-15.54002001,490.000,424.000
color_5,1.58,-15.54002001,491.000,424.000
color_5,1.582,-15.54002001,492.000,424.000
color_5,1.584,-15.54002001,493.000,424.000
color_5,1.586,-15.54002001,494.000,424.000
color_5,1.588,-15.54002001,495.000,424.000
color_5,1.59,-15.54002001,496.000,424.000
color_5,1.592,-15.54002001,497.000,424.000
color_5,1.594,-15.54002001,498.000,424.000
color_5,1.596,-15.54002001,499.000,424.000
color_5,1.598,-15.54002001,500.000,424.000
color_5,1.6,-15.54002001,501.000,424.000
color_5,1.602,-15.54002001,502.000,424.000
color_5,1.604,-15.54002001,503.000,424.000
color_5,1.606,-15.54002001,504.000,424.000
color_5,1.608,-15.54002001,505.000,424.000
color_5,1.61,-15.54002001,506.000,424.000
color_5,1.612,-15.54002001,507.000,424.000
color_5,1.614,-15.54002001,508.000,424.000
color_5,1.616,-15.54002001,509.000,424.000
color_5,1.618,-15.54002001,510.000,424.000
color_5,1.62,-15.54002001,511.000,424.000
color_5,1.622,-15.54002001,512.000,424.000
color_5,1.624,-15.54002001,513.000,424.000
color_5,1.626,-15.54002001,514.000,424.000
color_5,1.628,-15.54002001,515.000,424.000
color_5,1.63,-15.54002001,516.000,424.000
color_5,1.632,-15.54002001,517.000,424.000
color_5,1.634,-15.54002001,518.000,424.000
color_5,1.636,-15.54002001,519.000,424.000
color_5,1.638,-15.54002001,520.000,424.000
color_5,1.64,-15.54002001,521.000,424.000
color_5,1.642,-15.54002001,522.000,424.000
color_5,1.644,-15.54002001,523.000,424.000
color_5,1.646,-15.54002001,524.000,424.000
color_5,1.648,-15.54002001,525.000,424.000
color_5,1.65,-15.54002001,526.000,424.000
color_5,1.652,-15.54002001,527.000,424.000
color_5,1.654,-15.54002001,528.000,424.000
color_5,1.656,-15.54002001,529.000,424.000
color_5,1.658,-15.54002001,530.000,424.000
color_5,1.66,-15.54002001,531.000,424.000
color_5,1.662,-15.54002001,532.000,424.000
color_5,1.664,-15.54002001,533.000,424.000
color_5,1.666,-15.54002001,534.000,424.000
color_5,1.668,-15.54002001,535.000,424.000
color_5,1.67,-15.54002001,536.000,424.000
color_5,1.672,-15.54002001,537.000,424.000
color_5,1.674,-15.54002001,538.000,424.000
color_5,1.676,-15.54002001,539.000,424.000
color_5,1.678,-15.54002001,540.000,424.000
color_5,1.68,-15.54002001,541.000,424.000
color_5,1.682,-15.54002001,542.000,424.000
color_5,1.684,-15.54002001,543.000,424.000
color_5,1.686,-15.54002001,544.000,424.000
color_5,1.688,-15.54002001,545.000,424.000
color_5,1.69,-15.54002001,546.000,424.000
color_5,1.692,-15.54002001,547.000,424.000
color_5,1.694,-15.54002001,548.000,424.000
color_5,1.696,-15.54002001,549.000,424.000
color_5,1.698,-15.54002001,550.000,424.000
color_5,1.7,-15.54002001,551.000,424.000
color_5,1.702,-15.54002001,552.000,424.000
color_5,1.704,-15.54002001,553.000,424.000
color_5,1.706,-15.49170419,554.000,423.500
color_5,1.708,-15.49170419,555.000,423.500
color_5,1.71,-15.63665166,556.000,425.000
color_5,1.712,-15.63665166,557.000,425.000
color_5,1.714,-15.63665166,558.000,425.000
color_5,1.716,-15.63665166,559.000,425.000
color_5,1.718,-15.63665166,560.000,425.000
color_5,1.72,-15.58833583,561.000,424.500
color_5,1.722,-15.58833583,562.000,424.500
color_5,1.724,-15.58833583,563.000,424.500
color_5,1.726,-15.58833583,564.000,424.500
color_5,1.728,-15.58833583,565.000,424.500
color_5,1.73,-15.58833583,566.000,424.500
color_5,1.732,-15.58833583,567.000,424.500
color_5,1.734,-15.39507254,568.000,422.500
color_5,1.736,-15.39507254,569.000,422.500
color_5,1.738,-15.39507254,570.000,422.500
color_5,1.74,-15.39507254,571.000,422.500
color_5,1.742,-15.39507254,572.000,422.500
color_5,1.744,-15.39507254,573.000,422.500
color_5,1.746,-15.39507254,574.000,422.500
color_5,1.748,-15.29844089,575.000,421.500
color_5,1.75,-15.29844089,576.000,421.500
color_5,1.752,-15.29844089,577.000,421.500
color_5,1.754,-15.34675671,578.000,422.000
color_5,1.756,-15.34675671,579.000,422.000
color_5,1.758,-15.29844089,580.000,421.500
color_5,1.76,-15.25012506,581.000,421.000
color_5,1.762,-15.25012506,582.000,421.000
color_5,1.764,-15.25012506,583.000,421.000
color_5,1.766,-15.20180924,584.000,420.500
color_5,1.768,-15.15349341,585.000,420.000
color_5,1.77,-15.10517759,586.000,419.500
color_5,1.772,-15.10517759,587.000,419.500
color_5,1.774,-15.15349341,588.000,420.000
color_5,1.776,-15.15349341,589.000,420.000
color_5,1.778,-15.10517759,590.000,419.500
color_5,1.78,-15.05686176,591.000,419.000
color_5,1.782,-15.05686176,592.000,419.000
color_5,1.784,-15.00854594,593.000,418.500
color_5,1.786,-14.96023012,594.000,418.000
color_5,1.788,-15.25012506,595.000,421.000
color_5,1.79,-14.96023012,596.000,418.000
color_5,1.792,-14.86359847,597.000,417.000
color_5,1.794,-14.86359847,598.000,417.000
color_5,1.796,-14.86359847,599.000,417.000
color_5,1.798,-15.10517759,600.000,419.500
color_5,1.8,-15.10517759,601.000,419.500
color_5,1.802,-15.10517759,602.000,419.500
color_5,1.804,-14.71865099,603.000,415.500
color_5,1.806,-14.67033517,604.000,415.000
color_5,1.808,-15.00854594,605.000,418.500
color_5,1.81,-14.96023012,606.000,418.000
color_5,1.812,-14.96023012,607.000,418.000
color_5,1.814,-14.57370352,608.000,414.000
color_5,1.816,-14.47707187,609.000,413.000
color_5,1.818,-14.47707187,610.000,413.000
color_5,1.82,-14.81528264,611.000,416.500
color_5,1.822,-14.81528264,612.000,416.500
color_5,1.824,-14.71865099,613.000,415.500
color_5,1.826,-14.71865099,614.000,415.500
color_5,1.828,-14.67033517,615.000,415.000
color_5,1.83,-14.62201934,616.000,414.500
color_5,1.832,-14.18717692,617.000,410.000
color_5,1.834,-14.57370352,618.000,414.000
color_5,1.836,-14.09054527,619.000,409.000
color_5,1.838,-14.47707187,620.000,413.000
color_5,1.84,-14.42875604,621.000,412.500
color_5,1.842,-14.38044022,622.000,412.000
color_5,1.844,-14.3321244,623.000,411.500
color_5,1.846,-13.80065033,624.000,406.000
color_5,1.848,-14.23549275,625.000,410.500
color_5,1.85,-13.70401868,626.000,405.000
color_5,1.852,-14.1388611,627.000,409.500
color_5,1.854,-13.5590712,628.000,403.500
color_5,1.856,-13.51075538,629.000,403.000
color_5,1.858,-13.99391362,630.000,408.000
color_5,1.86,-13.41412373,631.000,402.000
color_5,1.862,-13.84896615,632.000,406.500
color_5,1.864,-13.80065033,633.000,406.000
color_5,1.866,-13.22086043,634.000,400.000
color_5,1.868,-13.12422878,635.000,399.000
color_5,1.87,-13.60738703,636.000,404.000
color_5,1.872,-13.02759713,637.000,398.000
color_5,1.874,-12.93096548,638.000,397.000
color_5,1.876,-12.83433383,639.000,396.000
color_5,1.878,-12.78601801,640.000,395.500
color_5,1.88,-12.73770218,641.000,395.000
color_5,1.882,-12.64107054,642.000,394.000
color_5,1.884,-12.49612306,643.000,392.500
color_5,1.886,-12.49612306,644.000,392.500
color_5,1.888,-12.44780724,645.000,392.000
color_5,1.89,-12.35117559,646.000,391.000
color_5,1.892,-12.20622811,647.000,389.500
color_5,1.894,-12.10959646,648.000,388.500
color_5,1.896,-12.01296482,649.000,387.500
color_5,1.898,-11.96464899,650.000,387.000
color_5,1.9,-12.44780724,651.000,392.000
color_5,1.902,-11.72306987,652.000,384.500
color_5,1.904,-11.72306987,653.000,384.500
color_5,1.906,-11.62643822,654.000,383.500
color_5,1.908,-11.52980657,655.000,382.500
color_5,1.91,-11.3848591,656.000,381.000
color_5,1.912,-11.28822745,657.000,380.000
color_5,1.914,-11.1915958,658.000,379.000
color_5,1.916,-11.09496415,659.000,378.000
color_5,1.918,-10.9983325,660.000,377.000
color_5,1.92,-10.90170085,661.000,376.000
color_5,1.922,-10.75675338,662.000,374.500
color_5,1.924,-10.66012173,663.000,373.500
color_5,1.926,-10.56349008,664.000,372.500
color_5,1.928,-10.46685843,665.000,371.500
color_5,1.93,-10.37022678,666.000,370.500
color_5,1.932,-10.27359513,667.000,369.500
color_5,1.934,-10.22527931,668.000,369.000
color_5,1.936,-10.17696348,669.000,368.500
color_5,1.938,-10.22527931,670.000,369.000
color_5,1.94,-10.12864766,671.000,368.000
color_5,1.942,-10.03201601,672.000,367.000
color_5,1.944,-9.935384359,673.000,366.000
color_5,1.946,-9.790436885,674.000,364.500
color_5,1.948,-9.645489411,675.000,363.000
color_5,1.95,-9.548857762,676.000,362.000
color_5,1.952,-9.452226113,677.000,361.000
color_5,1.954,-9.355594464,678.000,360.000
color_5,1.956,-9.21064699,679.000,358.500
color_5,1.958,-9.065699516,680.000,357.000
color_5,1.96,-8.969067867,681.000,356.000
color_5,1.962,-8.824120394,682.000,354.500
color_5,1.964,-8.67917292,683.000,353.000
color_5,1.966,-8.534225446,684.000,351.500
color_5,1.968,-8.437593797,685.000,350.500
color_5,1.97,-8.244330499,686.000,348.500
color_5,1.972,-8.099383025,687.000,347.000
color_5,1.974,-7.906119727,688.000,345.000
color_5,1.976,-7.761172253,689.000,343.500
color_5,1.978,-7.664540604,690.000,342.500
color_5,1.98,-7.471277305,691.000,340.500
color_5,1.982,-7.326329832,692.000,339.000
color_5,1.984,-7.133066533,693.000,337.000
color_5,1.986,-6.939803235,694.000,335.000
color_5,1.988,-6.746539937,695.000,333.000
color_5,1.99,-6.601592463,696.000,331.500
color_5,1.992,-6.408329165,697.000,329.500
color_5,1.994,-6.166750042,698.000,327.000
color_5,1.996,-6.070118393,699.000,326.000
color_5,1.998,-5.876855094,700.000,324.000
color_5,2,-5.780223445,701.000,323.000
color_5,2.002,-5.73190762,702.000,322.500
color_5,2.004,-5.635275971,703.000,321.500
color_5,2.006,-5.538644322,704.000,320.500
color_5,2.008,-5.393696848,705.000,319.000
color_5,2.01,-5.248749375,706.000,317.500
color_5,2.012,-5.103801901,707.000,316.000
color_5,2.014,-4.958854427,708.000,314.500
color_5,2.016,-4.765591129,709.000,312.500
color_5,2.018,-4.66895948,710.000,311.500
color_5,2.02,-4.572327831,711.000,310.500
color_6,0.86,8.038102385,131.000,180.000
color_6,0.862,8.231365683,132.000,178.000
color_6,0.864,8.231365683,133.000,178.000
color_6,0.866,8.231365683,134.000,178.000
color_6,0.868,8.231365683,135.000,178.000
color_6,0.87,8.231365683,136.000,178.000
color_6,0.872,8.231365683,137.000,178.000
color_6,0.874,8.231365683,138.000,178.000
color_6,0.876,8.231365683,139.000,178.000
color_6,0.878,8.231365683,140.000,178.000
color_6,0.88,8.231365683,141.000,178.000
color_6,0.882,8.231365683,142.000,178.000
color_6,0.884,8.231365683,143.000,178.000
color_6,0.886,8.231365683,144.000,178.000
color_6,0.888,8.231365683,145.000,178.000
color_6,0.89,8.231365683,146.000,178.000
color_6,0.892,8.231365683,147.000,178.000
color_6,0.894,8.231365683,148.000,178.000
color_6,0.896,8.231365683,149.000,178.000
color_6,0.898,8.231365683,150.000,178.000
color_6,0.9,8.231365683,151.000,178.000
color_6,0.902,8.231365683,152.000,178.000
color_6,0.904,8.231365683,153.000,178.000
color_6,0.906,8.231365683,154.000,178.000
color_6,0.908,8.231365683,155.000,178.000
color_6,0.91,8.231365683,156.000,178.000
color_6,0.912,8.231365683,157.000,178.000
color_6,0.914,8.231365683,158.000,178.000
color_6,0.916,8.231365683,159.000,178.000
color_6,0.918,8.231365683,160.000,178.000
color_6,0.92,8.231365683,161.000,178.000
color_6,0.922,8.231365683,162.000,178.000
color_6,0.924,8.231365683,163.000,178.000
color_6,0.926,8.231365683,164.000,178.000
color_6,0.928,8.231365683,165.000,178.000
color_6,0.93,8.231365683,166.000,178.000
color_6,0.932,8.231365683,167.000,178.000
color_6,0.934,8.231365683,168.000,178.000
color_6,0.936,8.231365683,169.000,178.000
color_6,0.938,8.231365683,170.000,178.000
color_6,0.94,8.231365683,171.000,178.000
color_6,0.942,8.231365683,172.000,178.000
color_6,0.944,8.231365683,173.000,178.000
color_6,0.946,8.231365683,174.000,178.000
color_6,0.948,8.231365683,175.000,178.000
color_6,0.95,8.231365683,176.000,178.000
color_6,0.952,8.231365683,177.000,178.000
color_6,0.954,8.231365683,178.000,178.000
color_6,0.956,8.231365683,179.000,178.000
color_6,0.958,8.231365683,180.000,178.000
color_6,0.96,8.231365683,181.000,178.000
color_6,1.032,-16.1198099,217.000,430.000
color_6,1.034,-16.1198099,218.000,430.000
color_6,1.036,-16.1198099,219.000,430.000
color_6,1.038,-16.1198099,220.000,430.000
color_6,1.04,-16.1198099,221.000,430.000
color_6,1.042,-16.1198099,222.000,430.000
color_6,1.044,-16.1198099,223.000,430.000
color_6,1.046,-16.1198099,224.000,430.000
color_6,1.048,-16.1198099,225.000,430.000
color_6,1.05,-16.1198099,226.000,430.000
color_6,1.052,-16.1198099,227.000,430.000
color_6,1.054,-16.1198099,228.000,430.000
color_6,1.056,-16.1198099,229.000,430.000
color_6,1.058,-16.1198099,230.000,430.000
color_6,1.06,-16.1198099,231.000,430.000
color_6,1.062,-16.1198099,232.000,430.000
color_6,1.064,-16.1198099,233.000,430.000
color_6,1.066,-16.1198099,234.000,430.000
color_6,1.068,-16.1198099,235.000,430.000
color_6,1.07,-16.1198099,236.000,430.000
color_6,1.072,-16.1198099,237.000,430.000
color_6,1.074,-16.1198099,238.000,430.000
color_6,1.076,-16.1198099,239.000,430.000
color_6,1.078,-16.1198099,240.000,430.000
color_6,1.08,-16.1198099,241.000,430.000
color_6,1.082,-16.1198099,242.000,430.000
color_7,0.86,19.48895281,131.000,61.500
color_7,0.862,19.34400534,132.000,63.000
color_7,0.864,1.805361014,133.000,244.500
color_7,0.866,1.805361014,134.000,244.500
color_7,0.868,1.805361014,135.000,244.500
color_7,0.87,1.805361014,136.000,244.500
color_7,0.872,1.805361014,137.000,244.500
color_7,0.874,1.805361014,138.000,244.500
color_7,0.876,1.805361014,139.000,244.500
color_7,0.878,1.805361014,140.000,244.500
color_7,0.88,1.805361014,141.000,244.500
color_7,0.882,1.805361014,142.000,244.500
color_7,0.884,1.805361014,143.000,244.500
color_7,0.886,1.805361014,144.000,244.500
color_7,0.888,1.805361014,145.000,244.500
color_7,0.89,1.805361014,146.000,244.500
color_7,0.892,1.805361014,147.000,244.500
color_7,0.894,1.805361014,148.000,244.500
color_7,0.896,1.805361014,149.000,244.500
color_7,0.898,1.805361014,150.000,244.500
color_7,0.9,1.805361014,151.000,244.500
color_7,0.902,1.805361014,152.000,244.500
color_7,0.904,1.805361014,153.000,244.500
color_7,0.906,1.805361014,154.000,244.500
color_7,0.908,19.34400534,155.000,63.000
color_7,0.91,19.34400534,156.000,63.000
color_7,0.912,19.34400534,157.000,63.000
color_7,0.914,19.34400534,158.000,63.000
color_7,0.916,19.34400534,159.000,63.000
color_7,0.918,19.34400534,160.000,63.000
color_7,0.92,19.34400534,161.000,63.000
color_7,0.922,19.34400534,162.000,63.000
color_7,0.924,19.34400534,163.000,63.000
color_7,0.926,19.34400534,164.000,63.000
color_7,0.928,19.34400534,165.000,63.000
color_7,0.93,19.34400534,166.000,63.000
color_7,0.932,19.34400534,167.000,63.000
color_7,0.934,19.34400534,168.000,63.000
color_7,0.936,19.34400534,169.000,63.000
color_7,0.938,1.853676838,170.000,244.000
color_7,0.94,1.853676838,171.000,244.000
color_7,0.942,1.853676838,172.000,244.000
color_7,0.944,1.853676838,173.000,244.000
color_7,0.946,1.853676838,174.000,244.000
color_7,0.948,1.853676838,175.000,244.000
color_7,0.95,1.853676838,176.000,244.000
color_7,0.952,1.853676838,177.000,244.000
color_7,0.954,1.853676838,178.000,244.000
color_7,0.956,1.853676838,179.000,244.000
color_7,0.958,-15.63665166,180.000,425.000
color_7,0.96,-15.63665166,181.000,425.000
color_7,0.962,-15.63665166,182.000,425.000
color_7,0.964,-15.63665166,183.000,425.000
color_7,0.966,-15.63665166,184.000,425.000
color_7,0.968,-15.63665166,185.000,425.000
color_7,0.97,-15.63665166,186.000,425.000
color_7,0.972,-15.63665166,187.000,425.000
color_7,0.974,-15.63665166,188.000,425.000
color_7,0.976,-15.63665166,189.000,425.000
color_7,0.978,-15.63665166,190.000,425.000
color_7,0.98,-15.63665166,191.000,425.000
color_7,0.982,-15.63665166,192.000,425.000
color_7,0.984,-15.63665166,193.000,425.000
color_7,0.986,-15.63665166,194.000,425.000
color_7,0.988,-15.63665166,195.000,425.000
color_7,0.99,-15.63665166,196.000,425.000
color_7,0.992,-15.63665166,197.000,425.000
color_7,0.994,-15.63665166,198.000,425.000
color_7,0.996,-15.63665166,199.000,425.000
color_7,0.998,-15.63665166,200.000,425.000
color_7,1,-15.63665166,201.000,425.000
color_7,1.002,-15.63665166,202.000,425.000
color_7,1.004,-15.63665166,203.000,425.000
color_7,1.006,-15.63665166,204.000,425.000
color_7,1.008,-15.63665166,205.000,425.000
color_7,1.01,-15.63665166,206.000,425.000
color_7,1.012,-15.63665166,207.000,425.000
color_7,1.014,-15.63665166,208.000,425.000
color_7,1.016,-15.63665166,209.000,425.000
color_7,1.018,-15.63665166,210.000,425.000
color_7,1.02,-15.63665166,211.000,425.000
color_7,1.022,-15.63665166,212.000,425.000
color_7,1.024,-15.63665166,213.000,425.000
color_7,1.026,-15.63665166,214.000,425.000
color_7,1.028,-15.63665166,215.000,425.000
color_7,1.03,-15.63665166,216.000,425.000
color_7,1.032,-15.63665166,217.000,425.000
color_7,1.034,-15.63665166,218.000,425.000
color_7,1.036,-15.63665166,219.000,425.000
color_7,1.038,-15.63665166,220.000,425.000
color_7,1.04,-15.63665166,221.000,425.000
color_7,1.042,-15.63665166,222.000,425.000
color_7,1.044,-15.63665166,223.000,425.000
color_7,1.046,-15.63665166,224.000,425.000
color_7,1.048,-15.63665166,225.000,425.000
color_7,1.05,-15.63665166,226.000,425.000
color_7,1.052,-15.63665166,227.000,425.000
color_7,1.054,-15.63665166,228.000,425.000
color_7,1.08,-16.1198099,241.000,430.000
color_7,1.082,-16.1198099,242.000,430.000
color_7,1.084,-16.1198099,243.000,430.000
color_7,1.086,-16.1198099,244.000,430.000
color_7,1.088,-16.1198099,245.000,430.000
color_7,1.09,-16.1198099,246.000,430.000
color_7,1.092,-16.1198099,247.000,430.000
color_7,1.094,-16.1198099,248.000,430.000
color_7,1.096,-16.1198099,249.000,430.000
color_7,1.098,-16.1198099,250.000,430.000
color_7,1.1,-16.1198099,251.000,430.000
color_7,1.102,-16.1198099,252.000,430.000
color_7,1.104,-16.1198099,253.000,430.000
color_7,1.106,-16.1198099,254.000,430.000
color_7,1.108,-16.1198099,255.000,430.000
color_7,1.11,-16.1198099,256.000,430.000
color_7,1.112,-16.1198099,257.000,430.000
color_7,1.114,-16.1198099,258.000,430.000
color_7,1.116,-16.1198099,259.000,430.000
color_7,1.118,-16.1198099,260.000,430.000
color_7,1.12,-16.1198099,261.000,430.000
color_7,1.122,-16.1198099,262.000,430.000
color_7,1.124,-16.1198099,263.000,430.000
color_7,1.126,-16.1198099,264.000,430.000
color_7,1.128,-16.1198099,265.000,430.000
color_7,1.13,-16.1198099,266.000,430.000
color_7,1.132,-16.1198099,267.000,430.000
color_7,1.134,-16.1198099,268.000,430.000
color_7,1.136,-16.1198099,269.000,430.000
color_7,1.138,-16.1198099,270.000,430.000
color_7,1.14,-16.1198099,271.000,430.000
color_7,1.142,-16.1198099,272.000,430.000
color_7,1.144,-16.1198099,273.000,430.000
color_7,1.146,-16.1198099,274.000,430.000
color_7,1.148,-16.1198099,275.000,430.000
color_7,1.15,-16.1198099,276.000,430.000
color_7,1.152,-16.1198099,277.000,430.000
color_7,1.154,-16.1198099,278.000,430.000
color_7,1.156,-16.1198099,279.000,430.000
color_7,1.158,-16.1198099,280.000,430.000
color_7,1.16,-16.1198099,281.000,430.000
color_7,1.162,-16.1198099,282.000,430.000
color_7,1.164,-16.1198099,283.000,430.000
color_7,1.166,-16.1198099,284.000,430.000
color_7,1.168,-16.1198099,285.000,430.000
color_7,1.17,-16.1198099,286.000,430.000
color_7,1.172,-16.1198099,287.000,430.000
color_7,1.174,-16.1198099,288.000,430.000
color_7,1.176,-16.1198099,289.000,430.000
color_7,1.178,-16.1198099,290.000,430.000
color_7,1.18,-16.1198099,291.000,430.000
color_7,1.182,-16.1198099,292.000,430.000
color_7,1.184,-16.1198099,293.000,430.000
color_7,1.186,-16.1198099,294.000,430.000
color_7,1.188,-16.1198099,295.000,430.000
color_7,1.19,-16.1198099,296.000,430.000
color_7,1.192,-16.1198099,297.000,430.000
color_7,1.194,-16.1198099,298.000,430.000
color_7,1.196,-16.1198099,299.000,430.000
color_7,1.198,-16.1198099,300.000,430.000
color_7,1.2,-16.1198099,301.000,430.000
color_7,1.202,-16.1198099,302.000,430.000
color_7,1.204,-16.1198099,303.000,430.000
color_7,1.206,-16.1198099,304.000,430.000
color_7,1.208,-16.1198099,305.000,430.000
color_7,1.21,-16.1198099,306.000,430.000
color_7,1.212,-16.1198099,307.000,430.000
color_7,1.214,-16.1198099,308.000,430.000
color_7,1.216,-16.1198099,309.000,430.000
color_7,1.218,-16.1198099,310.000,430.000
color_7,1.22,-16.1198099,311.000,430.000
color_7,1.222,-16.1198099,312.000,430.000
color_7,1.224,-16.1198099,313.000,430.000
color_7,1.226,-16.1198099,314.000,430.000
color_7,1.228,-16.1198099,315.000,430.000
color_7,1.23,-16.1198099,316.000,430.000
color_7,1.232,-16.1198099,317.000,430.000
color_7,1.234,-16.1198099,318.000,430.000
color_7,1.236,-16.1198099,319.000,430.000
color_7,1.238,-16.1198099,320.000,430.000
color_7,1.24,-16.1198099,321.000,430.000
color_7,1.242,-16.1198099,322.000,430.000
color_7,1.244,-16.1198099,323.000,430.000
color_7,1.246,-16.1198099,324.000,430.000
color_7,1.248,-16.1198099,325.000,430.000
color_7,1.25,-16.1198099,326.000,430.000
color_7,1.252,-16.1198099,327.000,430.000
color_7,1.254,-16.1198099,328.000,430.000
color_7,1.256,-16.1198099,329.000,430.000
color_7,1.258,-16.1198099,330.000,430.000
color_7,1.26,-16.1198099,331.000,430.000
color_7,1.262,-16.1198099,332.000,430.000
color_7,1.264,-16.1198099,333.000,430.000
color_7,1.266,-16.1198099,334.000,430.000
color_7,1.268,-16.1198099,335.000,430.000
color_7,1.27,-16.1198099,336.000,430.000
color_7,1.272,-16.1198099,337.000,430.000
color_7,1.274,-16.1198099,338.000,430.000
color_7,1.276,-16.1198099,339.000,430.000
color_7,1.278,-16.1198099,340.000,430.000
color_7,1.28,-16.1198099,341.000,430.000
color_7,1.282,-16.1198099,342.000,430.000
color_7,1.284,-16.1198099,343.000,430.000
color_7,1.286,-16.1198099,344.000,430.000
color_7,1.288,-16.1198099,345.000,430.000
color_7,1.29,-16.1198099,346.000,430.000
color_7,1.292,-16.1198099,347.000,430.000
color_7,1.294,-16.1198099,348.000,430.000
color_7,1.296,-16.1198099,349.000,430.000
color_7,1.298,-16.1198099,350.000,430.000
color_7,1.3,-16.1198099,351.000,430.000
color_7,1.302,-16.1198099,352.000,430.000
color_7,1.304,-16.1198099,353.000,430.000
color_7,1.306,-16.1198099,354.000,430.000
color_7,1.308,-16.1198099,355.000,430.000
color_7,1.31,-16.1198099,356.000,430.000
color_7,1.312,-16.1198099,357.000,430.000
color_7,1.314,-16.1198099,358.000,430.000
color_7,1.316,-16.1198099,359.000,430.000
color_7,1.318,-16.1198099,360.000,430.000
color_7,1.32,-16.1198099,361.000,430.000
color_7,1.322,-16.1198099,362.000,430.000
color_7,1.324,-16.1198099,363.000,430.000
color_7,1.326,-16.1198099,364.000,430.000
color_7,1.328,-16.1198099,365.000,430.000
color_7,1.33,-16.1198099,366.000,430.000
color_7,1.332,-16.1198099,367.000,430.000
color_7,1.334,-16.1198099,368.000,430.000
color_7,1.336,-16.1198099,369.000,430.000
color_7,1.338,-16.1198099,370.000,430.000
color_7,1.34,-16.1198099,371.000,430.000
color_7,1.342,-16.1198099,372.000,430.000
color_7,1.344,-16.1198099,373.000,430.000
color_7,1.346,-16.1198099,374.000,430.000
color_7,1.348,-16.1198099,375.000,430.000
color_7,1.35,-16.1198099,376.000,430.000
color_7,1.352,-16.1198099,377.000,430.000
color_7,1.354,-16.1198099,378.000,430.000
color_7,1.576,-16.02317826,489.000,429.000
color_7,1.578,-16.02317826,490.000,429.000
color_7,1.58,-16.02317826,491.000,429.000
color_7,1.582,-16.02317826,492.000,429.000
color_7,1.584,-16.02317826,493.000,429.000
color_7,1.586,-16.02317826,494.000,429.000
color_7,1.588,-16.02317826,495.000,429.000
color_7,1.59,-16.02317826,496.000,429.000
color_7,1.592,-16.02317826,497.000,429.000
color_7,1.594,-16.02317826,498.000,429.000
color_7,1.596,-16.02317826,499.000,429.000
color_7,1.598,-16.02317826,500.000,429.000
color_7,1.6,-16.02317826,501.000,429.000
color_7,1.602,-16.02317826,502.000,429.000
color_7,1.604,-16.02317826,503.000,429.000
color_7,1.606,-16.02317826,504.000,429.000
color_7,1.608,-16.02317826,505.000,429.000
color_7,1.61,-16.02317826,506.000,429.000
color_7,1.612,-16.02317826,507.000,429.000
color_7,1.614,-16.02317826,508.000,429.000
color_7,1.616,-16.02317826,509.000,429.000
color_7,1.618,-16.02317826,510.000,429.000
color_7,1.62,-16.02317826,511.000,429.000
color_7,1.622,-16.02317826,512.000,429.000
color_7,1.624,-16.02317826,513.000,429.000
color_7,1.626,-16.02317826,514.000,429.000
color_7,1.628,-16.02317826,515.000,429.000
color_7,1.63,-16.02317826,516.000,429.000
color_7,1.632,-16.02317826,517.000,429.000
color_7,1.634,-16.02317826,518.000,429.000
color_7,1.636,-16.02317826,519.000,429.000
color_7,1.638,-16.02317826,520.000,429.000
color_7,1.64,-16.02317826,521.000,429.000
color_7,1.642,-16.02317826,522.000,429.000
color_7,1.644,-16.02317826,523.000,429.000
color_7,1.646,-16.02317826,524.000,429.000
color_7,1.648,-16.02317826,525.000,429.000
color_7,1.65,-16.02317826,526.000,429.000
color_7,1.652,-16.02317826,527.000,429.000
color_7,1.654,-16.02317826,528.000,429.000
color_7,1.656,-16.02317826,529.000,429.000
color_7,1.658,-16.02317826,530.000,429.000
color_7,1.66,-16.02317826,531.000,429.000
color_7,1.662,-16.02317826,532.000,429.000
color_7,1.664,-16.02317826,533.000,429.000
color_7,1.666,-16.02317826,534.000,429.000
color_7,1.668,-16.02317826,535.000,429.000
color_7,1.67,-16.02317826,536.000,429.000
color_7,1.672,-16.02317826,537.000,429.000
color_7,1.674,-16.02317826,538.000,429.000
color_7,1.676,-16.02317826,539.000,429.000
color_7,1.678,-16.02317826,540.000,429.000
color_7,1.68,-16.02317826,541.000,429.000
color_7,1.682,-16.02317826,542.000,429.000
color_7,1.684,-16.02317826,543.000,429.000
color_7,1.686,-16.02317826,544.000,429.000
color_7,1.688,-16.02317826,545.000,429.000
color_7,1.69,-16.02317826,546.000,429.000
color_7,1.692,-16.02317826,547.000,429.000
color_7,1.694,-16.02317826,548.000,429.000
color_7,1.696,-16.02317826,549.000,429.000
color_7,1.698,-16.02317826,550.000,429.000
color_7,1.7,-16.02317826,551.000,429.000
color_7,1.702,-16.02317826,552.000,429.000
color_7,1.704,-16.02317826,553.000,429.000
color_7,1.706,-16.02317826,554.000,429.000
color_7,1.708,-16.02317826,555.000,429.000
color_7,1.71,-16.02317826,556.000,429.000
color_7,1.712,-16.02317826,557.000,429.000
color_8,1.226,-15.63665166,314.000,425.000
color_8,1.228,-15.63665166,315.000,425.000
color_8,1.23,-15.63665166,316.000,425.000
color_8,1.232,-15.58833583,317.000,424.500
color_8,1.234,-15.63665166,318.000,425.000
color_8,1.236,-15.63665166,319.000,425.000
color_8,1.238,-15.63665166,320.000,425.000
color_8,1.24,-15.63665166,321.000,425.000
color_8,1.242,-15.63665166,322.000,425.000
color_8,1.244,-15.63665166,323.000,425.000
color_8,1.246,-15.63665166,324.000,425.000
color_8,1.248,-15.63665166,325.000,425.000
color_8,1.25,-15.63665166,326.000,425.000
color_8,1.252,-15.63665166,327.000,425.000
color_8,1.254,-15.63665166,328.000,425.000
color_8,1.256,-15.63665166,329.000,425.000
color_8,1.258,-15.63665166,330.000,425.000
color_8,1.26,-15.63665166,331.000,425.000
color_8,1.262,-15.63665166,332.000,425.000
color_8,1.264,-15.63665166,333.000,425.000
color_8,1.266,-15.63665166,334.000,425.000
color_8,1.268,-15.63665166,335.000,425.000
color_8,1.27,-15.63665166,336.000,425.000
color_8,1.272,-15.54002001,337.000,424.000
color_8,1.274,-15.54002001,338.000,424.000
color_8,1.276,-15.54002001,339.000,424.000
color_8,1.278,-15.54002001,340.000,424.000
color_8,1.28,-15.54002001,341.000,424.000
color_8,1.282,-15.54002001,342.000,424.000
color_8,1.284,-15.54002001,343.000,424.000
color_8,1.286,-15.54002001,344.000,424.000
color_8,1.288,-15.54002001,345.000,424.000
color_8,1.29,-15.54002001,346.000,424.000
color_8,1.292,-15.63665166,347.000,425.000
color_8,1.294,-15.63665166,348.000,425.000
color_8,1.296,-15.63665166,349.000,425.000
color_8,1.298,-15.63665166,350.000,425.000
color_8,1.3,-15.63665166,351.000,425.000
color_8,1.302,-15.63665166,352.000,425.000
color_8,1.304,-15.63665166,353.000,425.000
color_8,1.306,-15.63665166,354.000,425.000
color_8,1.308,-15.63665166,355.000,425.000
color_8,1.31,-15.63665166,356.000,425.000
color_8,1.312,-15.63665166,357.000,425.000
color_8,1.314,-15.63665166,358.000,425.000
color_8,1.316,-15.63665166,359.000,425.000
color_8,1.318,-15.63665166,360.000,425.000
color_8,1.32,-15.63665166,361.000,425.000
color_8,1.322,-15.63665166,362.000,425.000
color_8,1.324,-15.63665166,363.000,425.000
color_8,1.326,-15.63665166,364.000,425.000
color_8,1.328,-15.63665166,365.000,425.000
color_8,1.33,-15.63665166,366.000,425.000
color_8,1.332,-15.63665166,367.000,425.000
color_8,1.334,-15.63665166,368.000,425.000
color_8,1.336,-15.63665166,369.000,425.000
color_8,1.338,-15.63665166,370.000,425.000
color_8,1.34,-15.63665166,371.000,425.000
color_8,1.342,-15.63665166,372.000,425.000
color_8,1.344,-15.63665166,373.000,425.000
color_8,1.346,-15.63665166,374.000,425.000
color_8,1.348,-15.63665166,375.000,425.000
color_8,1.35,-15.63665166,376.000,425.000
color_8,1.446,-15.54002001,424.000,424.000
color_8,1.448,-15.54002001,425.000,424.000
color_8,1.45,-15.54002001,426.000,424.000
color_8,1.452,-15.54002001,427.000,424.000
color_8,1.454,-15.54002001,428.000,424.000
color_8,1.456,-15.54002001,429.000,424.000
color_8,1.458,-15.54002001,430.000,424.000
color_8,1.46,-15.54002001,431.000,424.000
color_8,1.462,-15.54002001,432.000,424.000
color_8,1.464,-15.54002001,433.000,424.000
color_8,1.466,-15.54002001,434.000,424.000
color_8,1.468,-15.54002001,435.000,424.000
color_8,1.47,-15.54002001,436.000,424.000
color_8,1.472,-15.54002001,437.000,424.000
color_8,1.474,-15.54002001,438.000,424.000
color_8,1.476,-15.54002001,439.000,424.000
color_8,1.478,-15.54002001,440.000,424.000
color_8,1.48,-15.54002001,441.000,424.000
color_8,1.482,-15.54002001,442.000,424.000
color_8,1.484,-15.54002001,443.000,424.000
color_8,1.486,-15.54002001,444.000,424.000
color_8,1.488,-15.54002001,445.000,424.000
color_8,1.49,-15.54002001,446.000,424.000
color_8,1.492,-15.54002001,447.000,424.000
color_8,1.494,-15.54002001,448.000,424.000
color_8,1.496,-15.54002001,449.000,424.000
color_8,1.498,-15.54002001,450.000,424.000
color_8,1.5,-15.54002001,451.000,424.000
color_8,1.502,-15.54002001,452.000,424.000
