series,x,y,pixel_x,pixel_y
color_1,1.21570254,-170.5714286,173.000,351.500
color_1,1.216971725,-145.4285714,174.000,307.500
color_1,1.21824091,-145.4285714,175.000,307.500
color_1,1.219510095,-145.4285714,176.000,307.500
color_1,1.220779281,-145.4285714,177.000,307.500
color_1,1.222048466,-120.8571429,178.000,264.500
color_1,1.223317651,-120.5714286,179.000,264.000
color_1,1.224586836,-133.1428571,180.000,286.000
color_1,1.225856021,-121.4285714,181.000,265.500
color_1,1.227125206,-123.1428571,182.000,268.500
color_1,1.228394391,-123.1428571,183.000,268.500
color_1,1.229663576,-123.1428571,184.000,268.500
color_1,1.230932761,2.857142857,185.000,48.000
color_1,1.232201946,2.857142857,186.000,48.000
color_1,1.233471131,2.857142857,187.000,48.000
color_1,1.234740317,2.857142857,188.000,48.000
color_1,1.236009502,2.857142857,189.000,48.000
color_1,1.237278687,2.857142857,190.000,48.000
color_1,1.238547872,2.857142857,191.000,48.000
color_1,1.239817057,2.857142857,192.000,48.000
color_1,1.241086242,2.857142857,193.000,48.000
color_1,1.242355427,2.857142857,194.000,48.000
color_1,1.243624612,2.857142857,195.000,48.000
color_1,1.244893797,2.857142857,196.000,48.000
color_1,1.246162982,2.857142857,197.000,48.000
color_1,1.247432167,2.857142857,198.000,48.000
color_1,1.248701353,2.857142857,199.000,48.000
color_1,1.249970538,2.857142857,200.000,48.000
color_1,1.251239723,2.857142857,201.000,48.000
color_1,1.252508908,2.857142857,202.000,48.000
color_1,1.253778093,2.857142857,203.000,48.000
color_1,1.255047278,2.857142857,204.000,48.000
color_1,1.256316463,2.857142857,205.000,48.000
color_1,1.257585648,2.857142857,206.000,48.000
color_1,1.258854833,2.857142857,207.000,48.000
color_1,1.260124018,2.857142857,208.000,48.000
color_1,1.261393203,2.857142857,209.000,48.000
color_1,1.262662388,2.857142857,210.000,48.000
color_1,1.263931574,2.857142857,211.000,48.000
color_1,1.265200759,2.857142857,212.000,48.000
color_1,1.266469944,2.857142857,213.000,48.000
color_1,1.267739129,2.857142857,214.000,48.000
color_1,1.269008314,2.857142857,215.000,48.000
color_1,1.270277499,2.857142857,216.000,48.000
color_1,1.271546684,2.857142857,217.000,48.000
color_1,1.272815869,2.857142857,218.000,48.000
color_1,1.274085054,2.857142857,219.000,48.000
color_1,1.275354239,2.857142857,220.000,48.000
color_1,1.276623424,2.857142857,221.000,48.000
color_1,1.27789261,2.857142857,222.000,48.000
color_1,1.279161795,2.857142857,223.000,48.000
color_1,1.28043098,2.857142857,224.000,48.000
color_1,1.281700165,2.857142857,225.000,48.000
color_1,1.28296935,2.857142857,226.000,48.000
color_1,1.284238535,2.857142857,227.000,48.000
color_1,1.28550772,2.857142857,228.000,48.000
color_1,1.286776905,2.857142857,229.000,48.000
color_1,1.28804609,2.857142857,230.000,48.000
color_1,1.289315275,2.857142857,231.000,48.000
color_1,1.29058446,2.857142857,232.000,48.000
color_1,1.291853646,2.857142857,233.000,48.000
color_1,1.293122831,2.857142857,234.000,48.000
color_1,1.294392016,2.857142857,235.000,48.000
color_1,1.295661201,2.857142857,236.000,48.000
color_1,1.296930386,2.857142857,237.000,48.000
color_1,1.298199571,2.857142857,238.000,48.000
color_1,1.299468756,2.857142857,239.000,48.000
color_1,1.300737941,2.857142857,240.000,48.000
color_1,1.302007126,2.857142857,241.000,48.000
color_1,1.303276311,2.857142857,242.000,48.000
color_1,1.304545496,2.857142857,243.000,48.000
color_1,1.305814681,2.857142857,244.000,48.000
color_1,1.307083867,2.857142857,245.000,48.000
color_1,1.308353052,2.857142857,246.000,48.000
color_1,1.309622237,2.857142857,247.000,48.000
color_1,1.310891422,2.857142857,248.000,48.000
color_1,1.312160607,2.857142857,249.000,48.000
color_1,1.313429792,2.857142857,250.000,48.000
color_1,1.314698977,2.857142857,251.000,48.000
color_1,1.315968162,2.857142857,252.000,48.000
color_1,1.317237347,2.857142857,253.000,48.000
color_1,1.318506532,2.857142857,254.000,48.000
color_1,1.319775717,2.857142857,255.000,48.000
color_1,1.321044903,2.857142857,256.000,48.000
color_1,1.322314088,2.857142857,257.000,48.000
color_1,1.323583273,2.857142857,258.000,48.000
color_1,1.324852458,2.857142857,259.000,48.000
color_1,1.326121643,2.857142857,260.000,48.000
color_1,1.327390828,2.857142857,261.000,48.000
color_1,1.328660013,2.857142857,262.000,48.000
color_1,1.329929198,2.857142857,263.000,48.000
color_1,1.331198383,2.857142857,264.000,48.000
color_1,1.332467568,2.857142857,265.000,48.000
color_1,1.333736753,2.857142857,266.000,48.000
color_1,1.335005939,2.857142857,267.000,48.000
color_1,1.336275124,2.857142857,268.000,48.000
color_1,1.337544309,2.857142857,269.000,48.000
color_1,1.338813494,2.857142857,270.000,48.000
color_1,1.340082679,2.857142857,271.000,48.000
color_1,1.341351864,2.857142857,272.000,48.000
color_1,1.342621049,2.857142857,273.000,48.000
color_1,1.343890234,2.857142857,274.000,48.000
color_1,1.345159419,2.857142857,275.000,48.000
color_1,1.346428604,2.857142857,276.000,48.000
color_1,1.347697789,2.857142857,277.000,48.000
color_1,1.348966974,2.857142857,278.000,48.000
color_1,1.35023616,2.857142857,279.000,48.000
color_1,1.351505345,2.857142857,280.000,48.000
color_1,1.35277453,2.857142857,281.000,48.000
color_1,1.354043715,2.857142857,282.000,48.000
color_1,1.3553129,2.857142857,283.000,48.000
color_1,1.356582085,2.857142857,284.000,48.000
color_1,1.35785127,2.857142857,285.000,48.000
color_1,1.359120455,2.857142857,286.000,48.000
color_1,1.36038964,2.857142857,287.000,48.000
color_1,1.361658825,2.857142857,288.000,48.000
color_1,1.36292801,2.857142857,289.000,48.000
color_1,1.364197196,2.857142857,290.000,48.000
color_1,1.365466381,2.857142857,291.000,48.000
color_1,1.366735566,2.857142857,292.000,48.000
color_1,1.368004751,2.857142857,293.000,48.000
color_1,1.369273936,2.857142857,294.000,48.000
color_1,1.370543121,2.857142857,295.000,48.000
color_1,1.371812306,2.857142857,296.000,48.000
color_1,1.373081491,2.857142857,297.000,48.000
color_1,1.374350676,2.857142857,298.000,48.000
color_1,1.375619861,2.857142857,299.000,48.000
color_1,1.376889046,2.857142857,300.000,48.000
color_1,1.378158232,2.857142857,301.000,48.000
color_1,1.379427417,2.857142857,302.000,48.000
color_1,1.380696602,2.857142857,303.000,48.000
color_1,1.381965787,2.857142857,304.000,48.000
color_1,1.383234972,2.857142857,305.000,48.000
color_1,1.384504157,2.857142857,306.000,48.000
color_1,1.385773342,2.857142857,307.000,48.000
color_1,1.387042527,2.857142857,308.000,48.000
color_1,1.388311712,2.857142857,309.000,48.000
color_1,1.389580897,2.857142857,310.000,48.000
color_1,1.390850082,2.857142857,311.000,48.000
color_1,1.392119267,2.857142857,312.000,48.000
color_1,1.393388453,2.857142857,313.000,48.000
color_1,1.394657638,2.857142857,314.000,48.000
color_1,1.395926823,2.857142857,315.000,48.000
color_1,1.397196008,2.857142857,316.000,48.000
color_1,1.398465193,2.857142857,317.000,48.000
color_1,1.399734378,2.857142857,318.000,48.000
color_1,1.401003563,2.857142857,319.000,48.000
color_1,1.402272748,2.857142857,320.000,48.000
color_1,1.403541933,2.857142857,321.000,48.000
color_1,1.404811118,2.857142857,322.000,48.000
color_1,1.406080303,2.857142857,323.000,48.000
color_1,1.407349489,2.857142857,324.000,48.000
color_1,1.408618674,2.857142857,325.000,48.000
color_1,1.409887859,2.857142857,326.000,48.000
color_1,1.411157044,2.857142857,327.000,48.000
color_1,1.412426229,2.857142857,328.000,48.000
color_1,1.413695414,2.857142857,329.000,48.000
color_1,1.414964599,2.857142857,330.000,48.000
color_1,1.416233784,2.857142857,331.000,48.000
color_1,1.417502969,2.857142857,332.000,48.000
color_1,1.418772154,2.857142857,333.000,48.000
color_1,1.420041339,2.857142857,334.000,48.000
color_1,1.421310525,2.857142857,335.000,48.000
color_1,1.42257971,2.857142857,336.000,48.000
color_1,1.423848895,2.857142857,337.000,48.000
color_1,1.42511808,2.857142857,338.000,48.000
color_1,1.426387265,2.857142857,339.000,48.000
color_1,1.42765645,2.857142857,340.000,48.000
color_1,1.428925635,2.857142857,341.000,48.000
color_1,1.43019482,2.857142857,342.000,48.000
color_1,1.431464005,2.857142857,343.000,48.000
color_1,1.43273319,2.857142857,344.000,48.000
color_1,1.434002375,2.857142857,345.000,48.000
color_1,1.43527156,2.857142857,346.000,48.000
color_1,1.436540746,2.857142857,347.000,48.000
color_1,1.437809931,2.857142857,348.000,48.000
color_1,1.439079116,2.857142857,349.000,48.000
color_1,1.440348301,2.857142857,350.000,48.000
color_1,1.441617486,2.857142857,351.000,48.000
color_1,1.442886671,2.857142857,352.000,48.000
color_1,1.444155856,2.857142857,353.000,48.000
color_1,1.445425041,2.857142857,354.000,48.000
color_1,1.446694226,2.857142857,355.000,48.000
color_1,1.447963411,2.857142857,356.000,48.000
color_1,1.449232596,2.857142857,357.000,48.000
color_1,1.450501782,2.857142857,358.000,48.000
color_1,1.451770967,2.857142857,359.000,48.000
color_1,1.453040152,2.857142857,360.000,48.000
color_1,1.454309337,2.857142857,361.000,48.000
color_1,1.455578522,2.857142857,362.000,48.000
color_1,1.456847707,2.857142857,363.000,48.000
color_1,1.458116892,2.857142857,364.000,48.000
color_1,1.459386077,2.857142857,365.000,48.000
color_1,1.460655262,2.857142857,366.000,48.000
color_1,1.461924447,2.857142857,367.000,48.000
color_1,1.463193632,2.857142857,368.000,48.000
color_1,1.464462818,2.857142857,369.000,48.000
color_1,1.465732003,2.857142857,370.000,48.000
color_1,1.467001188,2.857142857,371.000,48.000
color_1,1.468270373,2.857142857,372.000,48.000
color_1,1.469539558,2.857142857,373.000,48.000
color_1,1.470808743,2.857142857,374.000,48.000
color_1,1.472077928,2.857142857,375.000,48.000
color_1,1.473347113,2.857142857,376.000,48.000
color_1,1.474616298,2.857142857,377.000,48.000
color_1,1.475885483,2.857142857,378.000,48.000
color_1,1.477154668,2.857142857,379.000,48.000
color_1,1.478423853,2.857142857,380.000,48.000
color_1,1.479693039,2.857142857,381.000,48.000
color_1,1.480962224,2.857142857,382.000,48.000
color_1,1.482231409,2.857142857,383.000,48.000
color_1,1.483500594,2.857142857,384.000,48.000
color_1,1.484769779,2.857142857,385.000,48.000
color_1,1.486038964,2.857142857,386.000,48.000
color_1,1.487308149,2.857142857,387.000,48.000
color_1,1.488577334,2.857142857,388.000,48.000
color_1,1.489846519,2.857142857,389.000,48.000
color_1,1.491115704,2.857142857,390.000,48.000
color_1,1.492384889,2.857142857,391.000,48.000
color_1,1.493654075,2.857142857,392.000,48.000
color_1,1.49492326,2.857142857,393.000,48.000
color_1,1.496192445,2.857142857,394.000,48.000
color_1,1.49746163,2.857142857,395.000,48.000
color_1,1.498730815,2.857142857,396.000,48.000
color_1,1.5,2.857142857,397.000,48.000
color_1,1.501269185,2.857142857,398.000,48.000
color_1,1.50253837,2.857142857,399.000,48.000
color_1,1.503807555,2.857142857,400.000,48.000
color_1,1.50507674,2.857142857,401.000,48.000
color_1,1.506345925,2.857142857,402.000,48.000
color_1,1.507615111,2.857142857,403.000,48.000
color_1,1.508884296,2.857142857,404.000,48.000
color_1,1.510153481,2.857142857,405.000,48.000
color_1,1.511422666,2.857142857,406.000,48.000
color_1,1.512691851,2.857142857,407.000,48.000
color_1,1.513961036,2.857142857,408.000,48.000
color_1,1.515230221,2.857142857,409.000,48.000
color_1,1.516499406,2.857142857,410.000,48.000
color_1,1.517768591,2.857142857,411.000,48.000
color_1,1.519037776,2.857142857,412.000,48.000
color_1,1.520306961,2.857142857,413.000,48.000
color_1,1.521576147,2.857142857,414.000,48.000
color_1,1.522845332,2.857142857,415.000,48.000
color_1,1.524114517,2.857142857,416.000,48.000
color_1,1.525383702,2.857142857,417.000,48.000
color_1,1.526652887,2.857142857,418.000,48.000
color_1,1.527922072,2.857142857,419.000,48.000
color_1,1.529191257,2.857142857,420.000,48.000
color_1,1.530460442,2.857142857,421.000,48.000
color_1,1.531729627,2.857142857,422.000,48.000
color_1,1.532998812,2.857142857,423.000,48.000
color_1,1.534267997,2.857142857,424.000,48.000
color_1,1.535537182,2.857142857,425.000,48.000
color_1,1.536806368,2.857142857,426.000,48.000
color_1,1.538075553,2.857142857,427.000,48.000
color_1,1.539344738,2.857142857,428.000,48.000
color_1,1.540613923,2.857142857,429.000,48.000
color_1,1.541883108,2.857142857,430.000,48.000
color_1,1.543152293,2.857142857,431.000,48.000
color_1,1.544421478,2.857142857,432.000,48.000
color_1,1.545690663,2.857142857,433.000,48.000
color_1,1.546959848,2.857142857,434.000,48.000
color_1,1.548229033,2.857142857,435.000,48.000
color_1,1.549498218,2.857142857,436.000,48.000
color_1,1.550767404,2.857142857,437.000,48.000
color_1,1.552036589,2.857142857,438.000,48.000
color_1,1.553305774,2.857142857,439.000,48.000
color_1,1.554574959,2.857142857,440.000,48.000
color_1,1.555844144,2.857142857,441.000,48.000
color_1,1.557113329,2.857142857,442.000,48.000
color_1,1.558382514,2.857142857,443.000,48.000
color_1,1.559651699,2.857142857,444.000,48.000
color_1,1.560920884,2.857142857,445.000,48.000
color_1,1.562190069,2.857142857,446.000,48.000
color_1,1.563459254,2.857142857,447.000,48.000
color_1,1.56472844,2.857142857,448.000,48.000
color_1,1.565997625,2.857142857,449.000,48.000
color_1,1.56726681,2.857142857,450.000,48.000
color_1,1.568535995,2.857142857,451.000,48.000
color_1,1.56980518,2.857142857,452.000,48.000
color_1,1.571074365,2.857142857,453.000,48.000
color_1,1.57234355,2.857142857,454.000,48.000
color_1,1.573612735,2.857142857,455.000,48.000
color_1,1.57488192,2.857142857,456.000,48.000
color_1,1.576151105,2.857142857,457.000,48.000
color_1,1.57742029,2.857142857,458.000,48.000
color_1,1.578689475,2.857142857,459.000,48.000
color_1,1.579958661,2.857142857,460.000,48.000
color_1,1.581227846,2.857142857,461.000,48.000
color_1,1.582497031,2.857142857,462.000,48.000
color_1,1.583766216,2.857142857,463.000,48.000
color_1,1.585035401,2.857142857,464.000,48.000
color_1,1.586304586,2.857142857,465.000,48.000
color_1,1.587573771,2.857142857,466.000,48.000
color_1,1.588842956,2.857142857,467.000,48.000
color_1,1.590112141,2.857142857,468.000,48.000
color_1,1.591381326,2.857142857,469.000,48.000
color_1,1.592650511,2.857142857,470.000,48.000
color_1,1.593919697,2.857142857,471.000,48.000
color_1,1.595188882,2.857142857,472.000,48.000
color_1,1.596458067,2.857142857,473.000,48.000
color_1,1.597727252,2.857142857,474.000,48.000
color_1,1.598996437,2.857142857,475.000,48.000
color_1,1.600265622,2.857142857,476.000,48.000
color_1,1.601534807,2.857142857,477.000,48.000
color_1,1.602803992,2.857142857,478.000,48.000
color_1,1.604073177,2.857142857,479.000,48.000
color_1,1.605342362,2.857142857,480.000,48.000
color_1,1.606611547,2.857142857,481.000,48.000
color_1,1.607880733,2.857142857,482.000,48.000
color_1,1.609149918,2.857142857,483.000,48.000
color_1,1.610419103,2.857142857,484.000,48.000
color_1,1.611688288,2.857142857,485.000,48.000
color_1,1.612957473,2.857142857,486.000,48.000
color_1,1.614226658,2.857142857,487.000,48.000
color_1,1.615495843,2.857142857,488.000,48.000
color_1,1.616765028,2.857142857,489.000,48.000
color_1,1.618034213,2.857142857,490.000,48.000
color_1,1.619303398,2.857142857,491.000,48.000
color_1,1.620572583,2.857142857,492.000,48.000
color_1,1.621841768,2.857142857,493.000,48.000
color_1,1.623110954,2.857142857,494.000,48.000
color_1,1.624380139,2.857142857,495.000,48.000
color_1,1.625649324,2.857142857,496.000,48.000
color_1,1.626918509,2.857142857,497.000,48.000
color_1,1.628187694,2.857142857,498.000,48.000
color_1,1.629456879,2.857142857,499.000,48.000
color_1,1.630726064,2.857142857,500.000,48.000
color_1,1.631995249,2.857142857,501.000,48.000
color_1,1.633264434,2.857142857,502.000,48.000
color_1,1.634533619,2.857142857,503.000,48.000
color_1,1.635802804,2.857142857,504.000,48.000
color_1,1.63707199,2.857142857,505.000,48.000
color_1,1.638341175,2.857142857,506.000,48.000
color_1,1.63961036,2.857142857,507.000,48.000
color_1,1.640879545,2.857142857,508.000,48.000
color_1,1.64214873,2.857142857,509.000,48.000
color_1,1.643417915,2.857142857,510.000,48.000
color_1,1.6446871,2.857142857,511.000,48.000
color_1,1.645956285,2.857142857,512.000,48.000
color_1,1.64722547,2.857142857,513.000,48.000
color_1,1.648494655,2.857142857,514.000,48.000
color_1,1.64976384,2.857142857,515.000,48.000
color_1,1.651033026,2.857142857,516.000,48.000
color_1,1.652302211,2.857142857,517.000,48.000
color_1,1.653571396,2.857142857,518.000,48.000
color_1,1.654840581,2.857142857,519.000,48.000
color_1,1.656109766,2.857142857,520.000,48.000
color_1,1.657378951,2.857142857,521.000,48.000
color_1,1.658648136,2.857142857,522.000,48.000
color_1,1.659917321,2.857142857,523.000,48.000
color_1,1.661186506,2.857142857,524.000,48.000
color_1,1.662455691,2.857142857,525.000,48.000
color_1,1.663724876,2.857142857,526.000,48.000
color_1,1.664994061,2.857142857,527.000,48.000
color_1,1.666263247,2.857142857,528.000,48.000
color_1,1.667532432,2.857142857,529.000,48.000
color_1,1.668801617,2.857142857,530.000,48.000
color_1,1.670070802,2.857142857,531.000,48.000
color_1,1.671339987,2.857142857,532.000,48.000
color_1,1.672609172,2.571428571,533.000,48.500
color_1,1.673878357,2.571428571,534.000,48.500
color_1,1.675147542,2.571428571,535.000,48.500
color_1,1.676416727,2.571428571,536.000,48.500
color_1,1.677685912,2.571428571,537.000,48.500
color_1,1.678955097,2.571428571,538.000,48.500
color_1,1.680224283,2.571428571,539.000,48.500
color_1,1.681493468,2.571428571,540.000,48.500
color_1,1.682762653,2.571428571,541.000,48.500
color_1,1.684031838,2.571428571,542.000,48.500
color_1,1.685301023,2.571428571,543.000,48.500
color_1,1.686570208,2.571428571,544.000,48.500
color_1,1.687839393,2.571428571,545.000,48.500
color_1,1.689108578,2.571428571,546.000,48.500
color_1,1.690377763,2.571428571,547.000,48.500
color_1,1.691646948,2.571428571,548.000,48.500
color_1,1.692916133,2.571428571,549.000,48.500
color_1,1.694185319,2.571428571,550.000,48.500
color_1,1.695454504,2.571428571,551.000,48.500
color_1,1.696723689,2.571428571,552.000,48.500
color_1,1.697992874,2.571428571,553.000,48.500
color_1,1.699262059,2.571428571,554.000,48.500
color_1,1.700531244,2.571428571,555.000,48.500
color_1,1.701800429,2.571428571,556.000,48.500
color_1,1.703069614,2.571428571,557.000,48.500
color_1,1.704338799,2.571428571,558.000,48.500
color_1,1.705607984,2.571428571,559.000,48.500
color_1,1.706877169,2.571428571,560.000,48.500
color_1,1.708146354,2.571428571,561.000,48.500
color_1,1.70941554,2.571428571,562.000,48.500
color_1,1.710684725,2.571428571,563.000,48.500
color_1,1.71195391,2.571428571,564.000,48.500
color_1,1.713223095,2.571428571,565.000,48.500
color_1,1.71449228,2.571428571,566.000,48.500
color_1,1.715761465,2.571428571,567.000,48.500
color_1,1.71703065,2.571428571,568.000,48.500
color_1,1.718299835,2.571428571,569.000,48.500
color_1,1.71956902,2.571428571,570.000,48.500
color_1,1.720838205,2.571428571,571.000,48.500
color_1,1.72210739,2.571428571,572.000,48.500
color_1,1.723376576,2.571428571,573.000,48.500
color_1,1.724645761,2.571428571,574.000,48.500
color_1,1.725914946,2.571428571,575.000,48.500
color_1,1.727184131,2.571428571,576.000,48.500
color_1,1.728453316,2.571428571,577.000,48.500
color_1,1.729722501,2.571428571,578.000,48.500
color_1,1.730991686,2.571428571,579.000,48.500
color_1,1.732260871,2.571428571,580.000,48.500
color_1,1.733530056,2.571428571,581.000,48.500
color_1,1.734799241,2.571428571,582.000,48.500
color_1,1.736068426,2.571428571,583.000,48.500
color_1,1.737337612,2.571428571,584.000,48.500
color_1,1.738606797,2.571428571,585.000,48.500
color_1,1.739875982,2.571428571,586.000,48.500
color_1,1.741145167,2.571428571,587.000,48.500
color_1,1.742414352,2.571428571,588.000,48.500
color_1,1.743683537,2.571428571,589.000,48.500
color_1,1.744952722,2.571428571,590.000,48.500
color_1,1.746221907,2.571428571,591.000,48.500
color_1,1.747491092,2.571428571,592.000,48.500
color_1,1.748760277,2.571428571,593.000,48.500
color_1,1.750029462,2.571428571,594.000,48.500
color_1,1.751298647,2.571428571,595.000,48.500
color_1,1.752567833,2.571428571,596.000,48.500
color_1,1.753837018,2.571428571,597.000,48.500
color_1,1.755106203,2.571428571,598.000,48.500
color_1,1.756375388,2.571428571,599.000,48.500
color_1,1.757644573,2.571428571,600.000,48.500
color_1,1.758913758,2.571428571,601.000,48.500
color_1,1.760182943,2.571428571,602.000,48.500
color_1,1.761452128,2.571428571,603.000,48.500
color_1,1.762721313,2.571428571,604.000,48.500
color_1,1.763990498,2.571428571,605.000,48.500
color_1,1.765259683,2.571428571,606.000,48.500
color_1,1.766528869,2.571428571,607.000,48.500
color_1,1.767798054,2.571428571,608.000,48.500
color_1,1.769067239,2.571428571,609.000,48.500
color_1,1.770336424,2.571428571,610.000,48.500
color_1,1.771605609,2.571428571,611.000,48.500
color_1,1.772874794,2.571428571,612.000,48.500
color_1,1.774143979,2.571428571,613.000,48.500
color_1,1.775413164,2.571428571,614.000,48.500
color_1,1.776682349,2.571428571,615.000,48.500
color_1,1.777951534,2.571428571,616.000,48.500
color_1,1.779220719,2.571428571,617.000,48.500
color_1,1.780489905,2.571428571,618.000,48.500
color_1,1.78175909,2.571428571,619.000,48.500
color_1,1.783028275,2.571428571,620.000,48.500
color_1,1.78429746,2.571428571,621.000,48.500
color_1,1.785566645,2.571428571,622.000,48.500
color_1,1.78683583,2.571428571,623.000,48.500
color_1,1.788105015,2.571428571,624.000,48.500
color_1,1.7893742,2.571428571,625.000,48.500
color_1,1.790643385,2.571428571,626.000,48.500
color_1,1.79191257,2.571428571,627.000,48.500
color_1,1.793181755,2.571428571,628.000,48.500
color_1,1.79445094,2.571428571,629.000,48.500
color_1,1.795720126,2.571428571,630.000,48.500
color_1,1.796989311,2.571428571,631.000,48.500
color_1,1.798258496,2.571428571,632.000,48.500
color_1,1.799527681,2.571428571,633.000,48.500
color_1,1.800796866,2.571428571,634.000,48.500
color_1,1.802066051,2.571428571,635.000,48.500
color_1,1.803335236,2.571428571,636.000,48.500
color_1,1.804604421,2.571428571,637.000,48.500
color_1,1.805873606,2.571428571,638.000,48.500
color_1,1.807142791,2.571428571,639.000,48.500
color_1,1.808411976,2.571428571,640.000,48.500
color_1,1.809681162,2.571428571,641.000,48.500
color_1,1.810950347,2.571428571,642.000,48.500
color_1,1.812219532,2.571428571,643.000,48.500
color_1,1.813488717,2.571428571,644.000,48.500
color_1,1.814757902,2.571428571,645.000,48.500
color_1,1.816027087,2.571428571,646.000,48.500
color_1,1.817296272,2.571428571,647.000,48.500
color_1,1.818565457,2.571428571,648.000,48.500
color_1,1.819834642,2.571428571,649.000,48.500
color_1,1.821103827,2.571428571,650.000,48.500
color_1,1.822373012,2.571428571,651.000,48.500
color_1,1.823642198,2.571428571,652.000,48.500
color_1,1.824911383,2.571428571,653.000,48.500
color_1,1.826180568,2.571428571,654.000,48.500
color_1,1.827449753,2.571428571,655.000,48.500
color_1,1.828718938,2.571428571,656.000,48.500
color_1,1.829988123,2.571428571,657.000,48.500
color_1,1.831257308,2.571428571,658.000,48.500
color_1,1.832526493,2.571428571,659.000,48.500
color_1,1.833795678,2.571428571,660.000,48.500
color_1,1.835064863,2.571428571,661.000,48.500
color_1,1.836334048,2.571428571,662.000,48.500
color_1,1.837603233,2.571428571,663.000,48.500
color_1,1.838872419,2.571428571,664.000,48.500
color_1,1.840141604,2.571428571,665.000,48.500
color_1,1.841410789,2.571428571,666.000,48.500
color_1,1.842679974,2.571428571,667.000,48.500
color_1,1.843949159,2.571428571,668.000,48.500
color_1,1.845218344,2.571428571,669.000,48.500
color_1,1.846487529,2.571428571,670.000,48.500
color_1,1.847756714,2.571428571,671.000,48.500
color_1,1.849025899,2.571428571,672.000,48.500
color_1,1.850295084,2.571428571,673.000,48.500
color_1,1.851564269,2.571428571,674.000,48.500
color_1,1.852833455,2.571428571,675.000,48.500
color_1,1.85410264,2.571428571,676.000,48.500
color_1,1.855371825,2.571428571,677.000,48.500
color_1,1.85664101,2.571428571,678.000,48.500
color_1,1.857910195,2.571428571,679.000,48.500
color_1,1.85917938,2.571428571,680.000,48.500
color_1,1.860448565,2.571428571,681.000,48.500
color_1,1.86171775,2.571428571,682.000,48.500
color_1,1.862986935,2.571428571,683.000,48.500
color_1,1.86425612,2.571428571,684.000,48.500
color_1,1.865525305,2.571428571,685.000,48.500
color_1,1.866794491,2.571428571,686.000,48.500
color_1,1.868063676,2.571428571,687.000,48.500
color_1,1.869332861,2.571428571,688.000,48.500
color_1,1.870602046,2.571428571,689.000,48.500
color_1,1.871871231,2.571428571,690.000,48.500
color_1,1.873140416,2.571428571,691.000,48.500
color_1,1.874409601,2.571428571,692.000,48.500
color_1,1.875678786,2.571428571,693.000,48.500
color_1,1.876947971,2.571428571,694.000,48.500
color_1,1.878217156,2.571428571,695.000,48.500
color_1,1.879486341,2.571428571,696.000,48.500
color_1,1.880755527,2.571428571,697.000,48.500
color_1,1.882024712,2.571428571,698.000,48.500
color_1,1.883293897,2.857142857,699.000,48.000
color_1,1.884563082,2.857142857,700.000,48.000
color_1,1.885832267,2.857142857,701.000,48.000
color_1,1.887101452,2.857142857,702.000,48.000
color_1,1.888370637,2.857142857,703.000,48.000
color_1,1.889639822,2.857142857,704.000,48.000
color_1,1.890909007,2.857142857,705.000,48.000
color_1,1.892178192,2.857142857,706.000,48.000
color_1,1.893447377,2.857142857,707.000,48.000
color_1,1.894716562,2.857142857,708.000,48.000
color_1,1.895985748,2.857142857,709.000,48.000
color_1,1.897254933,2.857142857,710.000,48.000
color_1,1.898524118,2.857142857,711.000,48.000
color_1,1.899793303,2.857142857,712.000,48.000
color_1,1.901062488,2.857142857,713.000,48.000
color_1,1.902331673,2.857142857,714.000,48.000
color_1,1.903600858,2.857142857,715.000,48.000
color_1,1.904870043,2.857142857,716.000,48.000
color_1,1.906139228,2.857142857,717.000,48.000
color_1,1.907408413,2.857142857,718.000,48.000
color_1,1.908677598,2.857142857,719.000,48.000
color_1,1.909946784,2.857142857,720.000,48.000
color_1,1.911215969,2.857142857,721.000,48.000
color_1,1.912485154,2.857142857,722.000,48.000
color_1,1.913754339,2.857142857,723.000,48.000
color_1,1.915023524,2.857142857,724.000,48.000
color_1,1.916292709,2.857142857,725.000,48.000
color_1,1.917561894,2.857142857,726.000,48.000
color_1,1.918831079,2.857142857,727.000,48.000
color_1,1.920100264,2.857142857,728.000,48.000
color_1,1.921369449,2.857142857,729.000,48.000
color_1,1.922638634,2.857142857,730.000,48.000
color_1,1.92390782,2.857142857,731.000,48.000
color_1,1.925177005,2.857142857,732.000,48.000
color_1,1.92644619,2.857142857,733.000,48.000
color_1,1.927715375,2.857142857,734.000,48.000
color_1,1.92898456,2.857142857,735.000,48.000
color_1,1.930253745,2.857142857,736.000,48.000
color_1,1.93152293,2.857142857,737.000,48.000
color_1,1.932792115,2.857142857,738.000,48.000
color_1,1.9340613,2.857142857,739.000,48.000
color_1,1.935330485,2.857142857,740.000,48.000
color_1,1.93659967,2.857142857,741.000,48.000
color_1,1.937868855,2.857142857,742.000,48.000
color_1,1.939138041,2.857142857,743.000,48.000
color_1,1.940407226,2.857142857,744.000,48.000
color_1,1.941676411,2.857142857,745.000,48.000
color_1,1.942945596,2.857142857,746.000,48.000
color_1,1.944214781,2.857142857,747.000,48.000
color_1,1.945483966,2.857142857,748.000,48.000
color_1,1.946753151,2.857142857,749.000,48.000
color_1,1.948022336,2.857142857,750.000,48.000
color_1,1.949291521,2.857142857,751.000,48.000
color_1,1.950560706,2.857142857,752.000,48.000
color_1,1.951829891,2.857142857,753.000,48.000
color_1,1.953099077,2.857142857,754.000,48.000
color_1,1.954368262,2.857142857,755.000,48.000
color_1,1.955637447,2.857142857,756.000,48.000
color_1,1.956906632,2.857142857,757.000,48.000
color_1,1.958175817,2.857142857,758.000,48.000
color_1,1.959445002,2.857142857,759.000,48.000
color_1,1.960714187,2.857142857,760.000,48.000
color_1,1.961983372,2.857142857,761.000,48.000
color_1,1.963252557,2.857142857,762.000,48.000
color_1,1.964521742,2.857142857,763.000,48.000
color_1,1.965790927,2.857142857,764.000,48.000
color_1,1.967060113,2.857142857,765.000,48.000
color_1,1.968329298,2.857142857,766.000,48.000
color_1,1.969598483,2.857142857,767.000,48.000
color_1,1.970867668,2.857142857,768.000,48.000
color_1,1.972136853,2.857142857,769.000,48.000
color_1,1.973406038,2.857142857,770.000,48.000
color_1,1.974675223,2.857142857,771.000,48.000
color_1,1.975944408,2.857142857,772.000,48.000
color_1,1.977213593,2.857142857,773.000,48.000
color_1,1.978482778,2.857142857,774.000,48.000
color_1,1.979751963,2.857142857,775.000,48.000
color_1,1.981021148,2.857142857,776.000,48.000
color_1,1.982290334,2.857142857,777.000,48.000
color_1,1.983559519,2.857142857,778.000,48.000
color_1,1.984828704,2.857142857,779.000,48.000
color_1,1.986097889,2.857142857,780.000,48.000
color_1,1.987367074,2.857142857,781.000,48.000
color_1,1.988636259,2.857142857,782.000,48.000
color_1,1.989905444,2.857142857,783.000,48.000
color_1,1.991174629,2.857142857,784.000,48.000
color_1,1.992443814,2.857142857,785.000,48.000
color_1,1.993712999,2.857142857,786.000,48.000
color_1,1.994982184,2.857142857,787.000,48.000
color_1,1.99625137,2.857142857,788.000,48.000
color_1,1.997520555,2.857142857,789.000,48.000
color_1,1.99878974,2.857142857,790.000,48.000
color_1,2.000058925,-123.1428571,791.000,268.500
color_3,1.305814681,-205.7142857,244.000,413.000
color_3,1.307083867,-205.7142857,245.000,413.000
color_3,1.308353052,-205.7142857,246.000,413.000
color_3,1.309622237,-205.7142857,247.000,413.000
color_3,1.310891422,-205.7142857,248.000,413.000
color_3,1.312160607,-205.7142857,249.000,413.000
color_3,1.313429792,-205.7142857,250.000,413.000
color_3,1.314698977,-213.4285714,251.000,426.500
color_3,1.315968162,-213.4285714,252.000,426.500
color_3,1.317237347,-213.4285714,253.000,426.500
color_3,1.318506532,-213.4285714,254.000,426.500
color_3,1.319775717,-213.4285714,255.000,426.500
color_3,1.321044903,-213.4285714,256.000,426.500
color_3,1.322314088,-214.8571429,257.000,429.000
color_3,1.323583273,-214.8571429,258.000,429.000
color_3,1.324852458,-214.8571429,259.000,429.000
color_3,1.326121643,-210.5714286,260.000,421.500
color_3,1.327390828,-211.4285714,261.000,423.000
color_3,1.328660013,-211.4285714,262.000,423.000
color_3,1.329929198,-212.5714286,263.000,425.000
color_3,1.331198383,-213.4285714,264.000,426.500
color_3,1.332467568,-213.4285714,265.000,426.500
color_3,1.333736753,-213.4285714,266.000,426.500
color_3,1.335005939,-213.4285714,267.000,426.500
color_3,1.336275124,-213.4285714,268.000,426.500
color_3,1.337544309,-213.4285714,269.000,426.500
color_3,1.338813494,-212.5714286,270.000,425.000
color_3,1.340082679,-205.7142857,271.000,413.000
color_3,1.341351864,-205.7142857,272.000,413.000
color_3,1.342621049,-205.7142857,273.000,413.000
color_3,1.343890234,-205.7142857,274.000,413.000
color_3,1.345159419,-205.7142857,275.000,413.000
color_3,1.346428604,-205.7142857,276.000,413.000
color_3,1.347697789,-205.7142857,277.000,413.000
color_3,1.348966974,-205.7142857,278.000,413.000
color_3,1.35023616,-205.7142857,279.000,413.000
color_3,1.351505345,-205.7142857,280.000,413.000
color_3,1.35277453,-205.7142857,281.000,413.000
color_3,1.354043715,-205.7142857,282.000,413.000
color_3,1.3553129,-205.7142857,283.000,413.000
color_3,1.356582085,-205.7142857,284.000,413.000
color_3,1.35785127,-205.7142857,285.000,413.000
color_3,1.359120455,-205.7142857,286.000,413.000
color_3,1.36038964,-205.7142857,287.000,413.000
color_3,1.361658825,-205.7142857,288.000,413.000
color_3,1.36292801,-205.7142857,289.000,413.000
color_3,1.364197196,-205.7142857,290.000,413.000
color_3,1.365466381,-205.7142857,291.000,413.000
color_3,1.366735566,-205.7142857,292.000,413.000
color_3,1.368004751,-205.7142857,293.000,413.000
color_3,1.369273936,-205.7142857,294.000,413.000
color_3,1.370543121,-205.7142857,295.000,413.000
color_3,1.371812306,-205.7142857,296.000,413.000
color_3,1.373081491,-205.7142857,297.000,413.000
color_3,1.374350676,-205.7142857,298.000,413.000
color_3,1.375619861,-206.5714286,299.000,414.500
color_3,1.376889046,-206.8571429,300.000,415.000
color_3,1.378158232,-206.8571429,301.000,415.000
color_3,1.379427417,-206.5714286,302.000,414.500
color_3,1.380696602,-205.7142857,303.000,413.000
color_3,1.381965787,-205.7142857,304.000,413.000
color_3,1.383234972,-205.7142857,305.000,413.000
color_3,1.384504157,-205.7142857,306.000,413.000
color_3,1.385773342,-205.7142857,307.000,413.000
color_3,1.387042527,-205.7142857,308.000,413.000
color_3,1.388311712,-205.7142857,309.000,413.000
color_3,1.389580897,-205.7142857,310.000,413.000
color_3,1.390850082,-205.7142857,311.000,413.000
color_3,1.392119267,-205.7142857,312.000,413.000
color_3,1.393388453,-205.7142857,313.000,413.000
color_3,1.394657638,-205.7142857,314.000,413.000
color_3,1.395926823,-205.7142857,315.000,413.000
color_3,1.397196008,-205.7142857,316.000,413.000
color_3,1.398465193,-205.7142857,317.000,413.000
color_3,1.399734378,-205.7142857,318.000,413.000
color_3,1.401003563,-205.7142857,319.000,413.000
color_3,1.402272748,-205.7142857,320.000,413.000
color_3,1.403541933,-205.7142857,321.000,413.000
color_3,1.404811118,-205.7142857,322.000,413.000
color_3,1.406080303,-205.7142857,323.000,413.000
color_3,1.407349489,-205.7142857,324.000,413.000
color_3,1.408618674,-205.7142857,325.000,413.000
color_3,1.409887859,-205.7142857,326.000,413.000
color_3,1.411157044,-205.7142857,327.000,413.000
color_3,1.412426229,-205.7142857,328.000,413.000
color_3,1.413695414,-205.7142857,329.000,413.000
color_3,1.414964599,-205.7142857,330.000,413.000
color_3,1.416233784,-205.7142857,331.000,413.000
color_3,1.417502969,-205.7142857,332.000,413.000
color_3,1.418772154,-205.7142857,333.000,413.000
color_3,1.420041339,-205.7142857,334.000,413.000
color_3,1.421310525,-205.7142857,335.000,413.000
color_3,1.42257971,-205.7142857,336.000,413.000
color_3,1.423848895,-205.7142857,337.000,413.000
color_3,1.42511808,-206.5714286,338.000,414.500
color_3,1.426387265,-208.2857143,339.000,417.500
color_3,1.42765645,-208.2857143,340.000,417.500
color_3,1.428925635,-208.2857143,341.000,417.500
color_3,1.43019482,-206.5714286,342.000,414.500
color_3,1.431464005,-205.7142857,343.000,413.000
color_3,1.43273319,-205.7142857,344.000,413.000
color_3,1.434002375,-205.7142857,345.000,413.000
color_3,1.43527156,-205.7142857,346.000,413.000
color_3,1.436540746,-205.7142857,347.000,413.000
color_3,1.437809931,-205.7142857,348.000,413.000
color_3,1.439079116,-205.7142857,349.000,413.000
color_3,1.440348301,-205.7142857,350.000,413.000
color_3,1.441617486,-205.7142857,351.000,413.000
color_3,1.442886671,-205.7142857,352.000,413.000
color_3,1.444155856,-205.7142857,353.000,413.000
color_3,1.445425041,-205.7142857,354.000,413.000
color_3,1.446694226,-205.7142857,355.000,413.000
color_3,1.447963411,-205.7142857,356.000,413.000
color_3,1.449232596,-205.7142857,357.000,413.000
color_3,1.450501782,-205.7142857,358.000,413.000
color_3,1.451770967,-205.7142857,359.000,413.000
color_3,1.453040152,-205.7142857,360.000,413.000
color_3,1.454309337,-205.7142857,361.000,413.000
color_3,1.455578522,-205.7142857,362.000,413.000
color_3,1.456847707,-205.7142857,363.000,413.000
color_3,1.458116892,-205.7142857,364.000,413.000
color_3,1.459386077,-205.7142857,365.000,413.000
color_3,1.460655262,-205.7142857,366.000,413.000
color_3,1.461924447,-205.7142857,367.000,413.000
color_3,1.463193632,-205.7142857,368.000,413.000
color_3,1.464462818,-205.7142857,369.000,413.000
color_3,1.465732003,-205.7142857,370.000,413.000
color_3,1.467001188,-205.7142857,371.000,413.000
color_3,1.468270373,-205.7142857,372.000,413.000
color_3,1.469539558,-205.7142857,373.000,413.000
color_3,1.470808743,-205.7142857,374.000,413.000
color_3,1.472077928,-205.7142857,375.000,413.000
color_3,1.473347113,-205.7142857,376.000,413.000
color_3,1.474616298,-205.7142857,377.000,413.000
color_3,1.475885483,-206.5714286,378.000,414.500
color_3,1.477154668,-206.8571429,379.000,415.000
color_3,1.478423853,-206.8571429,380.000,415.000
color_3,1.479693039,-206.5714286,381.000,414.500
color_3,1.480962224,-205.7142857,382.000,413.000
color_3,1.482231409,-205.7142857,383.000,413.000
color_3,1.483500594,-205.7142857,384.000,413.000
color_3,1.484769779,-205.7142857,385.000,413.000
color_3,1.486038964,-205.7142857,386.000,413.000
color_3,1.487308149,-205.7142857,387.000,413.000
color_3,1.488577334,-205.7142857,388.000,413.000
color_3,1.489846519,-205.7142857,389.000,413.000
color_3,1.491115704,-205.7142857,390.000,413.000
color_3,1.492384889,-205.7142857,391.000,413.000
color_3,1.493654075,-205.7142857,392.000,413.000
color_3,1.49492326,-205.7142857,393.000,413.000
color_3,1.496192445,-205.7142857,394.000,413.000
color_3,1.49746163,-205.7142857,395.000,413.000
color_3,1.498730815,-205.7142857,396.000,413.000
color_3,1.5,-205.7142857,397.000,413.000
color_3,1.501269185,-205.7142857,398.000,413.000
color_3,1.50253837,-205.7142857,399.000,413.000
color_3,1.503807555,-205.7142857,400.000,413.000
color_3,1.50507674,-205.7142857,401.000,413.000
color_3,1.506345925,-205.7142857,402.000,413.000
color_3,1.507615111,-205.7142857,403.000,413.000
color_3,1.508884296,-205.7142857,404.000,413.000
color_3,1.510153481,-205.7142857,405.000,413.000
color_3,1.511422666,-205.7142857,406.000,413.000
color_3,1.512691851,-205.7142857,407.000,413.000
color_3,1.513961036,-205.7142857,408.000,413.000
color_3,1.515230221,-205.7142857,409.000,413.000
color_3,1.516499406,-205.7142857,410.000,413.000
color_3,1.517768591,-205.7142857,411.000,413.000
color_3,1.519037776,-205.7142857,412.000,413.000
color_3,1.520306961,-205.7142857,413.000,413.000
color_3,1.521576147,-205.7142857,414.000,413.000
color_3,1.522845332,-205.7142857,415.000,413.000
color_3,1.524114517,-205.7142857,416.000,413.000
color_3,1.525383702,-206.5714286,417.000,414.500
color_3,1.526652887,-208.2857143,418.000,417.500
color_3,1.527922072,-208.2857143,419.000,417.500
color_3,1.529191257,-208.2857143,420.000,417.500
color_3,1.530460442,-206.5714286,421.000,414.500
color_3,1.531729627,-205.7142857,422.000,413.000
color_3,1.532998812,-205.7142857,423.000,413.000
color_3,1.534267997,-205.7142857,424.000,413.000
color_3,1.535537182,-205.7142857,425.000,413.000
color_3,1.536806368,-205.7142857,426.000,413.000
color_3,1.538075553,-205.7142857,427.000,413.000
color_3,1.539344738,-205.7142857,428.000,413.000
color_3,1.540613923,-205.7142857,429.000,413.000
color_3,1.541883108,-205.7142857,430.000,413.000
color_3,1.543152293,-205.7142857,431.000,413.000
color_3,1.544421478,-205.7142857,432.000,413.000
color_3,1.545690663,-205.7142857,433.000,413.000
color_3,1.546959848,-205.7142857,434.000,413.000
color_3,1.548229033,-205.7142857,435.000,413.000
color_3,1.549498218,-205.7142857,436.000,413.000
color_3,1.550767404,-205.7142857,437.000,413.000
color_3,1.552036589,-205.7142857,438.000,413.000
color_3,1.553305774,-205.7142857,439.000,413.000
color_3,1.554574959,-205.7142857,440.000,413.000
color_3,1.555844144,-205.7142857,441.000,413.000
color_3,1.557113329,-205.7142857,442.000,413.000
color_3,1.558382514,-205.7142857,443.000,413.000
color_3,1.559651699,-205.7142857,444.000,413.000
color_3,1.560920884,-205.7142857,445.000,413.000
color_3,1.562190069,-205.7142857,446.000,413.000
color_3,1.563459254,-205.7142857,447.000,413.000
color_3,1.56472844,-205.7142857,448.000,413.000
color_3,1.565997625,-205.7142857,449.000,413.000
color_3,1.56726681,-205.7142857,450.000,413.000
color_3,1.568535995,-205.7142857,451.000,413.000
color_3,1.56980518,-205.7142857,452.000,413.000
color_3,1.571074365,-205.7142857,453.000,413.000
color_3,1.57234355,-205.7142857,454.000,413.000
color_3,1.573612735,-205.7142857,455.000,413.000
color_3,1.57488192,-205.7142857,456.000,413.000
color_3,1.576151105,-205.7142857,457.000,413.000
color_3,1.57742029,-205.7142857,458.000,413.000
color_3,1.578689475,-206.8571429,459.000,415.000
color_3,1.579958661,-206.5714286,460.000,414.500
color_3,1.581227846,-205.7142857,461.000,413.000
color_3,1.582497031,-205.7142857,462.000,413.000
color_3,1.583766216,-205.7142857,463.000,413.000
color_3,1.585035401,-205.7142857,464.000,413.000
color_3,1.586304586,-205.7142857,465.000,413.000
color_3,1.587573771,-205.7142857,466.000,413.000
color_3,1.588842956,-205.7142857,467.000,413.000
color_3,1.590112141,-205.7142857,468.000,413.000
color_3,1.591381326,-205.7142857,469.000,413.000
color_3,1.592650511,-205.7142857,470.000,413.000
color_3,1.593919697,-205.7142857,471.000,413.000
color_3,1.595188882,-205.7142857,472.000,413.000
color_3,1.596458067,-205.7142857,473.000,413.000
color_3,1.597727252,-205.7142857,474.000,413.000
color_3,1.598996437,-205.7142857,475.000,413.000
color_3,1.600265622,-205.7142857,476.000,413.000
color_3,1.601534807,-205.7142857,477.000,413.000
color_3,1.602803992,-205.7142857,478.000,413.000
color_3,1.604073177,-205.7142857,479.000,413.000
color_3,1.605342362,-205.7142857,480.000,413.000
color_3,1.606611547,-205.7142857,481.000,413.000
color_3,1.607880733,-205.7142857,482.000,413.000
color_3,1.609149918,-205.7142857,483.000,413.000
color_3,1.610419103,-205.7142857,484.000,413.000
color_3,1.611688288,-205.7142857,485.000,413.000
color_3,1.612957473,-205.7142857,486.000,413.000
color_3,1.614226658,-205.7142857,487.000,413.000
color_3,1.615495843,-205.7142857,488.000,413.000
color_3,1.616765028,-205.7142857,489.000,413.000
color_3,1.618034213,-205.7142857,490.000,413.000
color_3,1.619303398,-205.7142857,491.000,413.000
color_3,1.620572583,-205.7142857,492.000,413.000
color_3,1.621841768,-205.7142857,493.000,413.000
color_3,1.623110954,-205.7142857,494.000,413.000
color_3,1.624380139,-205.7142857,495.000,413.000
color_3,1.625649324,-206.5714286,496.000,414.500
color_3,1.626918509,-208.2857143,497.000,417.500
color_3,1.628187694,-208.2857143,498.000,417.500
color_3,1.629456879,-208.2857143,499.000,417.500
color_3,1.630726064,-206.5714286,500.000,414.500
color_3,1.631995249,-205.7142857,501.000,413.000
color_3,1.633264434,-205.7142857,502.000,413.000
color_3,1.634533619,-205.7142857,503.000,413.000
color_3,1.635802804,-205.7142857,504.000,413.000
color_3,1.63707199,-205.7142857,505.000,413.000
color_3,1.638341175,-205.7142857,506.000,413.000
color_3,1.63961036,-205.7142857,507.000,413.000
color_3,1.640879545,-205.7142857,508.000,413.000
color_3,1.64214873,-205.7142857,509.000,413.000
color_3,1.643417915,-205.7142857,510.000,413.000
color_3,1.6446871,-205.7142857,511.000,413.000
color_3,1.645956285,-205.7142857,512.000,413.000
color_3,1.64722547,-205.7142857,513.000,413.000
color_3,1.648494655,-205.7142857,514.000,413.000
color_3,1.64976384,-205.7142857,515.000,413.000
color_4,1.568535995,-241.7142857,451.000,476.000
color_4,1.56980518,-241.7142857,452.000,476.000
color_4,1.571074365,-241.7142857,453.000,476.000
color_4,1.57234355,-241.7142857,454.000,476.000
color_4,1.573612735,-241.7142857,455.000,476.000
color_4,1.57488192,-241.7142857,456.000,476.000
color_4,1.576151105,-241.7142857,457.000,476.000
color_4,1.57742029,-241.7142857,458.000,476.000
color_4,1.578689475,-241.7142857,459.000,476.000
color_4,1.579958661,-241.7142857,460.000,476.000
color_4,1.581227846,-241.7142857,461.000,476.000
color_4,1.582497031,-241.7142857,462.000,476.000
color_4,1.583766216,-241.7142857,463.000,476.000
color_4,1.585035401,-241.7142857,464.000,476.000
color_4,1.586304586,-241.7142857,465.000,476.000
color_4,1.587573771,-241.7142857,466.000,476.000
color_4,1.588842956,-241.7142857,467.000,476.000
color_4,1.590112141,-241.7142857,468.000,476.000
color_4,1.591381326,-241.7142857,469.000,476.000
color_4,1.592650511,-241.7142857,470.000,476.000
color_4,1.593919697,-241.7142857,471.000,476.000
color_4,1.595188882,-241.7142857,472.000,476.000
color_4,1.596458067,-241.7142857,473.000,476.000
color_4,1.597727252,-241.7142857,474.000,476.000
color_4,1.598996437,-241.7142857,475.000,476.000
color_4,1.600265622,-241.7142857,476.000,476.000
color_4,1.689108578,-52,546.000,144.000
color_4,1.690377763,-52,547.000,144.000
color_4,1.691646948,-52,548.000,144.000
color_4,1.692916133,-52,549.000,144.000
color_4,1.694185319,-52,550.000,144.000
color_4,1.695454504,-52,551.000,144.000
color_4,1.696723689,-52,552.000,144.000
color_4,1.697992874,-52,553.000,144.000
color_4,1.699262059,-52,554.000,144.000
color_4,1.700531244,-52,555.000,144.000
color_4,1.701800429,-52,556.000,144.000
color_4,1.703069614,-52,557.000,144.000
color_4,1.704338799,-52,558.000,144.000
color_4,1.705607984,-52,559.000,144.000
color_4,1.706877169,-52,560.000,144.000
color_4,1.708146354,-52,561.000,144.000
color_4,1.70941554,-52,562.000,144.000
color_4,1.710684725,-52,563.000,144.000
color_4,1.71195391,-52,564.000,144.000
color_4,1.713223095,-52,565.000,144.000
color_4,1.71449228,-52,566.000,144.000
color_4,1.715761465,-52,567.000,144.000
color_4,1.71703065,-52,568.000,144.000
color_4,1.718299835,-52,569.000,144.000
color_4,1.71956902,-52,570.000,144.000
color_4,1.720838205,-52,571.000,144.000
color_4,1.72210739,-52,572.000,144.000
color_4,1.723376576,-52,573.000,144.000
color_4,1.724645761,-52,574.000,144.000
color_4,1.725914946,-52,575.000,144.000
color_4,1.727184131,-52,576.000,144.000
color_4,1.728453316,-52,577.000,144.000
color_4,1.729722501,-52,578.000,144.000
color_4,1.730991686,-52,579.000,144.000
color_4,1.732260871,-52,580.000,144.000
color_4,1.733530056,-52,581.000,144.000
color_4,1.734799241,-52,582.000,144.000
color_4,1.736068426,-52,583.000,144.000
color_4,1.737337612,-52,584.000,144.000
color_4,1.738606797,-52,585.000,144.000
color_4,1.739875982,-52,586.000,144.000
color_4,1.741145167,-52,587.000,144.000
color_4,1.742414352,-52,588.000,144.000
color_4,1.743683537,-52,589.000,144.000
color_4,1.744952722,-52,590.000,144.000
color_4,1.746221907,-52,591.000,144.000
color_4,1.747491092,-52,592.000,144.000
color_4,1.748760277,-52,593.000,144.000
color_4,1.750029462,-52,594.000,144.000
color_4,1.751298647,-52,595.000,144.000
color_4,1.752567833,-52,596.000,144.000
color_4,1.753837018,-52,597.000,144.000
color_4,1.755106203,-52,598.000,144.000
color_4,1.756375388,-52,599.000,144.000
color_5,1.241086242,-246.5714286,193.000,484.500
color_5,1.242355427,-246.8571429,194.000,485.000
color_5,1.243624612,-246.5714286,195.000,484.500
color_5,1.244893797,-246.2857143,196.000,484.000
color_5,1.246162982,-246,197.000,483.500
color_5,1.247432167,-245.7142857,198.000,483.000
color_5,1.248701353,-245.7142857,199.000,483.000
color_5,1.249970538,-245.7142857,200.000,483.000
color_5,1.251239723,-245.4285714,201.000,482.500
color_5,1.252508908,-245.1428571,202.000,482.000
color_5,1.253778093,-244.8571429,203.000,481.500
color_5,1.255047278,-244.5714286,204.000,481.000
color_5,1.256316463,-244.5714286,205.000,481.000
color_5,1.257585648,-244.5714286,206.000,481.000
color_5,1.258854833,-244.5714286,207.000,481.000
color_5,1.260124018,-244.5714286,208.000,481.000
color_5,1.261393203,-244.5714286,209.000,481.000
color_5,1.262662388,-244.5714286,210.000,481.000
color_5,1.263931574,-244.5714286,211.000,481.000
color_5,1.265200759,-244.2857143,212.000,480.500
color_5,1.266469944,-244,213.000,480.000
color_5,1.267739129,-244,214.000,480.000
color_5,1.269008314,-243.7142857,215.000,479.500
color_5,1.270277499,-243.7142857,216.000,479.500
color_5,1.271546684,-243.7142857,217.000,479.500
color_5,1.272815869,-244,218.000,480.000
color_5,1.274085054,-244,219.000,480.000
color_5,1.275354239,-243.7142857,220.000,479.500
color_5,1.276623424,-243.4285714,221.000,479.000
color_5,1.27789261,-243.4285714,222.000,479.000
color_5,1.279161795,-243.4285714,223.000,479.000
color_5,1.28043098,-243.4285714,224.000,479.000
color_5,1.281700165,-243.1428571,225.000,478.500
color_5,1.28296935,-243.1428571,226.000,478.500
color_5,1.284238535,-243.1428571,227.000,478.500
color_5,1.28550772,-243.1428571,228.000,478.500
color_5,1.286776905,-243.1428571,229.000,478.500
color_5,1.28804609,-243.4285714,230.000,479.000
color_5,1.289315275,-243.4285714,231.000,479.000
color_5,1.29058446,-243.4285714,232.000,479.000
color_5,1.291853646,-243.4285714,233.000,479.000
color_5,1.293122831,-243.4285714,234.000,479.000
color_5,1.294392016,-243.4285714,235.000,479.000
color_5,1.295661201,-243.4285714,236.000,479.000
color_5,1.296930386,-243.4285714,237.000,479.000
color_5,1.298199571,-243.4285714,238.000,479.000
color_5,1.299468756,-243.4285714,239.000,479.000
color_5,1.300737941,-243.4285714,240.000,479.000
color_5,1.302007126,-243.4285714,241.000,479.000
color_5,1.303276311,-243.4285714,242.000,479.000
color_5,1.304545496,-243.4285714,243.000,479.000
color_5,1.305814681,-243.1428571,244.000,478.500
color_5,1.307083867,-242.5714286,245.000,477.500
color_5,1.308353052,-242.5714286,246.000,477.500
color_5,1.309622237,-242.5714286,247.000,477.500
color_5,1.310891422,-242.5714286,248.000,477.500
color_5,1.312160607,-242.5714286,249.000,477.500
color_5,1.313429792,-242.5714286,250.000,477.500
color_5,1.314698977,-242.5714286,251.000,477.500
color_5,1.315968162,-242.5714286,252.000,477.500
color_5,1.317237347,-242.5714286,253.000,477.500
color_5,1.318506532,-242.5714286,254.000,477.500
color_5,1.319775717,-242.5714286,255.000,477.500
color_5,1.321044903,-242.5714286,256.000,477.500
color_5,1.322314088,-242.5714286,257.000,477.500
color_5,1.323583273,-242.5714286,258.000,477.500
color_5,1.324852458,-242.5714286,259.000,477.500
color_5,1.326121643,-242.5714286,260.000,477.500
color_5,1.327390828,-242.5714286,261.000,477.500
color_5,1.328660013,-242.5714286,262.000,477.500
color_5,1.329929198,-242.5714286,263.000,477.500
color_5,1.331198383,-242.5714286,264.000,477.500
color_5,1.332467568,-242.5714286,265.000,477.500
color_5,1.333736753,-242.5714286,266.000,477.500
color_5,1.335005939,-242.5714286,267.000,477.500
color_5,1.336275124,-242.5714286,268.000,477.500
color_5,1.337544309,-242.5714286,269.000,477.500
color_5,1.338813494,-242,270.000,476.500
color_5,1.340082679,-242,271.000,476.500
color_5,1.341351864,-242,272.000,476.500
color_5,1.342621049,-242,273.000,476.500
color_5,1.343890234,-242,274.000,476.500
color_5,1.345159419,-242,275.000,476.500
color_5,1.346428604,-242,276.000,476.500
color_5,1.347697789,-242,277.000,476.500
color_5,1.348966974,-242,278.000,476.500
color_5,1.35023616,-242,279.000,476.500
color_5,1.351505345,-242,280.000,476.500
color_5,1.35277453,-242,281.000,476.500
color_5,1.354043715,-242,282.000,476.500
color_5,1.3553129,-242,283.000,476.500
color_5,1.356582085,-242,284.000,476.500
color_5,1.35785127,-242,285.000,476.500
color_5,1.359120455,-242,286.000,476.500
color_5,1.36038964,-242,287.000,476.500
color_5,1.361658825,-242,288.000,476.500
color_5,1.36292801,-242,289.000,476.500
color_5,1.364197196,-242,290.000,476.500
color_5,1.365466381,-242,291.000,476.500
color_5,1.366735566,-242,292.000,476.500
color_5,1.368004751,-242,293.000,476.500
color_5,1.369273936,-242,294.000,476.500
color_5,1.370543121,-242,295.000,476.500
color_5,1.371812306,-242,296.000,476.500
color_5,1.373081491,-242,297.000,476.500
color_5,1.374350676,-242,298.000,476.500
color_5,1.375619861,-242,299.000,476.500
color_5,1.376889046,-242,300.000,476.500
color_5,1.378158232,-242,301.000,476.500
color_5,1.379427417,-242,302.000,476.500
color_5,1.380696602,-242,303.000,476.500
color_5,1.381965787,-241.7142857,304.000,476.000
color_5,1.383234972,-241.1428571,305.000,475.000
color_5,1.384504157,-241.1428571,306.000,475.000
color_5,1.385773342,-241.1428571,307.000,475.000
color_5,1.387042527,-240.8571429,308.000,474.500
color_5,1.388311712,-240.5714286,309.000,474.000
color_5,1.389580897,-240.5714286,310.000,474.000
color_5,1.390850082,-240.5714286,311.000,474.000
color_5,1.392119267,-240.8571429,312.000,474.500
color_5,1.393388453,-240.8571429,313.000,474.500
color_5,1.394657638,-240.8571429,314.000,474.500
color_5,1.395926823,-241.4285714,315.000,475.500
color_5,1.397196008,-241.4285714,316.000,475.500
color_5,1.398465193,-241.4285714,317.000,475.500
color_5,1.399734378,-241.4285714,318.000,475.500
color_5,1.401003563,-241.4285714,319.000,475.500
color_5,1.402272748,-241.4285714,320.000,475.500
color_5,1.403541933,-241.4285714,321.000,475.500
color_5,1.404811118,-241.4285714,322.000,475.500
color_5,1.406080303,-241.4285714,323.000,475.500
color_5,1.407349489,-241.4285714,324.000,475.500
color_5,1.408618674,-241.4285714,325.000,475.500
color_5,1.409887859,-241.4285714,326.000,475.500
color_5,1.411157044,-241.4285714,327.000,475.500
color_5,1.412426229,-241.4285714,328.000,475.500
color_5,1.413695414,-241.4285714,329.000,475.500
color_5,1.414964599,-241.4285714,330.000,475.500
color_5,1.416233784,-241.4285714,331.000,475.500
color_5,1.417502969,-241.1428571,332.000,475.000
color_5,1.418772154,-241.1428571,333.000,475.000
color_5,1.420041339,-241.1428571,334.000,475.000
color_5,1.421310525,-241.1428571,335.000,475.000
color_5,1.42257971,-241.1428571,336.000,475.000
color_5,1.423848895,-241.4285714,337.000,475.500
color_5,1.42511808,-241.4285714,338.000,475.500
color_5,1.426387265,-241.4285714,339.000,475.500
color_5,1.42765645,-241.4285714,340.000,475.500
color_5,1.428925635,-241.4285714,341.000,475.500
color_5,1.43019482,-242,342.000,476.500
color_5,1.431464005,-241.7142857,343.000,476.000
color_5,1.440348301,-240.5714286,350.000,474.000
color_5,1.441617486,-240.8571429,351.000,474.500
color_5,1.442886671,-240.8571429,352.000,474.500
color_5,1.444155856,-240.8571429,353.000,474.500
color_5,1.445425041,-240.8571429,354.000,474.500
color_5,1.446694226,-240.8571429,355.000,474.500
color_5,1.447963411,-240.8571429,356.000,474.500
color_5,1.449232596,-240.8571429,357.000,474.500
color_5,1.450501782,-240.8571429,358.000,474.500
color_5,1.451770967,-240.8571429,359.000,474.500
color_5,1.453040152,-240.8571429,360.000,474.500
color_5,1.454309337,-241.1428571,361.000,475.000
color_5,1.455578522,-240.8571429,362.000,474.500
color_5,1.456847707,-240.5714286,363.000,474.000
color_5,1.458116892,-240.8571429,364.000,474.500
color_5,1.459386077,-241.1428571,365.000,475.000
color_5,1.460655262,-241.1428571,366.000,475.000
color_5,1.461924447,-241.1428571,367.000,475.000
color_5,1.463193632,-241.1428571,368.000,475.000
color_5,1.464462818,-241.1428571,369.000,475.000
color_5,1.465732003,-241.1428571,370.000,475.000
color_5,1.467001188,-241.1428571,371.000,475.000
color_5,1.468270373,-241.1428571,372.000,475.000
color_5,1.469539558,-241.1428571,373.000,475.000
color_5,1.470808743,-241.1428571,374.000,475.000
color_5,1.472077928,-241.1428571,375.000,475.000
color_5,1.473347113,-241.1428571,376.000,475.000
color_5,1.480962224,-240,382.000,473.000
color_5,1.482231409,-240,383.000,473.000
color_5,1.483500594,-240,384.000,473.000
color_5,1.484769779,-240,385.000,473.000
color_5,1.486038964,-240,386.000,473.000
color_5,1.487308149,-240,387.000,473.000
color_5,1.488577334,-240,388.000,473.000
color_5,1.489846519,-240,389.000,473.000
color_5,1.491115704,-240,390.000,473.000
color_5,1.492384889,-240,391.000,473.000
color_5,1.493654075,-240,392.000,473.000
color_5,1.49492326,-240,393.000,473.000
color_5,1.496192445,-240,394.000,473.000
color_5,1.49746163,-240,395.000,473.000
color_5,1.498730815,-240,396.000,473.000
color_5,1.5,-240.5714286,397.000,474.000
color_5,1.501269185,-240.2857143,398.000,473.500
color_5,1.50253837,-240.5714286,399.000,474.000
color_5,1.503807555,-240.5714286,400.000,474.000
color_5,1.50507674,-240.5714286,401.000,474.000
color_5,1.506345925,-240.5714286,402.000,474.000
color_5,1.507615111,-240.5714286,403.000,474.000
color_5,1.508884296,-240.5714286,404.000,474.000
color_5,1.510153481,-240.5714286,405.000,474.000
color_5,1.511422666,-240.5714286,406.000,474.000
color_5,1.512691851,-240.5714286,407.000,474.000
color_5,1.513961036,-240.5714286,408.000,474.000
color_5,1.515230221,-240.5714286,409.000,474.000
color_5,1.516499406,-240.5714286,410.000,474.000
color_5,1.517768591,-240.5714286,411.000,474.000
color_5,1.519037776,-240.5714286,412.000,474.000
color_5,1.520306961,-240.5714286,413.000,474.000
color_5,1.521576147,-240.5714286,414.000,474.000
color_5,1.522845332,-240.8571429,415.000,474.500
color_5,1.524114517,-240.8571429,416.000,474.500
color_5,1.525383702,-240.8571429,417.000,474.500
color_5,1.526652887,-240.8571429,418.000,474.500
color_5,1.527922072,-240.8571429,419.000,474.500
color_5,1.529191257,-240.8571429,420.000,474.500
color_5,1.530460442,-240.8571429,421.000,474.500
color_5,1.531729627,-240.8571429,422.000,474.500
color_5,1.532998812,-240.2857143,423.000,473.500
color_5,1.534267997,-240.2857143,424.000,473.500
color_5,1.535537182,-240.2857143,425.000,473.500
color_5,1.536806368,-240.2857143,426.000,473.500
color_5,1.538075553,-240.2857143,427.000,473.500
color_5,1.539344738,-240.2857143,428.000,473.500
color_5,1.540613923,-240.2857143,429.000,473.500
color_5,1.541883108,-240.2857143,430.000,473.500
color_5,1.543152293,-240.8571429,431.000,474.500
color_5,1.544421478,-240.8571429,432.000,474.500
color_5,1.545690663,-240.8571429,433.000,474.500
color_5,1.546959848,-241.1428571,434.000,475.000
color_5,1.548229033,-241.1428571,435.000,475.000
color_5,1.549498218,-241.1428571,436.000,475.000
color_5,1.550767404,-241.1428571,437.000,475.000
color_5,1.552036589,-241.1428571,438.000,475.000
color_5,1.553305774,-241.1428571,439.000,475.000
color_5,1.554574959,-241.1428571,440.000,475.000
color_5,1.555844144,-241.1428571,441.000,475.000
color_5,1.557113329,-241.1428571,442.000,475.000
color_5,1.558382514,-241.1428571,443.000,475.000
color_5,1.559651699,-241.1428571,444.000,475.000
color_5,1.560920884,-241.1428571,445.000,475.000
color_5,1.562190069,-240.2857143,446.000,473.500
color_5,1.563459254,-240,447.000,473.000
color_5,1.56472844,-240,448.000,473.000
color_5,1.565997625,-240,449.000,473.000
color_5,1.56726681,-240,450.000,473.000
color_5,1.568535995,-240,451.000,473.000
color_5,1.56980518,-239.7142857,452.000,472.500
color_5,1.571074365,-240,453.000,473.000
color_5,1.57234355,-240,454.000,473.000
color_5,1.573612735,-240,455.000,473.000
color_5,1.57488192,-240,456.000,473.000
color_5,1.576151105,-240,457.000,473.000
color_5,1.57742029,-240,458.000,473.000
color_5,1.578689475,-240,459.000,473.000
color_5,1.579958661,-240,460.000,473.000
color_5,1.581227846,-240,461.000,473.000
color_5,1.582497031,-240,462.000,473.000
color_5,1.583766216,-240,463.000,473.000
color_5,1.585035401,-240,464.000,473.000
color_5,1.586304586,-240,465.000,473.000
color_5,1.587573771,-240,466.000,473.000
color_5,1.588842956,-240,467.000,473.000
color_5,1.590112141,-240,468.000,473.000
color_5,1.591381326,-240,469.000,473.000
color_5,1.592650511,-240,470.000,473.000
color_5,1.593919697,-240,471.000,473.000
color_5,1.595188882,-240,472.000,473.000
color_5,1.596458067,-240,473.000,473.000
color_5,1.597727252,-240.5714286,474.000,474.000
color_5,1.598996437,-240.5714286,475.000,474.000
color_5,1.600265622,-240.5714286,476.000,474.000
color_5,1.601534807,-239.7142857,477.000,472.500
color_5,1.602803992,-239.4285714,478.000,472.000
color_5,1.604073177,-239.4285714,479.000,472.000
color_5,1.605342362,-239.4285714,480.000,472.000
color_5,1.606611547,-239.4285714,481.000,472.000
color_5,1.607880733,-239.4285714,482.000,472.000
color_5,1.609149918,-239.4285714,483.000,472.000
color_5,1.610419103,-239.7142857,484.000,472.500
color_5,1.611688288,-239.7142857,485.000,472.500
color_5,1.612957473,-239.7142857,486.000,472.500
color_5,1.614226658,-239.4285714,487.000,472.000
color_5,1.615495843,-239.4285714,488.000,472.000
color_5,1.616765028,-239.4285714,489.000,472.000
color_5,1.618034213,-239.4285714,490.000,472.000
color_5,1.619303398,-239.4285714,491.000,472.000
color_5,1.620572583,-239.4285714,492.000,472.000
color_5,1.621841768,-239.4285714,493.000,472.000
color_5,1.623110954,-239.4285714,494.000,472.000
color_5,1.624380139,-239.4285714,495.000,472.000
color_5,1.625649324,-239.4285714,496.000,472.000
color_5,1.626918509,-239.4285714,497.000,472.000
color_5,1.628187694,-240,498.000,473.000
color_5,1.629456879,-240,499.000,473.000
color_5,1.630726064,-240,500.000,473.000
color_5,1.631995249,-239.1428571,501.000,471.500
color_5,1.633264434,-238.2857143,502.000,470.000
color_5,1.634533619,-238.2857143,503.000,470.000
color_5,1.635802804,-238.2857143,504.000,470.000
color_5,1.63707199,-238.2857143,505.000,470.000
color_5,1.638341175,-238.2857143,506.000,470.000
color_5,1.63961036,-239.1428571,507.000,471.500
color_5,1.640879545,-239.1428571,508.000,471.500
color_5,1.64214873,-239.1428571,509.000,471.500
color_5,1.643417915,-239.1428571,510.000,471.500
color_5,1.6446871,-239.1428571,511.000,471.500
color_5,1.645956285,-239.1428571,512.000,471.500
color_5,1.64722547,-239.1428571,513.000,471.500
color_5,1.648494655,-239.1428571,514.000,471.500
color_5,1.64976384,-239.1428571,515.000,471.500
color_5,1.651033026,-239.1428571,516.000,471.500
color_5,1.652302211,-239.1428571,517.000,471.500
color_5,1.653571396,-238.5714286,518.000,470.500
color_5,1.654840581,-237.7142857,519.000,469.000
color_5,1.656109766,-237.7142857,520.000,469.000
color_5,1.657378951,-237.7142857,521.000,469.000
color_5,1.658648136,-237.7142857,522.000,469.000
color_5,1.659917321,-237.7142857,523.000,469.000
color_5,1.661186506,-237.7142857,524.000,469.000
color_5,1.662455691,-237.7142857,525.000,469.000
color_5,1.663724876,-237.7142857,526.000,469.000
color_5,1.664994061,-237.7142857,527.000,469.000
color_5,1.666263247,-237.7142857,528.000,469.000
color_5,1.667532432,-237.7142857,529.000,469.000
color_5,1.668801617,-238.2857143,530.000,470.000
color_5,1.670070802,-238.2857143,531.000,470.000
color_5,1.671339987,-238.2857143,532.000,470.000
color_5,1.672609172,-238.2857143,533.000,470.000
color_5,1.673878357,-238.8571429,534.000,471.000
color_5,1.675147542,-238.8571429,535.000,471.000
color_5,1.676416727,-238.8571429,536.000,471.000
color_5,1.677685912,-238.8571429,537.000,471.000
color_5,1.678955097,-238.8571429,538.000,471.000
color_5,1.680224283,-238.5714286,539.000,470.500
color_5,1.681493468,-238.2857143,540.000,470.000
color_5,1.682762653,-238.2857143,541.000,470.000
color_5,1.684031838,-238.2857143,542.000,470.000
color_5,1.685301023,-238.2857143,543.000,470.000
color_5,1.686570208,-237.7142857,544.000,469.000
color_5,1.687839393,-166.2857143,545.000,344.000
color_5,1.689108578,-237.4285714,546.000,468.500
color_5,1.690377763,-237.4285714,547.000,468.500
color_5,1.691646948,-237.4285714,548.000,468.500
color_5,1.692916133,-237.4285714,549.000,468.500
color_5,1.694185319,-237.1428571,550.000,468.000
color_5,1.695454504,-237.4285714,551.000,468.500
color_5,1.696723689,-237.4285714,552.000,468.500
color_5,1.697992874,-237.4285714,553.000,468.500
color_5,1.699262059,-237.4285714,554.000,468.500
color_5,1.700531244,-237.1428571,555.000,468.000
color_5,1.701800429,-236.8571429,556.000,467.500
color_5,1.703069614,-236.8571429,557.000,467.500
color_5,1.704338799,-236.8571429,558.000,467.500
color_5,1.705607984,-236.8571429,559.000,467.500
color_5,1.706877169,-236.8571429,560.000,467.500
color_5,1.708146354,-236.8571429,561.000,467.500
color_5,1.70941554,-236.8571429,562.000,467.500
color_5,1.710684725,-237.1428571,563.000,468.000
color_5,1.71195391,-237.1428571,564.000,468.000
color_5,1.713223095,-237.1428571,565.000,468.000
color_5,1.71449228,-236.8571429,566.000,467.500
color_5,1.715761465,-236.8571429,567.000,467.500
color_5,1.71703065,-236.5714286,568.000,467.000
color_5,1.718299835,-236.2857143,569.000,466.500
color_5,1.71956902,-236.2857143,570.000,466.500
color_5,1.720838205,-236,571.000,466.000
color_5,1.72210739,-236,572.000,466.000
color_5,1.723376576,-235.7142857,573.000,465.500
color_5,1.724645761,-235.7142857,574.000,465.500
color_5,1.725914946,-235.7142857,575.000,465.500
color_5,1.727184131,-235.4285714,576.000,465.000
color_5,1.728453316,-235.4285714,577.000,465.000
color_5,1.729722501,-235.1428571,578.000,464.500
color_5,1.730991686,-235.1428571,579.000,464.500
color_5,1.732260871,-234.8571429,580.000,464.000
color_5,1.733530056,-234.5714286,581.000,463.500
color_5,1.734799241,-234.5714286,582.000,463.500
color_5,1.736068426,-234.2857143,583.000,463.000
color_5,1.737337612,-234,584.000,462.500
color_5,1.738606797,-234,585.000,462.500
color_5,1.739875982,-233.7142857,586.000,462.000
color_5,1.741145167,-233.4285714,587.000,461.500
color_5,1.742414352,-233.1428571,588.000,461.000
color_5,1.743683537,-232.8571429,589.000,460.500
color_5,1.744952722,-232.8571429,590.000,460.500
color_5,1.746221907,-232,591.000,459.000
color_5,1.747491092,-231.7142857,592.000,458.500
color_5,1.748760277,-231.7142857,593.000,458.500
color_5,1.750029462,-230.8571429,594.000,457.000
color_5,1.751298647,-230.8571429,595.000,457.000
color_5,1.752567833,-230.2857143,596.000,456.000
color_5,1.753837018,-229.7142857,597.000,455.000
color_5,1.755106203,-229.1428571,598.000,454.000
color_5,1.756375388,-228.5714286,599.000,453.000
color_5,1.757644573,-228,600.000,452.000
color_5,1.758913758,-227.1428571,601.000,450.500
color_5,1.760182943,-227.1428571,602.000,450.500
color_5,1.761452128,-226.5714286,603.000,449.500
color_5,1.762721313,-226.2857143,604.000,449.000
color_5,1.763990498,-225.4285714,605.000,447.500
color_5,1.765259683,-224.8571429,606.000,446.500
color_5,1.766528869,-224.2857143,607.000,445.500
color_5,1.767798054,-223.7142857,608.000,444.500
color_5,1.769067239,-222.8571429,609.000,443.000
color_5,1.770336424,-222.2857143,610.000,442.000
color_5,1.771605609,-221.7142857,611.000,441.000
color_5,1.772874794,-220.5714286,612.000,439.000
color_5,1.774143979,-220,613.000,438.000
color_5,1.775413164,-219.1428571,614.000,436.500
color_5,1.776682349,-218.2857143,615.000,435.000
color_5,1.777951534,-217.4285714,616.000,433.500
color_5,1.779220719,-216.8571429,617.000,432.500
color_5,1.780489905,-216,618.000,431.000
color_5,1.78175909,-215.1428571,619.000,429.500
color_5,1.783028275,-214,620.000,427.500
color_5,1.78429746,-213.1428571,621.000,426.000
color_5,1.785566645,-212.2857143,622.000,424.500
color_5,1.78683583,-211.1428571,623.000,422.500
color_5,1.788105015,-210,624.000,420.500
color_5,1.7893742,-209.4285714,625.000,419.500
color_5,1.790643385,-208.2857143,626.000,417.500
color_5,1.79191257,-207.4285714,627.000,416.000
color_5,1.793181755,-206.2857143,628.000,414.000
color_5,1.79445094,-205.7142857,629.000,413.000
color_5,1.795720126,-204.5714286,630.000,411.000
color_5,1.796989311,-203.1428571,631.000,408.500
color_5,1.798258496,-202,632.000,406.500
color_5,1.799527681,-201.1428571,633.000,405.000
color_5,1.800796866,-200,634.000,403.000
color_5,1.802066051,-198.5714286,635.000,400.500
color_5,1.803335236,-197.7142857,636.000,399.000
color_5,1.804604421,-196.5714286,637.000,397.000
color_5,1.805873606,-195.4285714,638.000,395.000
color_5,1.807142791,-194.2857143,639.000,393.000
color_5,1.808411976,-193.4285714,640.000,391.500
color_5,1.809681162,-192,641.000,389.000
color_5,1.810950347,-191.1428571,642.000,387.500
color_5,1.812219532,-190,643.000,385.500
color_5,1.813488717,-188.5714286,644.000,383.000
color_5,1.814757902,-187.1428571,645.000,380.500
color_5,1.816027087,-186,646.000,378.500
color_5,1.817296272,-184.8571429,647.000,376.500
color_5,1.818565457,-183.4285714,648.000,374.000
color_5,1.819834642,-182.2857143,649.000,372.000
color_5,1.821103827,-180.8571429,650.000,369.500
color_5,1.822373012,-180,651.000,368.000
color_5,1.823642198,-178.8571429,652.000,366.000
color_5,1.824911383,-177.4285714,653.000,363.500
color_5,1.826180568,-176.2857143,654.000,361.500
color_5,1.827449753,-174.5714286,655.000,358.500
color_5,1.828718938,-173.7142857,656.000,357.000
color_5,1.829988123,-172,657.000,354.000
color_5,1.831257308,-170.2857143,658.000,351.000
color_5,1.832526493,-168.8571429,659.000,348.500
color_5,1.833795678,-167.4285714,660.000,346.000
color_5,1.835064863,-166,661.000,343.500
color_5,1.836334048,-164.5714286,662.000,341.000
color_5,1.837603233,-163.4285714,663.000,339.000
color_5,1.838872419,-161.7142857,664.000,336.000
color_5,1.840141604,-160.2857143,665.000,333.500
color_5,1.841410789,-159.4285714,666.000,332.000
color_5,1.842679974,-158,667.000,329.500
color_5,1.843949159,-156.5714286,668.000,327.000
color_5,1.845218344,-155.1428571,669.000,324.500
color_5,1.846487529,-153.7142857,670.000,322.000
color_5,1.847756714,-152.5714286,671.000,320.000
color_5,1.849025899,-151.1428571,672.000,317.500
color_5,1.850295084,-149.1428571,673.000,314.000
color_5,1.851564269,-147.7142857,674.000,311.500
color_5,1.852833455,-146.2857143,675.000,309.000
color_5,1.85410264,-145.1428571,676.000,307.000
color_5,1.855371825,-143.4285714,677.000,304.000
color_5,1.85664101,-142,678.000,301.500
color_5,1.857910195,-140.5714286,679.000,299.000
color_5,1.85917938,-138.8571429,680.000,296.000
color_5,1.860448565,-137.4285714,681.000,293.500
color_5,1.86171775,-136,682.000,291.000
color_5,1.862986935,-134.5714286,683.000,288.500
color_5,1.86425612,-132.8571429,684.000,285.500
color_5,1.865525305,-131.4285714,685.000,283.000
color_5,1.866794491,-129.7142857,686.000,280.000
color_5,1.868063676,-128.8571429,687.000,278.500
color_5,1.869332861,-127.4285714,688.000,276.000
color_5,1.870602046,-126,689.000,273.500
color_5,1.871871231,-124.8571429,690.000,271.500
color_5,1.873140416,-123.4285714,691.000,269.000
color_5,1.874409601,-121.7142857,692.000,266.000
color_5,1.875678786,-120.2857143,693.000,263.500
color_5,1.876947971,-118.8571429,694.000,261.000
color_5,1.878217156,-117.1428571,695.000,258.000
color_5,1.879486341,-115.4285714,696.000,255.000
color_5,1.880755527,-113.4285714,697.000,251.500
color_5,1.882024712,-112,698.000,249.000
color_5,1.883293897,-110.5714286,699.000,246.500
color_5,1.884563082,-109.1428571,700.000,244.000
color_5,1.885832267,-107.7142857,701.000,241.500
color_5,1.887101452,-106.2857143,702.000,239.000
color_5,1.888370637,-104.5714286,703.000,236.000
color_5,1.889639822,-102.5714286,704.000,232.500
color_5,1.890909007,-101.7142857,705.000,231.000
color_5,1.892178192,-99.42857143,706.000,227.000
color_5,1.893447377,-98,707.000,224.500
color_5,1.894716562,-96,708.000,221.000
color_5,1.895985748,-94.85714286,709.000,219.000
color_5,1.897254933,-93.42857143,710.000,216.500
color_5,1.898524118,-91.42857143,711.000,213.000
color_5,1.899793303,-90.28571429,712.000,211.000
color_5,1.901062488,-88,713.000,207.000
color_5,1.902331673,-87.14285714,714.000,205.500
color_5,1.903600858,-85.42857143,715.000,202.500
color_5,1.904870043,-84,716.000,200.000
color_5,1.906139228,-82,717.000,196.500
color_5,1.907408413,-80.57142857,718.000,194.000
color_5,1.908677598,-78.85714286,719.000,191.000
color_5,1.909946784,-77.14285714,720.000,188.000
color_5,1.911215969,-75.71428571,721.000,185.500
color_5,1.912485154,-74.57142857,722.000,183.500
color_5,1.913754339,-73.42857143,723.000,181.500
color_5,1.915023524,-71.71428571,724.000,178.500
color_5,1.916292709,-70.57142857,725.000,176.500
color_5,1.917561894,-68.85714286,726.000,173.500
color_5,1.918831079,-67.14285714,727.000,170.500
color_5,1.920100264,-65.42857143,728.000,167.500
color_5,1.921369449,-63.42857143,729.000,164.000
color_5,1.922638634,-61.71428571,730.000,161.000
color_5,1.92390782,-60,731.000,158.000
color_5,1.925177005,-58.57142857,732.000,155.500
color_5,1.92644619,-56.85714286,733.000,152.500
color_5,1.927715375,-55.71428571,734.000,150.500
color_5,1.92898456,-54.28571429,735.000,148.000
color_5,1.930253745,-53.42857143,736.000,146.500
color_5,1.93152293,-51.14285714,737.000,142.500
color_5,1.932792115,-49.71428571,738.000,140.000
color_5,1.9340613,-48.28571429,739.000,137.500
color_5,1.935330485,-46,740.000,133.500
color_5,1.93659967,-44.85714286,741.000,131.500
color_5,1.937868855,-42.57142857,742.000,127.500
color_5,1.939138041,-40.85714286,743.000,124.500
color_5,1.940407226,-38.57142857,744.000,120.500
color_5,1.941676411,-36.85714286,745.000,117.500
color_5,1.942945596,-35.14285714,746.000,114.500
color_5,1.944214781,-33.71428571,747.000,112.000
color_5,1.945483966,-31.42857143,748.000,108.000
color_5,1.946753151,-30,749.000,105.500
color_5,1.948022336,-28,750.000,102.000
color_5,1.949291521,-26.57142857,751.000,99.500
color_5,1.950560706,-25.14285714,752.000,97.000
color_5,1.951829891,-23.42857143,753.000,94.000
color_5,1.953099077,-22.28571429,754.000,92.000
color_5,1.954368262,-20.57142857,755.000,89.000
color_5,1.955637447,-20,756.000,88.000
color_5,1.956906632,-19.42857143,757.000,87.000
color_5,1.958175817,-19.14285714,758.000,86.500
color_6,1.687839393,-53.42857143,545.000,146.500
color_6,1.689108578,-53.42857143,546.000,146.500
color_6,1.690377763,-53.14285714,547.000,146.000
color_6,1.691646948,-53.14285714,548.000,146.000
color_6,1.692916133,-53.14285714,549.000,146.000
color_6,1.694185319,-53.14285714,550.000,146.000
color_6,1.695454504,-53.14285714,551.000,146.000
color_6,1.696723689,-53.14285714,552.000,146.000
color_6,1.697992874,-53.14285714,553.000,146.000
color_6,1.699262059,-53.14285714,554.000,146.000
color_6,1.700531244,-53.14285714,555.000,146.000
color_6,1.701800429,-53.14285714,556.000,146.000
color_6,1.703069614,-53.14285714,557.000,146.000
color_6,1.704338799,-53.14285714,558.000,146.000
color_6,1.705607984,-53.14285714,559.000,146.000
color_6,1.706877169,-53.14285714,560.000,146.000
color_6,1.708146354,-53.14285714,561.000,146.000
color_6,1.70941554,-53.14285714,562.000,146.000
color_6,1.710684725,-53.14285714,563.000,146.000
color_6,1.71195391,-53.14285714,564.000,146.000
color_6,1.713223095,-53.14285714,565.000,146.000
color_6,1.71449228,-53.14285714,566.000,146.000
color_6,1.715761465,-53.14285714,567.000,146.000
color_6,1.71703065,-53.14285714,568.000,146.000
color_6,1.718299835,-53.14285714,569.000,146.000
color_6,1.71956902,-53.14285714,570.000,146.000
color_6,1.720838205,-53.14285714,571.000,146.000
color_6,1.72210739,-53.14285714,572.000,146.000
color_6,1.723376576,-53.14285714,573.000,146.000
color_6,1.724645761,-53.14285714,574.000,146.000
color_6,1.725914946,-53.14285714,575.000,146.000
color_6,1.727184131,-53.14285714,576.000,146.000
color_6,1.728453316,-53.14285714,577.000,146.000
color_6,1.729722501,-53.14285714,578.000,146.000
color_6,1.730991686,-53.14285714,579.000,146.000
color_6,1.732260871,-53.14285714,580.000,146.000
color_6,1.733530056,-53.14285714,581.000,146.000
color_6,1.734799241,-53.14285714,582.000,146.000
color_6,1.736068426,-53.14285714,583.000,146.000
color_6,1.737337612,-53.42857143,584.000,146.500
color_6,1.738606797,-53.42857143,585.000,146.500
color_6,1.739875982,-53.42857143,586.000,146.500
color_6,1.741145167,-53.42857143,587.000,146.500
color_6,1.742414352,-53.42857143,588.000,146.500
color_6,1.743683537,-53.42857143,589.000,146.500
color_6,1.744952722,-53.71428571,590.000,147.000
color_6,1.746221907,-53.42857143,591.000,146.500
color_6,1.747491092,-53.71428571,592.000,147.000
color_6,1.748760277,-53.42857143,593.000,146.500
color_6,1.750029462,-53.71428571,594.000,147.000
color_6,1.751298647,-53.71428571,595.000,147.000
color_6,1.752567833,-53.42857143,596.000,146.500
color_6,1.753837018,-53.71428571,597.000,147.000
color_6,1.755106203,-53.71428571,598.000,147.000
color_6,1.756375388,-142.2857143,599.000,302.000
color_6,1.757644573,-230.2857143,600.000,456.000
color_6,1.758913758,-230.5714286,601.000,456.500
color_6,1.760182943,-229.7142857,602.000,455.000
color_6,1.761452128,-229.4285714,603.000,454.500
color_6,1.762721313,-228.8571429,604.000,453.500
color_6,1.763990498,-228.2857143,605.000,452.500
color_6,1.765259683,-227.4285714,606.000,451.000
color_6,1.766528869,-227.4285714,607.000,451.000
color_6,1.767798054,-226.8571429,608.000,450.000
color_6,1.769067239,-226.2857143,609.000,449.000
color_6,1.770336424,-225.1428571,610.000,447.000
color_6,1.771605609,-224.8571429,611.000,446.500
color_6,1.772874794,-224.2857143,612.000,445.500
color_6,1.774143979,-223.1428571,613.000,443.500
color_6,1.775413164,-222.5714286,614.000,442.500
color_6,1.776682349,-222,615.000,441.500
color_6,1.777951534,-221.1428571,616.000,440.000
color_6,1.779220719,-220.2857143,617.000,438.500
color_6,1.780489905,-219.7142857,618.000,437.500
color_6,1.78175909,-218.8571429,619.000,436.000
color_6,1.783028275,-218.2857143,620.000,435.000
color_6,1.78429746,-217.1428571,621.000,433.000
color_6,1.785566645,-216.5714286,622.000,432.000
color_6,1.78683583,-215.4285714,623.000,430.000
color_6,1.788105015,-214.5714286,624.000,428.500
color_6,1.7893742,-213.7142857,625.000,427.000
color_6,1.790643385,-212.8571429,626.000,425.500
color_6,1.79191257,-212,627.000,424.000
color_6,1.793181755,-211.1428571,628.000,422.500
color_6,1.79445094,-210.2857143,629.000,421.000
color_6,1.795720126,-209.4285714,630.000,419.500
color_6,1.796989311,-208.2857143,631.000,417.500
color_6,1.798258496,-207.4285714,632.000,416.000
color_6,1.799527681,-206.2857143,633.000,414.000
color_6,1.800796866,-205.4285714,634.000,412.500
color_6,1.802066051,-204.2857143,635.000,410.500
color_6,1.803335236,-203.4285714,636.000,409.000
color_6,1.804604421,-202,637.000,406.500
color_6,1.805873606,-201.1428571,638.000,405.000
color_6,1.807142791,-200.2857143,639.000,403.500
color_6,1.808411976,-199.4285714,640.000,402.000
color_6,1.809681162,-198.5714286,641.000,400.500
color_6,1.810950347,-197.4285714,642.000,398.500
color_6,1.812219532,-196.5714286,643.000,397.000
color_6,1.813488717,-195.1428571,644.000,394.500
color_6,1.814757902,-194.2857143,645.000,393.000
color_6,1.816027087,-192.8571429,646.000,390.500
color_6,1.817296272,-191.7142857,647.000,388.500
color_6,1.818565457,-190.5714286,648.000,386.500
color_6,1.819834642,-189.4285714,649.000,384.500
color_6,1.821103827,-188.5714286,650.000,383.000
color_6,1.822373012,-187.4285714,651.000,381.000
color_6,1.823642198,-186.5714286,652.000,379.500
color_6,1.824911383,-185.4285714,653.000,377.500
color_6,1.826180568,-184,654.000,375.000
color_6,1.827449753,-182.8571429,655.000,373.000
color_6,1.828718938,-181.7142857,656.000,371.000
color_6,1.829988123,-180.5714286,657.000,369.000
color_6,1.831257308,-178.8571429,658.000,366.000
color_6,1.832526493,-177.7142857,659.000,364.000
color_6,1.833795678,-176.5714286,660.000,362.000
color_6,1.835064863,-175.1428571,661.000,359.500
color_6,1.836334048,-173.7142857,662.000,357.000
color_6,1.837603233,-172.8571429,663.000,355.500
color_6,1.838872419,-171.4285714,664.000,353.000
color_6,1.840141604,-170.2857143,665.000,351.000
color_6,1.841410789,-168.8571429,666.000,348.500
color_6,1.842679974,-167.7142857,667.000,346.500
color_6,1.843949159,-166.8571429,668.000,345.000
color_6,1.845218344,-165.7142857,669.000,343.000
color_6,1.846487529,-164.2857143,670.000,340.500
color_6,1.847756714,-162.8571429,671.000,338.000
color_6,1.849025899,-162,672.000,336.500
color_6,1.850295084,-160.5714286,673.000,334.000
color_6,1.851564269,-159.1428571,674.000,331.500
color_6,1.852833455,-157.7142857,675.000,329.000
color_6,1.85410264,-156.5714286,676.000,327.000
color_6,1.855371825,-155.4285714,677.000,325.000
color_6,1.85664101,-153.7142857,678.000,322.000
color_6,1.857910195,-152.8571429,679.000,320.500
color_6,1.85917938,-151.4285714,680.000,318.000
color_6,1.860448565,-150.2857143,681.000,316.000
color_6,1.86171775,-149.4285714,682.000,314.500
color_6,1.862986935,-148,683.000,312.000
color_6,1.86425612,-146.2857143,684.000,309.000
color_6,1.865525305,-144.8571429,685.000,306.500
color_6,1.866794491,-143.7142857,686.000,304.500
color_6,1.868063676,-142.2857143,687.000,302.000
color_6,1.869332861,-140.8571429,688.000,299.500
color_6,1.870602046,-139.4285714,689.000,297.000
color_6,1.871871231,-137.7142857,690.000,294.000
color_6,1.873140416,-136.2857143,691.000,291.500
color_6,1.874409601,-135.4285714,692.000,290.000
color_6,1.875678786,-133.7142857,693.000,287.000
color_6,1.876947971,-132,694.000,284.000
color_6,1.901062488,-108,713.000,242.000
color_6,1.902331673,-106.8571429,714.000,240.000
color_6,1.903600858,-105.4285714,715.000,237.500
color_6,1.904870043,-104,716.000,235.000
color_6,1.906139228,-102.5714286,717.000,232.500
color_6,1.907408413,-100.5714286,718.000,229.000
color_6,1.908677598,-99.14285714,719.000,226.500
color_6,1.909946784,-97.42857143,720.000,223.500
color_6,1.911215969,-95.71428571,721.000,220.500
color_6,1.912485154,-94,722.000,217.500
color_6,1.913754339,-92.85714286,723.000,215.500
color_6,1.915023524,-91.14285714,724.000,212.500
color_6,1.916292709,-90,725.000,210.500
color_6,1.917561894,-88.57142857,726.000,208.000
color_6,1.918831079,-87.14285714,727.000,205.500
color_6,1.920100264,-86,728.000,203.500
color_6,1.921369449,-84,729.000,200.000
color_6,1.922638634,-83.14285714,730.000,198.500
color_6,1.92390782,-81.42857143,731.000,195.500
color_6,1.925177005,-80.28571429,732.000,193.500
color_6,1.92644619,-79.14285714,733.000,191.500
color_6,1.927715375,-77.71428571,734.000,189.000
color_6,1.92898456,-76.28571429,735.000,186.500
color_6,1.930253745,-74.85714286,736.000,184.000
color_6,1.93152293,-73.42857143,737.000,181.500
color_6,1.932792115,-72.28571429,738.000,179.500
color_6,1.9340613,-70.57142857,739.000,176.500
color_6,1.935330485,-69.14285714,740.000,174.000
color_6,1.93659967,-67.71428571,741.000,171.500
color_6,1.937868855,-66,742.000,168.500
color_6,1.939138041,-64.85714286,743.000,166.500
color_6,1.940407226,-63.14285714,744.000,163.500
color_6,1.941676411,-62,745.000,161.500
color_6,1.942945596,-60.28571429,746.000,158.500
color_6,1.944214781,-58.57142857,747.000,155.500
color_6,1.945483966,-57.42857143,748.000,153.500
color_6,1.946753151,-55.71428571,749.000,150.500
color_6,1.948022336,-54.57142857,750.000,148.500
color_6,1.949291521,-53.14285714,751.000,146.000
color_6,1.950560706,-51.71428571,752.000,143.500
color_6,1.951829891,-50.28571429,753.000,141.000
color_6,1.953099077,-49.71428571,754.000,140.000
color_6,1.954368262,-48,755.000,137.000
color_6,1.955637447,-47.14285714,756.000,135.500
color_6,1.956906632,-46.28571429,757.000,134.000
color_6,1.958175817,-46.28571429,758.000,134.000
color_7,1.654840581,-240,519.000,473.000
color_7,1.656109766,-240,520.000,473.000
color_7,1.657378951,-240,521.000,473.000
color_7,1.658648136,-240,522.000,473.000
color_7,1.659917321,-240,523.000,473.000
color_7,1.661186506,-240,524.000,473.000
color_7,1.662455691,-240,525.000,473.000
color_7,1.663724876,-240,526.000,473.000
color_7,1.664994061,-240,527.000,473.000
color_7,1.666263247,-240,528.000,473.000
color_7,1.667532432,-240,529.000,473.000
color_7,1.668801617,-240,530.000,473.000
color_7,1.670070802,-240,531.000,473.000
color_7,1.671339987,-240,532.000,473.000
color_7,1.672609172,-240,533.000,473.000
color_7,1.673878357,-240,534.000,473.000
color_7,1.675147542,-240,535.000,473.000
color_7,1.676416727,-240,536.000,473.000
color_7,1.677685912,-240,537.000,473.000
color_7,1.678955097,-240,538.000,473.000
color_7,1.680224283,-240,539.000,473.000
color_7,1.681493468,-240,540.000,473.000
color_7,1.682762653,-240,541.000,473.000
color_7,1.684031838,-240,542.000,473.000
color_7,1.687839393,-74.28571429,545.000,183.000
color_7,1.689108578,-74.28571429,546.000,183.000
color_7,1.690377763,-74,547.000,182.500
color_7,1.691646948,-74,548.000,182.500
color_7,1.692916133,-74,549.000,182.500
color_7,1.694185319,-74,550.000,182.500
color_7,1.695454504,-74.28571429,551.000,183.000
color_7,1.696723689,-74.28571429,552.000,183.000
color_7,1.697992874,-74.28571429,553.000,183.000
color_7,1.699262059,-74.28571429,554.000,183.000
color_7,1.700531244,-74.57142857,555.000,183.500
color_7,1.701800429,-74.57142857,556.000,183.500
color_7,1.703069614,-74.57142857,557.000,183.500
color_7,1.704338799,-74.57142857,558.000,183.500
color_7,1.705607984,-74.57142857,559.000,183.500
color_7,1.706877169,-74.57142857,560.000,183.500
color_7,1.708146354,-74.57142857,561.000,183.500
color_7,1.70941554,-74.57142857,562.000,183.500
color_7,1.710684725,-74.57142857,563.000,183.500
color_7,1.71195391,-74.85714286,564.000,184.000
color_7,1.713223095,-74.85714286,565.000,184.000
color_7,1.71449228,-74.85714286,566.000,184.000
color_7,1.715761465,-74.85714286,567.000,184.000
color_7,1.71703065,-74.57142857,568.000,183.500
color_7,1.718299835,-74.57142857,569.000,183.500
color_7,1.71956902,-74.85714286,570.000,184.000
color_7,1.720838205,-74.85714286,571.000,184.000
color_7,1.72210739,-74.85714286,572.000,184.000
color_7,1.723376576,-74.85714286,573.000,184.000
color_7,1.724645761,-74.85714286,574.000,184.000
color_7,1.725914946,-74.85714286,575.000,184.000
color_7,1.727184131,-74.85714286,576.000,184.000
color_7,1.728453316,-156,577.000,326.000
color_7,1.729722501,-156,578.000,326.000
color_7,1.730991686,-74.85714286,579.000,184.000
color_7,1.732260871,-155.7142857,580.000,325.500
color_7,1.733530056,-155.7142857,581.000,325.500
color_7,1.734799241,-155.7142857,582.000,325.500
color_7,1.736068426,-155.7142857,583.000,325.500
color_7,1.737337612,-155.7142857,584.000,325.500
color_7,1.738606797,-155.7142857,585.000,325.500
color_7,1.739875982,-155.7142857,586.000,325.500
color_7,1.741145167,-236,587.000,466.000
color_7,1.742414352,-236,588.000,466.000
color_7,1.743683537,-235.7142857,589.000,465.500
color_7,1.744952722,-235.4285714,590.000,465.000
color_7,1.746221907,-235.4285714,591.000,465.000
color_7,1.747491092,-235.4285714,592.000,465.000
color_7,1.748760277,-235.4285714,593.000,465.000
color_7,1.750029462,-235.4285714,594.000,465.000
color_7,1.751298647,-234.8571429,595.000,464.000
color_7,1.752567833,-234.8571429,596.000,464.000
color_7,1.753837018,-234.8571429,597.000,464.000
color_7,1.755106203,-154.8571429,598.000,324.000
color_7,1.756375388,-154.8571429,599.000,324.000
color_7,1.757644573,-234.2857143,600.000,463.000
color_7,1.758913758,-234.8571429,601.000,464.000
color_7,1.760182943,-234.8571429,602.000,464.000
color_7,1.761452128,-234.5714286,603.000,463.500
color_7,1.762721313,-234.2857143,604.000,463.000
color_7,1.763990498,-234,605.000,462.500
color_7,1.765259683,-233.7142857,606.000,462.000
color_7,1.766528869,-233.4285714,607.000,461.500
color_7,1.767798054,-233.4285714,608.000,461.500
color_7,1.769067239,-232.8571429,609.000,460.500
color_7,1.770336424,-232.2857143,610.000,459.500
color_7,1.771605609,-232,611.000,459.000
color_7,1.772874794,-231.7142857,612.000,458.500
color_7,1.774143979,-231.1428571,613.000,457.500
color_7,1.775413164,-230.5714286,614.000,456.500
color_7,1.776682349,-230,615.000,455.500
color_7,1.777951534,-230,616.000,455.500
color_7,1.779220719,-229.4285714,617.000,454.500
color_7,1.780489905,-228.8571429,618.000,453.500
color_7,1.78175909,-228.2857143,619.000,452.500
color_7,1.783028275,-227.7142857,620.000,451.500
color_7,1.78429746,-227.1428571,621.000,450.500
color_7,1.785566645,-226.2857143,622.000,449.000
color_7,1.78683583,-225.7142857,623.000,448.000
color_7,1.788105015,-225.1428571,624.000,447.000
color_7,1.7893742,-224.2857143,625.000,445.500
color_7,1.790643385,-223.4285714,626.000,444.000
color_7,1.79191257,-222.8571429,627.000,443.000
color_7,1.793181755,-222.2857143,628.000,442.000
color_7,1.79445094,-221.4285714,629.000,440.500
color_7,1.795720126,-220.8571429,630.000,439.500
color_7,1.796989311,-220,631.000,438.000
color_7,1.798258496,-219.1428571,632.000,436.500
color_7,1.799527681,-218.2857143,633.000,435.000
color_7,1.800796866,-217.4285714,634.000,433.500
color_7,1.802066051,-216.2857143,635.000,431.500
color_7,1.803335236,-215.1428571,636.000,429.500
color_7,1.804604421,-214.2857143,637.000,428.000
color_7,1.805873606,-213.4285714,638.000,426.500
color_7,1.807142791,-212.5714286,639.000,425.000
color_7,1.808411976,-211.7142857,640.000,423.500
color_7,1.809681162,-210.5714286,641.000,421.500
color_7,1.810950347,-209.7142857,642.000,420.000
color_7,1.812219532,-208.5714286,643.000,418.000
color_7,1.813488717,-207.1428571,644.000,415.500
color_7,1.814757902,-206.2857143,645.000,414.000
color_7,1.816027087,-205.1428571,646.000,412.000
color_7,1.817296272,-203.7142857,647.000,409.500
color_7,1.818565457,-202.8571429,648.000,408.000
color_7,1.819834642,-201.7142857,649.000,406.000
color_7,1.821103827,-200.5714286,650.000,404.000
color_7,1.822373012,-199.1428571,651.000,401.500
color_7,1.823642198,-198.2857143,652.000,400.000
color_7,1.824911383,-196.8571429,653.000,397.500
color_7,1.826180568,-195.4285714,654.000,395.000
color_7,1.827449753,-194.2857143,655.000,393.000
color_7,1.828718938,-193.4285714,656.000,391.500
color_7,1.829988123,-191.7142857,657.000,388.500
color_7,1.831257308,-190.2857143,658.000,386.000
color_7,1.832526493,-188.8571429,659.000,383.500
color_7,1.833795678,-187.4285714,660.000,381.000
color_7,1.835064863,-186,661.000,378.500
color_7,1.836334048,-184.8571429,662.000,376.500
color_7,1.837603233,-183.1428571,663.000,373.500
color_7,1.838872419,-181.7142857,664.000,371.000
color_7,1.840141604,-180.5714286,665.000,369.000
color_7,1.841410789,-178.8571429,666.000,366.000
color_7,1.842679974,-178,667.000,364.500
color_7,1.843949159,-176.2857143,668.000,361.500
color_7,1.845218344,-175.1428571,669.000,359.500
color_7,1.846487529,-174,670.000,357.500
color_7,1.847756714,-172.2857143,671.000,354.500
color_7,1.849025899,-170.8571429,672.000,352.000
color_7,1.850295084,-169.7142857,673.000,350.000
color_7,1.851564269,-168.2857143,674.000,347.500
color_7,1.852833455,-166,675.000,343.500
color_7,1.85410264,-164.8571429,676.000,341.500
color_7,1.855371825,-163.4285714,677.000,339.000
color_7,1.85664101,-162.2857143,678.000,337.000
color_7,1.857910195,-160.5714286,679.000,334.000
color_7,1.85917938,-159.1428571,680.000,331.500
color_7,1.860448565,-156.2857143,681.000,326.500
color_7,1.86171775,-155.1428571,682.000,324.500
color_7,1.862986935,-154.2857143,683.000,323.000
color_7,1.86425612,-151.7142857,684.000,318.500
color_7,1.865525305,-150.2857143,685.000,316.000
color_7,1.866794491,-148.2857143,686.000,312.500
color_7,1.868063676,-146.5714286,687.000,309.500
color_7,1.869332861,-145.1428571,688.000,307.000
color_7,1.870602046,-143.7142857,689.000,304.500
color_7,1.871871231,-142.2857143,690.000,302.000
color_7,1.873140416,-140.8571429,691.000,299.500
color_7,1.874409601,-138.8571429,692.000,296.000
color_7,1.875678786,-137.4285714,693.000,293.500
color_7,1.876947971,-135.4285714,694.000,290.000
color_7,1.878217156,-133.1428571,695.000,286.000
color_7,1.879486341,-131.7142857,696.000,283.500
color_7,1.880755527,-130.2857143,697.000,281.000
color_7,1.882024712,-128.8571429,698.000,278.500
color_7,1.883293897,-127.4285714,699.000,276.000
color_7,1.884563082,-125.7142857,700.000,273.000
color_7,1.885832267,-124.2857143,701.000,270.500
color_7,1.887101452,-122.8571429,702.000,268.000
color_7,1.888370637,-121.4285714,703.000,265.500
color_7,1.889639822,-119.7142857,704.000,262.500
color_7,1.890909007,-118.2857143,705.000,260.000
color_7,1.892178192,-116,706.000,256.000
color_7,1.893447377,-114.8571429,707.000,254.000
color_7,1.894716562,-113.1428571,708.000,251.000
color_7,1.895985748,-111.7142857,709.000,248.500
color_7,1.897254933,-110.2857143,710.000,246.000
color_7,1.898524118,-107.7142857,711.000,241.500
color_7,1.899793303,-106.5714286,712.000,239.500
color_7,1.901062488,-104.8571429,713.000,236.500
color_7,1.902331673,-102.8571429,714.000,233.000
color_7,1.903600858,-101.1428571,715.000,230.000
color_7,1.904870043,-99.71428571,716.000,227.500
color_7,1.906139228,-97.42857143,717.000,223.500
color_7,1.907408413,-95.71428571,718.000,220.500
color_7,1.908677598,-94,719.000,217.500
color_7,1.909946784,-92,720.000,214.000
color_7,1.911215969,-90.57142857,721.000,211.500
color_7,1.912485154,-89.14285714,722.000,209.000
color_7,1.913754339,-87.42857143,723.000,206.000
color_7,1.915023524,-86,724.000,203.500
color_7,1.916292709,-84.85714286,725.000,201.500
color_7,1.917561894,-82.57142857,726.000,197.500
color_7,1.918831079,-80.85714286,727.000,194.500
color_7,1.920100264,-78.85714286,728.000,191.000
color_7,1.921369449,-77.14285714,729.000,188.000
color_7,1.922638634,-75.71428571,730.000,185.500
color_7,1.92390782,-72.28571429,731.000,179.500
color_7,1.925177005,-70.85714286,732.000,177.000
color_7,1.92644619,-68.57142857,733.000,173.000
color_7,1.927715375,-67.14285714,734.000,170.500
color_7,1.92898456,-65.14285714,735.000,167.000
color_7,1.930253745,-63.71428571,736.000,164.500
color_7,1.93152293,-62,737.000,161.500
color_7,1.932792115,-60.28571429,738.000,158.500
color_7,1.9340613,-58.28571429,739.000,155.000
color_7,1.935330485,-56.57142857,740.000,152.000
color_7,1.93659967,-54.57142857,741.000,148.500
color_7,1.937868855,-52.85714286,742.000,145.500
color_7,1.939138041,-51.42857143,743.000,143.000
color_7,1.940407226,-49.42857143,744.000,139.500
color_7,1.941676411,-47.42857143,745.000,136.000
color_7,1.942945596,-45.71428571,746.000,133.000
color_7,1.944214781,-44.28571429,747.000,130.500
color_7,1.945483966,-42.28571429,748.000,127.000
color_7,1.946753151,-40.57142857,749.000,124.000
color_7,1.948022336,-38.57142857,750.000,120.500
color_7,1.949291521,-36.85714286,751.000,117.500
color_7,1.950560706,-35.42857143,752.000,115.000
color_7,1.951829891,-32.57142857,753.000,110.000
color_7,1.953099077,-30.57142857,754.000,106.500
color_7,1.954368262,-28.57142857,755.000,103.000
color_7,1.955637447,-27.14285714,756.000,100.500
color_7,1.956906632,-26.28571429,757.000,99.000
color_7,1.958175817,-25.42857143,758.000,97.500
color_8,1.687839393,-32.85714286,545.000,110.500
color_8,1.689108578,-32.85714286,546.000,110.500
color_8,1.690377763,-32.85714286,547.000,110.500
color_8,1.691646948,-32.85714286,548.000,110.500
color_8,1.692916133,-32.85714286,549.000,110.500
color_8,1.694185319,-32.85714286,550.000,110.500
color_8,1.695454504,-32.85714286,551.000,110.500
color_8,1.696723689,-32.85714286,552.000,110.500
color_8,1.697992874,-32.85714286,553.000,110.500
color_8,1.699262059,-32.85714286,554.000,110.500
color_8,1.700531244,-32.85714286,555.000,110.500
color_8,1.701800429,-32.85714286,556.000,110.500
color_8,1.703069614,-32.85714286,557.000,110.500
color_8,1.704338799,-32.85714286,558.000,110.500
color_8,1.705607984,-32.85714286,559.000,110.500
color_8,1.706877169,-32.85714286,560.000,110.500
color_8,1.708146354,-32.85714286,561.000,110.500
color_8,1.70941554,-32.85714286,562.000,110.500
color_8,1.710684725,-32.85714286,563.000,110.500
color_8,1.71195391,-32.85714286,564.000,110.500
color_8,1.713223095,-32.85714286,565.000,110.500
color_8,1.71449228,-32.85714286,566.000,110.500
color_8,1.715761465,-32.85714286,567.000,110.500
color_8,1.71703065,-32.85714286,568.000,110.500
color_8,1.718299835,-32.85714286,569.000,110.500
color_8,1.71956902,-32.85714286,570.000,110.500
color_8,1.720838205,-32.85714286,571.000,110.500
color_8,1.72210739,-32.85714286,572.000,110.500
color_8,1.723376576,-32.85714286,573.000,110.500
color_8,1.724645761,-32.85714286,574.000,110.500
color_8,1.725914946,-32.85714286,575.000,110.500
color_8,1.727184131,-32.85714286,576.000,110.500
color_8,1.728453316,-32.85714286,577.000,110.500
color_8,1.729722501,-32.85714286,578.000,110.500
color_8,1.730991686,-32.85714286,579.000,110.500
color_8,1.732260871,-32.85714286,580.000,110.500
color_8,1.733530056,-32.85714286,581.000,110.500
color_8,1.734799241,-32.85714286,582.000,110.500
color_8,1.736068426,-32.85714286,583.000,110.500
color_8,1.737337612,-32.85714286,584.000,110.500
color_8,1.738606797,-32.85714286,585.000,110.500
color_8,1.739875982,-32.85714286,586.000,110.500
color_8,1.741145167,-32.85714286,587.000,110.500
color_8,1.742414352,-32.85714286,588.000,110.500
color_8,1.743683537,-32.85714286,589.000,110.500
color_8,1.744952722,-32.85714286,590.000,110.500
color_8,1.746221907,-32.85714286,591.000,110.500
color_8,1.747491092,-33.14285714,592.000,111.000
color_8,1.748760277,-33.14285714,593.000,111.000
color_8,1.750029462,-33.14285714,594.000,111.000
color_8,1.751298647,-33.14285714,595.000,111.000
color_8,1.752567833,-33.14285714,596.000,111.000
color_8,1.753837018,-33.14285714,597.000,111.000
color_8,1.755106203,-33.14285714,598.000,111.000
color_8,1.756375388,-33.14285714,599.000,111.000
color_8,1.757644573,-33.14285714,600.000,111.000
color_8,1.758913758,-132.2857143,601.000,284.500
color_8,1.760182943,-231.4285714,602.000,458.000
color_8,1.761452128,-230.8571429,603.000,457.000
color_8,1.762721313,-230.2857143,604.000,456.000
color_8,1.763990498,-230,605.000,455.500
color_8,1.765259683,-229.4285714,606.000,454.500
color_8,1.766528869,-228.8571429,607.000,453.500
color_8,1.767798054,-228.2857143,608.000,452.500
color_8,1.769067239,-228.2857143,609.000,452.500
color_8,1.770336424,-227.4285714,610.000,451.000
color_8,1.771605609,-226.5714286,611.000,449.500
color_8,1.772874794,-226,612.000,448.500
color_8,1.774143979,-225.4285714,613.000,447.500
color_8,1.775413164,-224.8571429,614.000,446.500
color_8,1.776682349,-224.2857143,615.000,445.500
color_8,1.777951534,-223.7142857,616.000,444.500
color_8,1.779220719,-222.8571429,617.000,443.000
color_8,1.780489905,-222.2857143,618.000,442.000
color_8,1.78175909,-221.7142857,619.000,441.000
color_8,1.783028275,-221.1428571,620.000,440.000
color_8,1.78429746,-220.2857143,621.000,438.500
color_8,1.785566645,-219.4285714,622.000,437.000
color_8,1.78683583,-218.8571429,623.000,436.000
color_8,1.788105015,-218,624.000,434.500
color_8,1.7893742,-216.8571429,625.000,432.500
color_8,1.790643385,-216.2857143,626.000,431.500
color_8,1.79191257,-215.1428571,627.000,429.500
color_8,1.793181755,-214.5714286,628.000,428.500
color_8,1.79445094,-213.7142857,629.000,427.000
color_8,1.795720126,-212.8571429,630.000,425.500
color_8,1.796989311,-212,631.000,424.000
color_8,1.798258496,-211.1428571,632.000,422.500
color_8,1.799527681,-210.2857143,633.000,421.000
color_8,1.800796866,-209.1428571,634.000,419.000
color_8,1.802066051,-208.2857143,635.000,417.500
color_8,1.803335236,-207.4285714,636.000,416.000
color_8,1.804604421,-206.5714286,637.000,414.500
color_8,1.805873606,-205.7142857,638.000,413.000
color_8,1.807142791,-205.1428571,639.000,412.000
color_8,1.808411976,-204.2857143,640.000,410.500
color_8,1.809681162,-203.4285714,641.000,409.000
color_8,1.810950347,-202.8571429,642.000,408.000
color_8,1.812219532,-201.4285714,643.000,405.500
color_8,1.813488717,-200.5714286,644.000,404.000
color_8,1.814757902,-199.4285714,645.000,402.000
color_8,1.816027087,-198.2857143,646.000,400.000
color_8,1.817296272,-197.4285714,647.000,398.500
color_8,1.818565457,-196.2857143,648.000,396.500
color_8,1.819834642,-195.4285714,649.000,395.000
color_8,1.821103827,-194.5714286,650.000,393.500
color_8,1.822373012,-193.4285714,651.000,391.500
color_8,1.823642198,-192.8571429,652.000,390.500
color_8,1.824911383,-191.7142857,653.000,388.500
color_8,1.826180568,-190.8571429,654.000,387.000
color_8,1.827449753,-190,655.000,385.500
color_8,1.828718938,-188.8571429,656.000,383.500
color_8,1.829988123,-187.1428571,657.000,380.500
color_8,1.831257308,-186.2857143,658.000,379.000
color_8,1.832526493,-184.8571429,659.000,376.500
color_8,1.833795678,-183.7142857,660.000,374.500
color_8,1.835064863,-182,661.000,371.500
color_8,1.836334048,-181.1428571,662.000,370.000
color_8,1.837603233,-180,663.000,368.000
color_8,1.85664101,-165.7142857,678.000,343.000
color_8,1.857910195,-164.2857143,679.000,340.500
color_8,1.85917938,-163.1428571,680.000,338.500
color_8,1.860448565,-162,681.000,336.500
color_8,1.86171775,-160.8571429,682.000,334.500
color_8,1.862986935,-159.7142857,683.000,332.500
color_8,1.86425612,-157.7142857,684.000,329.000
color_8,1.865525305,-156.2857143,685.000,326.500
color_8,1.866794491,-154.8571429,686.000,324.000
color_8,1.868063676,-154,687.000,322.500
color_8,1.869332861,-152.8571429,688.000,320.500
color_8,1.870602046,-152,689.000,319.000
color_8,1.871871231,-151.1428571,690.000,317.500
color_8,1.873140416,-150,691.000,315.500
color_8,1.874409601,-148.8571429,692.000,313.500
color_8,1.875678786,-147.7142857,693.000,311.500
color_8,1.876947971,-146.5714286,694.000,309.500
color_8,1.878217156,-144.8571429,695.000,306.500
color_8,1.879486341,-143.7142857,696.000,304.500
color_8,1.880755527,-142.5714286,697.000,302.500
color_8,1.882024712,-141.4285714,698.000,300.500
color_8,1.883293897,-140,699.000,298.000
color_8,1.884563082,-138.8571429,700.000,296.000
color_8,1.885832267,-138,701.000,294.500
color_8,1.887101452,-136.5714286,702.000,292.000
color_8,1.888370637,-135.4285714,703.000,290.000
color_8,1.889639822,-134,704.000,287.500
color_8,1.890909007,-133.1428571,705.000,286.000
color_8,1.892178192,-131.7142857,706.000,283.500
color_8,1.893447377,-130.5714286,707.000,281.500
color_8,1.894716562,-129.7142857,708.000,280.000
color_8,1.895985748,-128.2857143,709.000,277.500
color_8,1.897254933,-127.1428571,710.000,275.500
color_8,1.898524118,-126,711.000,273.500
color_8,1.899793303,-125.1428571,712.000,272.000
color_8,1.901062488,-123.7142857,713.000,269.500
color_8,1.902331673,-122.5714286,714.000,267.500
color_8,1.903600858,-121.4285714,715.000,265.500
color_8,1.904870043,-120.2857143,716.000,263.500
color_8,1.906139228,-118.5714286,717.000,260.500
color_8,1.907408413,-117.7142857,718.000,259.000
color_8,1.908677598,-116.2857143,719.000,256.500
color_8,1.909946784,-115.1428571,720.000,254.500
color_8,1.911215969,-114,721.000,252.500
color_8,1.912485154,-112.8571429,722.000,250.500
color_8,1.913754339,-111.4285714,723.000,248.000
color_8,1.915023524,-110.5714286,724.000,246.500
color_8,1.916292709,-109.1428571,725.000,244.000
color_8,1.917561894,-107.7142857,726.000,241.500
color_8,1.918831079,-106.2857143,727.000,239.000
color_8,1.920100264,-104.8571429,728.000,236.500
color_8,1.921369449,-103.7142857,729.000,234.500
color_8,1.922638634,-102,730.000,231.500
color_8,1.92390782,-100.5714286,731.000,229.000
color_8,1.925177005,-99.71428571,732.000,227.500
color_8,1.92644619,-98.28571429,733.000,225.000
color_8,1.927715375,-97.42857143,734.000,223.500
color_8,1.92898456,-96.28571429,735.000,221.500
color_8,1.930253745,-95.42857143,736.000,220.000
color_8,1.93152293,-94.28571429,737.000,218.000
color_8,1.932792115,-93.14285714,738.000,216.000
color_8,1.9340613,-91.71428571,739.000,213.500
color_8,1.935330485,-90.85714286,740.000,212.000
color_8,1.93659967,-89.42857143,741.000,209.500
color_8,1.937868855,-88,742.000,207.000
color_8,1.939138041,-86.57142857,743.000,204.500
color_8,1.940407226,-85.14285714,744.000,202.000
color_8,1.941676411,-84.28571429,745.000,200.500
color_8,1.942945596,-83.14285714,746.000,198.500
color_8,1.944214781,-82,747.000,196.500
color_8,1.945483966,-80.85714286,748.000,194.500
color_8,1.946753151,-79.71428571,749.000,192.500
color_8,1.948022336,-78.57142857,750.000,190.500
color_8,1.949291521,-77.42857143,751.000,188.500
color_8,1.950560706,-76.28571429,752.000,186.500
color_8,1.951829891,-75.14285714,753.000,184.500
color_8,1.953099077,-73.71428571,754.000,182.000
color_8,1.954368262,-72.57142857,755.000,180.000
color_8,1.955637447,-71.42857143,756.000,178.000
color_8,1.956906632,-70.28571429,757.000,176.000
color_8,1.958175817,-70,758.000,175.500
