series,x,y,pixel_x,pixel_y
color_1,0.9971495598,21.77259887,172.000,89.000
color_1,0.9982749245,21.75524519,173.000,89.500
color_1,0.9994002892,21.77259887,174.000,89.000
color_1,1.000525654,21.77259887,175.000,89.000
color_1,1.001651018,23.16089298,176.000,49.000
color_1,1.002776383,23.19560033,177.000,48.000
color_1,1.003901748,23.19560033,178.000,48.000
color_1,1.005027112,23.19560033,179.000,48.000
color_1,1.006152477,23.21295401,180.000,47.500
color_1,1.007277842,23.23030768,181.000,47.000
color_1,1.008403206,23.23030768,182.000,47.000
color_1,1.009528571,23.23030768,183.000,47.000
color_1,1.010653936,23.21295401,184.000,47.500
color_1,1.0117793,23.21295401,185.000,47.500
color_1,1.012904665,23.21295401,186.000,47.500
color_1,1.01403003,23.21295401,187.000,47.500
color_1,1.015155394,23.21295401,188.000,47.500
color_1,1.016280759,23.21295401,189.000,47.500
color_1,1.017406124,23.21295401,190.000,47.500
color_1,1.018531488,23.21295401,191.000,47.500
color_1,1.019656853,23.21295401,192.000,47.500
color_1,1.020782218,23.21295401,193.000,47.500
color_1,1.021907582,23.21295401,194.000,47.500
color_1,1.023032947,23.21295401,195.000,47.500
color_1,1.024158312,23.21295401,196.000,47.500
color_1,1.025283676,23.21295401,197.000,47.500
color_1,1.026409041,23.21295401,198.000,47.500
color_1,1.027534406,23.21295401,199.000,47.500
color_1,1.02865977,23.21295401,200.000,47.500
color_1,1.029785135,23.21295401,201.000,47.500
color_1,1.0309105,23.21295401,202.000,47.500
color_1,1.032035864,23.21295401,203.000,47.500
color_1,1.033161229,23.21295401,204.000,47.500
color_1,1.034286593,23.21295401,205.000,47.500
color_1,1.035411958,23.21295401,206.000,47.500
color_1,1.036537323,23.21295401,207.000,47.500
color_1,1.037662687,23.21295401,208.000,47.500
color_1,1.038788052,23.21295401,209.000,47.500
color_1,1.039913417,23.21295401,210.000,47.500
color_1,1.041038781,23.21295401,211.000,47.500
color_1,1.042164146,23.21295401,212.000,47.500
color_1,1.043289511,23.21295401,213.000,47.500
color_1,1.044414875,23.21295401,214.000,47.500
color_1,1.04554024,23.21295401,215.000,47.500
color_1,1.046665605,23.21295401,216.000,47.500
color_1,1.047790969,23.21295401,217.000,47.500
color_1,1.048916334,23.21295401,218.000,47.500
color_1,1.050041699,23.21295401,219.000,47.500
color_1,1.051167063,23.21295401,220.000,47.500
color_1,1.052292428,23.21295401,221.000,47.500
color_1,1.053417793,23.21295401,222.000,47.500
color_1,1.054543157,23.21295401,223.000,47.500
color_1,1.055668522,23.21295401,224.000,47.500
color_1,1.056793887,23.21295401,225.000,47.500
color_1,1.057919251,23.21295401,226.000,47.500
color_1,1.059044616,23.21295401,227.000,47.500
color_1,1.060169981,23.21295401,228.000,47.500
color_1,1.061295345,23.21295401,229.000,47.500
color_1,1.06242071,23.21295401,230.000,47.500
color_1,1.063546075,23.21295401,231.000,47.500
color_1,1.064671439,23.21295401,232.000,47.500
color_1,1.065796804,23.21295401,233.000,47.500
color_1,1.066922168,23.21295401,234.000,47.500
color_1,1.068047533,23.21295401,235.000,47.500
color_1,1.069172898,23.21295401,236.000,47.500
color_1,1.070298262,23.21295401,237.000,47.500
color_1,1.071423627,23.21295401,238.000,47.500
color_1,1.072548992,23.21295401,239.000,47.500
color_1,1.073674356,23.21295401,240.000,47.500
color_1,1.074799721,23.21295401,241.000,47.500
color_1,1.075925086,23.21295401,242.000,47.500
color_1,1.07705045,23.21295401,243.000,47.500
color_1,1.078175815,23.21295401,244.000,47.500
color_1,1.07930118,23.21295401,245.000,47.500
color_1,1.080426544,23.21295401,246.000,47.500
color_1,1.081551909,23.21295401,247.000,47.500
color_1,1.082677274,23.21295401,248.000,47.500
color_1,1.083802638,23.21295401,249.000,47.500
color_1,1.084928003,23.21295401,250.000,47.500
color_1,1.086053368,23.21295401,251.000,47.500
color_1,1.087178732,23.21295401,252.000,47.500
color_1,1.088304097,23.21295401,253.000,47.500
color_1,1.089429462,23.21295401,254.000,47.500
color_1,1.090554826,23.21295401,255.000,47.500
color_1,1.091680191,23.21295401,256.000,47.500
color_1,1.092805556,23.21295401,257.000,47.500
color_1,1.09393092,23.21295401,258.000,47.500
color_1,1.095056285,23.21295401,259.000,47.500
color_1,1.09618165,23.21295401,260.000,47.500
color_1,1.097307014,23.21295401,261.000,47.500
color_1,1.098432379,23.21295401,262.000,47.500
color_1,1.099557743,23.21295401,263.000,47.500
color_1,1.100683108,23.21295401,264.000,47.500
color_1,1.101808473,23.21295401,265.000,47.500
color_1,1.102933837,23.21295401,266.000,47.500
color_1,1.104059202,23.21295401,267.000,47.500
color_1,1.105184567,23.21295401,268.000,47.500
color_1,1.106309931,23.21295401,269.000,47.500
color_1,1.107435296,23.21295401,270.000,47.500
color_1,1.108560661,23.21295401,271.000,47.500
color_1,1.109686025,23.21295401,272.000,47.500
color_1,1.11081139,23.21295401,273.000,47.500
color_1,1.111936755,23.21295401,274.000,47.500
color_1,1.113062119,23.21295401,275.000,47.500
color_1,1.114187484,23.21295401,276.000,47.500
color_1,1.115312849,23.21295401,277.000,47.500
color_1,1.116438213,23.21295401,278.000,47.500
color_1,1.117563578,23.21295401,279.000,47.500
color_1,1.118688943,23.21295401,280.000,47.500
color_1,1.119814307,23.21295401,281.000,47.500
color_1,1.120939672,23.21295401,282.000,47.500
color_1,1.122065037,23.21295401,283.000,47.500
color_1,1.123190401,23.21295401,284.000,47.500
color_1,1.124315766,23.21295401,285.000,47.500
color_1,1.125441131,23.21295401,286.000,47.500
color_1,1.126566495,23.21295401,287.000,47.500
color_1,1.12769186,23.21295401,288.000,47.500
color_1,1.128817225,23.21295401,289.000,47.500
color_1,1.129942589,23.21295401,290.000,47.500
color_1,1.131067954,23.21295401,291.000,47.500
color_1,1.132193318,23.21295401,292.000,47.500
color_1,1.133318683,23.21295401,293.000,47.500
color_1,1.134444048,23.21295401,294.000,47.500
color_1,1.135569412,23.21295401,295.000,47.500
color_1,1.136694777,23.21295401,296.000,47.500
color_1,1.137820142,23.21295401,297.000,47.500
color_1,1.138945506,23.21295401,298.000,47.500
color_1,1.140070871,23.21295401,299.000,47.500
color_1,1.141196236,23.21295401,300.000,47.500
color_1,1.1423216,23.21295401,301.000,47.500
color_1,1.143446965,23.21295401,302.000,47.500
color_1,1.14457233,23.21295401,303.000,47.500
color_1,1.145697694,23.21295401,304.000,47.500
color_1,1.146823059,23.21295401,305.000,47.500
color_1,1.147948424,23.21295401,306.000,47.500
color_1,1.149073788,23.21295401,307.000,47.500
color_1,1.150199153,23.21295401,308.000,47.500
color_1,1.151324518,23.21295401,309.000,47.500
color_1,1.152449882,23.21295401,310.000,47.500
color_1,1.153575247,23.21295401,311.000,47.500
color_1,1.154700612,23.21295401,312.000,47.500
color_1,1.155825976,23.21295401,313.000,47.500
color_1,1.156951341,23.21295401,314.000,47.500
color_1,1.158076706,23.21295401,315.000,47.500
color_1,1.15920207,23.21295401,316.000,47.500
color_1,1.160327435,23.21295401,317.000,47.500
color_1,1.1614528,23.21295401,318.000,47.500
color_1,1.162578164,23.21295401,319.000,47.500
color_1,1.163703529,23.21295401,320.000,47.500
color_1,1.164828893,23.21295401,321.000,47.500
color_1,1.165954258,23.21295401,322.000,47.500
color_1,1.167079623,23.21295401,323.000,47.500
color_1,1.168204987,23.21295401,324.000,47.500
color_1,1.169330352,23.21295401,325.000,47.500
color_1,1.170455717,23.21295401,326.000,47.500
color_1,1.171581081,23.21295401,327.000,47.500
color_1,1.172706446,23.21295401,328.000,47.500
color_1,1.173831811,23.21295401,329.000,47.500
color_1,1.174957175,23.21295401,330.000,47.500
color_1,1.17608254,23.21295401,331.000,47.500
color_1,1.177207905,23.21295401,332.000,47.500
color_1,1.178333269,23.21295401,333.000,47.500
color_1,1.179458634,23.21295401,334.000,47.500
color_1,1.180583999,23.21295401,335.000,47.500
color_1,1.181709363,23.21295401,336.000,47.500
color_1,1.182834728,23.21295401,337.000,47.500
color_1,1.183960093,23.21295401,338.000,47.500
color_1,1.185085457,23.21295401,339.000,47.500
color_1,1.186210822,23.21295401,340.000,47.500
color_1,1.187336187,23.21295401,341.000,47.500
color_1,1.188461551,23.21295401,342.000,47.500
color_1,1.189586916,23.21295401,343.000,47.500
color_1,1.190712281,23.21295401,344.000,47.500
color_1,1.191837645,23.21295401,345.000,47.500
color_1,1.19296301,23.21295401,346.000,47.500
color_1,1.194088375,23.21295401,347.000,47.500
color_1,1.195213739,23.21295401,348.000,47.500
color_1,1.196339104,23.21295401,349.000,47.500
color_1,1.197464468,23.21295401,350.000,47.500
color_1,1.198589833,23.21295401,351.000,47.500
color_1,1.199715198,23.21295401,352.000,47.500
color_1,1.200840562,23.21295401,353.000,47.500
color_1,1.201965927,23.21295401,354.000,47.500
color_1,1.203091292,23.21295401,355.000,47.500
color_1,1.204216656,23.21295401,356.000,47.500
color_1,1.205342021,23.21295401,357.000,47.500
color_1,1.206467386,23.21295401,358.000,47.500
color_1,1.20759275,23.21295401,359.000,47.500
color_1,1.208718115,23.21295401,360.000,47.500
color_1,1.20984348,23.21295401,361.000,47.500
color_1,1.210968844,23.21295401,362.000,47.500
color_1,1.212094209,23.21295401,363.000,47.500
color_1,1.213219574,23.21295401,364.000,47.500
color_1,1.214344938,23.21295401,365.000,47.500
color_1,1.215470303,23.21295401,366.000,47.500
color_1,1.216595668,23.21295401,367.000,47.500
color_1,1.217721032,23.21295401,368.000,47.500
color_1,1.218846397,23.21295401,369.000,47.500
color_1,1.219971762,23.21295401,370.000,47.500
color_1,1.221097126,23.21295401,371.000,47.500
color_1,1.222222491,23.21295401,372.000,47.500
color_1,1.223347856,23.21295401,373.000,47.500
color_1,1.22447322,23.21295401,374.000,47.500
color_1,1.225598585,23.21295401,375.000,47.500
color_1,1.22672395,23.21295401,376.000,47.500
color_1,1.227849314,23.21295401,377.000,47.500
color_1,1.228974679,23.21295401,378.000,47.500
color_1,1.230100043,23.21295401,379.000,47.500
color_1,1.231225408,23.21295401,380.000,47.500
color_1,1.232350773,23.21295401,381.000,47.500
color_1,1.233476137,23.21295401,382.000,47.500
color_1,1.234601502,23.21295401,383.000,47.500
color_1,1.235726867,23.21295401,384.000,47.500
color_1,1.236852231,23.21295401,385.000,47.500
color_1,1.237977596,23.21295401,386.000,47.500
color_1,1.239102961,23.21295401,387.000,47.500
color_1,1.240228325,23.21295401,388.000,47.500
color_1,1.24135369,23.21295401,389.000,47.500
color_1,1.242479055,23.21295401,390.000,47.500
color_1,1.243604419,23.21295401,391.000,47.500
color_1,1.244729784,23.21295401,392.000,47.500
color_1,1.245855149,23.21295401,393.000,47.500
color_1,1.246980513,23.21295401,394.000,47.500
color_1,1.248105878,23.21295401,395.000,47.500
color_1,1.249231243,23.21295401,396.000,47.500
color_1,1.250356607,23.21295401,397.000,47.500
color_1,1.251481972,23.21295401,398.000,47.500
color_1,1.252607337,23.21295401,399.000,47.500
color_1,1.253732701,23.21295401,400.000,47.500
color_1,1.254858066,23.21295401,401.000,47.500
color_1,1.255983431,23.21295401,402.000,47.500
color_1,1.257108795,23.21295401,403.000,47.500
color_1,1.25823416,23.21295401,404.000,47.500
color_1,1.259359525,23.21295401,405.000,47.500
color_1,1.260484889,23.21295401,406.000,47.500
color_1,1.261610254,23.21295401,407.000,47.500
color_1,1.262735619,23.21295401,408.000,47.500
color_1,1.263860983,23.21295401,409.000,47.500
color_1,1.264986348,23.21295401,410.000,47.500
color_1,1.266111712,23.21295401,411.000,47.500
color_1,1.267237077,23.21295401,412.000,47.500
color_1,1.268362442,23.21295401,413.000,47.500
color_1,1.269487806,23.21295401,414.000,47.500
color_1,1.270613171,23.21295401,415.000,47.500
color_1,1.271738536,23.21295401,416.000,47.500
color_1,1.2728639,23.21295401,417.000,47.500
color_1,1.273989265,23.21295401,418.000,47.500
color_1,1.27511463,23.21295401,419.000,47.500
color_1,1.276239994,23.21295401,420.000,47.500
color_1,1.277365359,23.21295401,421.000,47.500
color_1,1.278490724,23.21295401,422.000,47.500
color_1,1.279616088,23.21295401,423.000,47.500
color_1,1.280741453,23.21295401,424.000,47.500
color_1,1.281866818,23.21295401,425.000,47.500
color_1,1.282992182,23.21295401,426.000,47.500
color_1,1.284117547,23.21295401,427.000,47.500
color_1,1.285242912,23.21295401,428.000,47.500
color_1,1.286368276,23.21295401,429.000,47.500
color_1,1.287493641,23.21295401,430.000,47.500
color_1,1.288619006,23.21295401,431.000,47.500
color_1,1.28974437,23.21295401,432.000,47.500
color_1,1.290869735,23.21295401,433.000,47.500
color_1,1.2919951,23.21295401,434.000,47.500
color_1,1.293120464,23.21295401,435.000,47.500
color_1,1.294245829,23.21295401,436.000,47.500
color_1,1.295371194,23.21295401,437.000,47.500
color_1,1.296496558,23.21295401,438.000,47.500
color_1,1.297621923,23.21295401,439.000,47.500
color_1,1.298747287,23.21295401,440.000,47.500
color_1,1.299872652,23.21295401,441.000,47.500
color_1,1.300998017,23.21295401,442.000,47.500
color_1,1.302123381,23.21295401,443.000,47.500
color_1,1.303248746,23.21295401,444.000,47.500
color_1,1.304374111,23.21295401,445.000,47.500
color_1,1.305499475,23.21295401,446.000,47.500
color_1,1.30662484,23.21295401,447.000,47.500
color_1,1.307750205,23.21295401,448.000,47.500
color_1,1.308875569,23.21295401,449.000,47.500
color_1,1.310000934,23.21295401,450.000,47.500
color_1,1.311126299,23.21295401,451.000,47.500
color_1,1.312251663,23.21295401,452.000,47.500
color_1,1.313377028,23.21295401,453.000,47.500
color_1,1.314502393,23.21295401,454.000,47.500
color_1,1.315627757,23.21295401,455.000,47.500
color_1,1.316753122,23.21295401,456.000,47.500
color_1,1.317878487,23.21295401,457.000,47.500
color_1,1.319003851,23.21295401,458.000,47.500
color_1,1.320129216,23.21295401,459.000,47.500
color_1,1.321254581,23.21295401,460.000,47.500
color_1,1.322379945,23.21295401,461.000,47.500
color_1,1.32350531,23.21295401,462.000,47.500
color_1,1.324630675,23.21295401,463.000,47.500
color_1,1.325756039,23.21295401,464.000,47.500
color_1,1.326881404,23.21295401,465.000,47.500
color_1,1.328006769,23.21295401,466.000,47.500
color_1,1.329132133,23.21295401,467.000,47.500
color_1,1.330257498,23.21295401,468.000,47.500
color_1,1.331382862,23.21295401,469.000,47.500
color_1,1.332508227,23.21295401,470.000,47.500
color_1,1.333633592,23.21295401,471.000,47.500
color_1,1.334758956,23.21295401,472.000,47.500
color_1,1.335884321,23.21295401,473.000,47.500
color_1,1.337009686,23.21295401,474.000,47.500
color_1,1.33813505,23.21295401,475.000,47.500
color_1,1.339260415,23.21295401,476.000,47.500
color_1,1.34038578,23.21295401,477.000,47.500
color_1,1.341511144,23.21295401,478.000,47.500
color_1,1.342636509,23.21295401,479.000,47.500
color_1,1.343761874,23.21295401,480.000,47.500
color_1,1.344887238,23.21295401,481.000,47.500
color_1,1.346012603,23.21295401,482.000,47.500
color_1,1.347137968,23.21295401,483.000,47.500
color_1,1.348263332,23.21295401,484.000,47.500
color_1,1.349388697,23.21295401,485.000,47.500
color_1,1.350514062,23.21295401,486.000,47.500
color_1,1.351639426,23.21295401,487.000,47.500
color_1,1.352764791,23.21295401,488.000,47.500
color_1,1.353890156,23.21295401,489.000,47.500
color_1,1.35501552,23.21295401,490.000,47.500
color_1,1.356140885,23.21295401,491.000,47.500
color_1,1.35726625,23.21295401,492.000,47.500
color_1,1.358391614,23.21295401,493.000,47.500
color_1,1.359516979,23.21295401,494.000,47.500
color_1,1.360642344,23.21295401,495.000,47.500
color_1,1.361767708,23.21295401,496.000,47.500
color_1,1.362893073,23.21295401,497.000,47.500
color_1,1.364018437,23.21295401,498.000,47.500
color_1,1.365143802,23.21295401,499.000,47.500
color_1,1.366269167,23.21295401,500.000,47.500
color_1,1.367394531,23.21295401,501.000,47.500
color_1,1.368519896,23.21295401,502.000,47.500
color_1,1.369645261,23.21295401,503.000,47.500
color_1,1.370770625,23.21295401,504.000,47.500
color_1,1.37189599,23.21295401,505.000,47.500
color_1,1.373021355,23.21295401,506.000,47.500
color_1,1.374146719,23.21295401,507.000,47.500
color_1,1.375272084,23.21295401,508.000,47.500
color_1,1.376397449,23.21295401,509.000,47.500
color_1,1.377522813,23.21295401,510.000,47.500
color_1,1.378648178,23.21295401,511.000,47.500
color_1,1.379773543,23.21295401,512.000,47.500
color_1,1.380898907,23.21295401,513.000,47.500
color_1,1.382024272,23.21295401,514.000,47.500
color_1,1.383149637,23.21295401,515.000,47.500
color_1,1.384275001,23.21295401,516.000,47.500
color_1,1.385400366,23.21295401,517.000,47.500
color_1,1.386525731,23.21295401,518.000,47.500
color_1,1.387651095,23.21295401,519.000,47.500
color_1,1.38877646,23.21295401,520.000,47.500
color_1,1.389901825,23.21295401,521.000,47.500
color_1,1.391027189,23.21295401,522.000,47.500
color_1,1.392152554,23.21295401,523.000,47.500
color_1,1.393277919,23.21295401,524.000,47.500
color_1,1.394403283,23.21295401,525.000,47.500
color_1,1.395528648,23.21295401,526.000,47.500
color_1,1.396654012,23.21295401,527.000,47.500
color_1,1.397779377,23.21295401,528.000,47.500
color_1,1.398904742,23.21295401,529.000,47.500
color_1,1.400030106,23.21295401,530.000,47.500
color_1,1.401155471,23.21295401,531.000,47.500
color_1,1.402280836,23.21295401,532.000,47.500
color_1,1.4034062,23.21295401,533.000,47.500
color_1,1.404531565,23.21295401,534.000,47.500
color_1,1.40565693,23.21295401,535.000,47.500
color_1,1.406782294,23.21295401,536.000,47.500
color_1,1.407907659,23.21295401,537.000,47.500
color_1,1.409033024,23.21295401,538.000,47.500
color_1,1.410158388,23.21295401,539.000,47.500
color_1,1.411283753,23.21295401,540.000,47.500
color_1,1.412409118,23.21295401,541.000,47.500
color_1,1.413534482,23.21295401,542.000,47.500
color_1,1.414659847,23.21295401,543.000,47.500
color_1,1.415785212,23.21295401,544.000,47.500
color_1,1.416910576,23.21295401,545.000,47.500
color_1,1.418035941,23.21295401,546.000,47.500
color_1,1.419161306,23.21295401,547.000,47.500
color_1,1.42028667,23.21295401,548.000,47.500
color_1,1.421412035,23.21295401,549.000,47.500
color_1,1.4225374,23.21295401,550.000,47.500
color_1,1.423662764,23.21295401,551.000,47.500
color_1,1.424788129,23.21295401,552.000,47.500
color_1,1.425913494,23.21295401,553.000,47.500
color_1,1.427038858,23.21295401,554.000,47.500
color_1,1.428164223,23.21295401,555.000,47.500
color_1,1.429289587,23.21295401,556.000,47.500
color_1,1.430414952,23.21295401,557.000,47.500
color_1,1.431540317,23.21295401,558.000,47.500
color_1,1.432665681,23.21295401,559.000,47.500
color_1,1.433791046,23.21295401,560.000,47.500
color_1,1.434916411,23.21295401,561.000,47.500
color_1,1.436041775,23.21295401,562.000,47.500
color_1,1.43716714,23.21295401,563.000,47.500
color_1,1.438292505,23.21295401,564.000,47.500
color_1,1.439417869,23.21295401,565.000,47.500
color_1,1.440543234,23.21295401,566.000,47.500
color_1,1.441668599,23.21295401,567.000,47.500
color_1,1.442793963,23.21295401,568.000,47.500
color_1,1.443919328,23.21295401,569.000,47.500
color_1,1.445044693,23.21295401,570.000,47.500
color_1,1.446170057,23.21295401,571.000,47.500
color_1,1.447295422,23.21295401,572.000,47.500
color_1,1.448420787,23.21295401,573.000,47.500
color_1,1.449546151,23.21295401,574.000,47.500
color_1,1.450671516,23.21295401,575.000,47.500
color_1,1.451796881,23.21295401,576.000,47.500
color_1,1.452922245,23.21295401,577.000,47.500
color_1,1.45404761,23.21295401,578.000,47.500
color_1,1.455172975,23.21295401,579.000,47.500
color_1,1.456298339,23.21295401,580.000,47.500
color_1,1.457423704,23.21295401,581.000,47.500
color_1,1.458549069,23.21295401,582.000,47.500
color_1,1.459674433,23.21295401,583.000,47.500
color_1,1.460799798,23.21295401,584.000,47.500
color_1,1.461925162,23.21295401,585.000,47.500
color_1,1.463050527,23.21295401,586.000,47.500
color_1,1.464175892,23.21295401,587.000,47.500
color_1,1.465301256,23.21295401,588.000,47.500
color_1,1.466426621,23.21295401,589.000,47.500
color_1,1.467551986,23.21295401,590.000,47.500
color_1,1.46867735,23.21295401,591.000,47.500
color_1,1.469802715,23.21295401,592.000,47.500
color_1,1.47092808,23.21295401,593.000,47.500
color_1,1.472053444,23.21295401,594.000,47.500
color_1,1.473178809,23.21295401,595.000,47.500
color_1,1.474304174,23.21295401,596.000,47.500
color_1,1.475429538,23.21295401,597.000,47.500
color_1,1.476554903,23.21295401,598.000,47.500
color_1,1.477680268,23.21295401,599.000,47.500
color_1,1.478805632,23.21295401,600.000,47.500
color_1,1.479930997,23.21295401,601.000,47.500
color_1,1.481056362,23.21295401,602.000,47.500
color_1,1.482181726,23.21295401,603.000,47.500
color_1,1.483307091,23.21295401,604.000,47.500
color_1,1.484432456,23.21295401,605.000,47.500
color_1,1.48555782,23.21295401,606.000,47.500
color_1,1.486683185,23.21295401,607.000,47.500
color_1,1.48780855,23.21295401,608.000,47.500
color_1,1.488933914,23.21295401,609.000,47.500
color_1,1.490059279,23.21295401,610.000,47.500
color_1,1.491184644,23.21295401,611.000,47.500
color_1,1.492310008,23.21295401,612.000,47.500
color_1,1.493435373,23.21295401,613.000,47.500
color_1,1.494560737,23.21295401,614.000,47.500
color_1,1.495686102,23.21295401,615.000,47.500
color_1,1.496811467,23.21295401,616.000,47.500
color_1,1.497936831,23.21295401,617.000,47.500
color_1,1.499062196,23.21295401,618.000,47.500
color_1,1.500187561,23.21295401,619.000,47.500
color_1,1.501312925,23.21295401,620.000,47.500
color_1,1.50243829,23.21295401,621.000,47.500
color_1,1.503563655,23.21295401,622.000,47.500
color_1,1.504689019,23.21295401,623.000,47.500
color_1,1.505814384,23.21295401,624.000,47.500
color_1,1.506939749,23.21295401,625.000,47.500
color_1,1.508065113,23.21295401,626.000,47.500
color_1,1.509190478,23.21295401,627.000,47.500
color_1,1.510315843,23.21295401,628.000,47.500
color_1,1.511441207,23.21295401,629.000,47.500
color_1,1.512566572,23.21295401,630.000,47.500
color_1,1.513691937,23.21295401,631.000,47.500
color_1,1.514817301,23.21295401,632.000,47.500
color_1,1.515942666,23.21295401,633.000,47.500
color_1,1.517068031,23.21295401,634.000,47.500
color_1,1.518193395,23.21295401,635.000,47.500
color_1,1.51931876,23.21295401,636.000,47.500
color_1,1.520444125,23.21295401,637.000,47.500
color_1,1.521569489,23.21295401,638.000,47.500
color_1,1.522694854,23.21295401,639.000,47.500
color_1,1.523820219,23.21295401,640.000,47.500
color_1,1.524945583,23.21295401,641.000,47.500
color_1,1.526070948,23.21295401,642.000,47.500
color_1,1.527196313,23.21295401,643.000,47.500
color_1,1.528321677,23.21295401,644.000,47.500
color_1,1.529447042,23.21295401,645.000,47.500
color_1,1.530572406,23.21295401,646.000,47.500
color_1,1.531697771,23.21295401,647.000,47.500
color_1,1.532823136,23.21295401,648.000,47.500
color_1,1.5339485,23.21295401,649.000,47.500
color_1,1.535073865,23.21295401,650.000,47.500
color_1,1.53619923,23.21295401,651.000,47.500
color_1,1.537324594,23.21295401,652.000,47.500
color_1,1.538449959,23.21295401,653.000,47.500
color_1,1.539575324,23.21295401,654.000,47.500
color_1,1.540700688,23.21295401,655.000,47.500
color_1,1.541826053,23.21295401,656.000,47.500
color_1,1.542951418,23.21295401,657.000,47.500
color_1,1.544076782,23.21295401,658.000,47.500
color_1,1.545202147,23.21295401,659.000,47.500
color_1,1.546327512,23.21295401,660.000,47.500
color_1,1.547452876,23.21295401,661.000,47.500
color_1,1.548578241,23.21295401,662.000,47.500
color_1,1.549703606,23.21295401,663.000,47.500
color_1,1.55082897,23.21295401,664.000,47.500
color_1,1.551954335,23.21295401,665.000,47.500
color_1,1.5530797,23.21295401,666.000,47.500
color_1,1.554205064,23.21295401,667.000,47.500
color_1,1.555330429,23.21295401,668.000,47.500
color_1,1.556455794,23.21295401,669.000,47.500
color_1,1.557581158,23.21295401,670.000,47.500
color_1,1.558706523,23.21295401,671.000,47.500
color_1,1.559831888,23.21295401,672.000,47.500
color_1,1.560957252,23.21295401,673.000,47.500
color_1,1.562082617,23.21295401,674.000,47.500
color_1,1.563207981,23.21295401,675.000,47.500
color_1,1.564333346,23.21295401,676.000,47.500
color_1,1.565458711,23.21295401,677.000,47.500
color_1,1.566584075,23.21295401,678.000,47.500
color_1,1.56770944,23.21295401,679.000,47.500
color_1,1.568834805,23.21295401,680.000,47.500
color_1,1.569960169,23.21295401,681.000,47.500
color_1,1.571085534,23.21295401,682.000,47.500
color_1,1.572210899,23.21295401,683.000,47.500
color_1,1.573336263,23.21295401,684.000,47.500
color_1,1.574461628,23.21295401,685.000,47.500
color_1,1.575586993,23.21295401,686.000,47.500
color_1,1.576712357,23.21295401,687.000,47.500
color_1,1.577837722,23.21295401,688.000,47.500
color_1,1.578963087,23.21295401,689.000,47.500
color_1,1.580088451,23.21295401,690.000,47.500
color_1,1.581213816,23.21295401,691.000,47.500
color_1,1.582339181,23.21295401,692.000,47.500
color_1,1.583464545,23.21295401,693.000,47.500
color_1,1.58458991,23.21295401,694.000,47.500
color_1,1.585715275,23.21295401,695.000,47.500
color_1,1.586840639,23.21295401,696.000,47.500
color_1,1.587966004,23.21295401,697.000,47.500
color_1,1.589091369,23.21295401,698.000,47.500
color_1,1.590216733,23.21295401,699.000,47.500
color_1,1.591342098,23.21295401,700.000,47.500
color_1,1.592467463,23.21295401,701.000,47.500
color_1,1.593592827,23.21295401,702.000,47.500
color_1,1.594718192,23.21295401,703.000,47.500
color_1,1.595843556,23.21295401,704.000,47.500
color_1,1.596968921,23.21295401,705.000,47.500
color_1,1.598094286,23.21295401,706.000,47.500
color_1,1.59921965,23.21295401,707.000,47.500
color_1,1.600345015,23.21295401,708.000,47.500
color_1,1.60147038,23.21295401,709.000,47.500
color_1,1.602595744,23.21295401,710.000,47.500
color_1,1.603721109,23.21295401,711.000,47.500
color_1,1.604846474,23.21295401,712.000,47.500
color_1,1.605971838,23.21295401,713.000,47.500
color_1,1.607097203,23.21295401,714.000,47.500
color_1,1.608222568,23.21295401,715.000,47.500
color_1,1.609347932,23.21295401,716.000,47.500
color_1,1.610473297,23.21295401,717.000,47.500
color_1,1.611598662,23.21295401,718.000,47.500
color_1,1.612724026,23.21295401,719.000,47.500
color_1,1.613849391,23.21295401,720.000,47.500
color_1,1.614974756,23.21295401,721.000,47.500
color_1,1.61610012,23.21295401,722.000,47.500
color_1,1.617225485,23.21295401,723.000,47.500
color_1,1.61835085,23.21295401,724.000,47.500
color_1,1.619476214,23.21295401,725.000,47.500
color_1,1.620601579,23.21295401,726.000,47.500
color_1,1.621726944,23.21295401,727.000,47.500
color_1,1.622852308,23.21295401,728.000,47.500
color_1,1.623977673,23.21295401,729.000,47.500
color_1,1.625103038,23.21295401,730.000,47.500
color_1,1.626228402,23.21295401,731.000,47.500
color_1,1.627353767,23.21295401,732.000,47.500
color_1,1.628479131,23.21295401,733.000,47.500
color_1,1.629604496,23.21295401,734.000,47.500
color_1,1.630729861,23.21295401,735.000,47.500
color_1,1.631855225,23.21295401,736.000,47.500
color_1,1.63298059,23.21295401,737.000,47.500
color_1,1.634105955,23.21295401,738.000,47.500
color_1,1.635231319,23.21295401,739.000,47.500
color_1,1.636356684,23.21295401,740.000,47.500
color_1,1.637482049,23.21295401,741.000,47.500
color_1,1.638607413,23.21295401,742.000,47.500
color_1,1.639732778,23.21295401,743.000,47.500
color_1,1.640858143,23.21295401,744.000,47.500
color_1,1.641983507,23.21295401,745.000,47.500
color_1,1.643108872,23.21295401,746.000,47.500
color_1,1.644234237,23.21295401,747.000,47.500
color_1,1.645359601,23.21295401,748.000,47.500
color_1,1.646484966,23.21295401,749.000,47.500
color_1,1.647610331,23.21295401,750.000,47.500
color_1,1.648735695,23.21295401,751.000,47.500
color_1,1.64986106,23.21295401,752.000,47.500
color_1,1.650986425,23.21295401,753.000,47.500
color_1,1.652111789,23.21295401,754.000,47.500
color_1,1.653237154,23.21295401,755.000,47.500
color_1,1.654362519,23.21295401,756.000,47.500
color_1,1.655487883,23.21295401,757.000,47.500
color_1,1.656613248,23.21295401,758.000,47.500
color_1,1.657738613,23.21295401,759.000,47.500
color_1,1.658863977,23.21295401,760.000,47.500
color_1,1.659989342,23.21295401,761.000,47.500
color_1,1.661114706,23.21295401,762.000,47.500
color_1,1.662240071,23.21295401,763.000,47.500
color_1,1.663365436,23.21295401,764.000,47.500
color_1,1.6644908,23.21295401,765.000,47.500
color_1,1.665616165,23.21295401,766.000,47.500
color_1,1.66674153,23.21295401,767.000,47.500
color_1,1.667866894,23.21295401,768.000,47.500
color_1,1.668992259,23.21295401,769.000,47.500
color_1,1.670117624,23.21295401,770.000,47.500
color_1,1.671242988,23.21295401,771.000,47.500
color_1,1.672368353,23.21295401,772.000,47.500
color_1,1.673493718,23.21295401,773.000,47.500
color_1,1.674619082,23.21295401,774.000,47.500
color_1,1.675744447,23.21295401,775.000,47.500
color_1,1.676869812,23.21295401,776.000,47.500
color_1,1.677995176,23.21295401,777.000,47.500
color_1,1.679120541,23.21295401,778.000,47.500
color_1,1.680245906,23.21295401,779.000,47.500
color_1,1.68137127,23.21295401,780.000,47.500
color_1,1.682496635,23.21295401,781.000,47.500
color_1,1.683622,23.21295401,782.000,47.500
color_1,1.684747364,23.21295401,783.000,47.500
color_1,1.685872729,23.21295401,784.000,47.500
color_1,1.686998094,23.21295401,785.000,47.500
color_1,1.688123458,23.21295401,786.000,47.500
color_1,1.689248823,23.21295401,787.000,47.500
color_1,1.690374188,23.21295401,788.000,47.500
color_1,1.691499552,23.21295401,789.000,47.500
color_1,1.692624917,23.21295401,790.000,47.500
color_1,1.693750281,23.21295401,791.000,47.500
color_1,1.694875646,23.21295401,792.000,47.500
color_1,1.696001011,23.21295401,793.000,47.500
color_1,1.697126375,23.21295401,794.000,47.500
color_1,1.69825174,23.21295401,795.000,47.500
color_1,1.699377105,23.21295401,796.000,47.500
color_1,1.700502469,23.21295401,797.000,47.500
color_1,1.701627834,23.21295401,798.000,47.500
color_1,1.702753199,23.21295401,799.000,47.500
color_1,1.703878563,23.21295401,800.000,47.500
color_1,1.705003928,23.21295401,801.000,47.500
color_1,1.706129293,23.21295401,802.000,47.500
color_1,1.707254657,23.21295401,803.000,47.500
color_1,1.708380022,23.21295401,804.000,47.500
color_1,1.709505387,23.21295401,805.000,47.500
color_1,1.710630751,23.21295401,806.000,47.500
color_1,1.711756116,23.21295401,807.000,47.500
color_1,1.712881481,23.21295401,808.000,47.500
color_1,1.714006845,23.21295401,809.000,47.500
color_1,1.71513221,23.21295401,810.000,47.500
color_1,1.716257575,23.21295401,811.000,47.500
color_1,1.717382939,23.21295401,812.000,47.500
color_1,1.718508304,23.21295401,813.000,47.500
color_1,1.719633669,23.21295401,814.000,47.500
color_1,1.720759033,23.21295401,815.000,47.500
color_1,1.721884398,23.21295401,816.000,47.500
color_1,1.723009763,23.21295401,817.000,47.500
color_1,1.724135127,23.21295401,818.000,47.500
color_1,1.725260492,23.21295401,819.000,47.500
color_1,1.726385856,23.21295401,820.000,47.500
color_1,1.727511221,23.21295401,821.000,47.500
color_1,1.728636586,23.21295401,822.000,47.500
color_1,1.72976195,23.21295401,823.000,47.500
color_1,1.730887315,23.21295401,824.000,47.500
color_1,1.73201268,23.21295401,825.000,47.500
color_1,1.733138044,23.21295401,826.000,47.500
color_1,1.734263409,23.21295401,827.000,47.500
color_1,1.735388774,23.21295401,828.000,47.500
color_1,1.736514138,23.21295401,829.000,47.500
color_1,1.737639503,23.21295401,830.000,47.500
color_1,1.738764868,23.21295401,831.000,47.500
color_1,1.739890232,23.21295401,832.000,47.500
color_1,1.741015597,23.21295401,833.000,47.500
color_1,1.742140962,23.21295401,834.000,47.500
color_1,1.743266326,23.21295401,835.000,47.500
color_1,1.744391691,23.21295401,836.000,47.500
color_1,1.745517056,23.21295401,837.000,47.500
color_1,1.74664242,23.21295401,838.000,47.500
color_1,1.747767785,23.21295401,839.000,47.500
color_1,1.74889315,23.21295401,840.000,47.500
color_1,1.750018514,23.21295401,841.000,47.500
color_1,1.751143879,23.21295401,842.000,47.500
color_1,1.752269244,23.21295401,843.000,47.500
color_1,1.753394608,23.21295401,844.000,47.500
color_1,1.754519973,23.21295401,845.000,47.500
color_1,1.755645338,23.21295401,846.000,47.500
color_1,1.756770702,23.21295401,847.000,47.500
color_1,1.757896067,23.21295401,848.000,47.500
color_1,1.759021432,23.21295401,849.000,47.500
color_1,1.760146796,23.21295401,850.000,47.500
color_1,1.761272161,23.21295401,851.000,47.500
color_1,1.762397525,23.21295401,852.000,47.500
color_1,1.76352289,23.21295401,853.000,47.500
color_1,1.764648255,23.21295401,854.000,47.500
color_1,1.765773619,23.21295401,855.000,47.500
color_1,1.766898984,23.21295401,856.000,47.500
color_1,1.768024349,23.21295401,857.000,47.500
color_1,1.769149713,23.21295401,858.000,47.500
color_1,1.770275078,23.21295401,859.000,47.500
color_1,1.771400443,23.21295401,860.000,47.500
color_1,1.772525807,23.21295401,861.000,47.500
color_1,1.773651172,23.21295401,862.000,47.500
color_1,1.774776537,23.21295401,863.000,47.500
color_1,1.775901901,23.21295401,864.000,47.500
color_1,1.777027266,23.21295401,865.000,47.500
color_1,1.778152631,23.21295401,866.000,47.500
color_1,1.779277995,23.21295401,867.000,47.500
color_1,1.78040336,23.21295401,868.000,47.500
color_1,1.781528725,23.21295401,869.000,47.500
color_1,1.782654089,23.21295401,870.000,47.500
color_1,1.783779454,23.21295401,871.000,47.500
color_1,1.784904819,23.21295401,872.000,47.500
color_1,1.786030183,23.21295401,873.000,47.500
color_1,1.787155548,23.21295401,874.000,47.500
color_1,1.788280913,23.21295401,875.000,47.500
color_1,1.789406277,23.21295401,876.000,47.500
color_1,1.790531642,23.21295401,877.000,47.500
color_1,1.791657007,23.21295401,878.000,47.500
color_1,1.792782371,23.21295401,879.000,47.500
color_1,1.793907736,23.21295401,880.000,47.500
color_1,1.7950331,23.21295401,881.000,47.500
color_1,1.796158465,23.21295401,882.000,47.500
color_1,1.79728383,23.21295401,883.000,47.500
color_1,1.798409194,23.21295401,884.000,47.500
color_1,1.799534559,23.21295401,885.000,47.500
color_1,1.800659924,23.21295401,886.000,47.500
color_1,1.801785288,23.21295401,887.000,47.500
color_1,1.802910653,23.21295401,888.000,47.500
color_1,1.804036018,23.21295401,889.000,47.500
color_1,1.805161382,23.21295401,890.000,47.500
color_1,1.806286747,23.21295401,891.000,47.500
color_1,1.807412112,23.21295401,892.000,47.500
color_1,1.808537476,23.21295401,893.000,47.500
color_1,1.809662841,23.21295401,894.000,47.500
color_1,1.810788206,23.21295401,895.000,47.500
color_1,1.81191357,23.21295401,896.000,47.500
color_1,1.813038935,23.21295401,897.000,47.500
color_1,1.8141643,23.21295401,898.000,47.500
color_1,1.815289664,23.21295401,899.000,47.500
color_1,1.816415029,23.21295401,900.000,47.500
color_1,1.817540394,23.21295401,901.000,47.500
color_1,1.818665758,23.21295401,902.000,47.500
color_1,1.819791123,23.21295401,903.000,47.500
color_1,1.820916488,23.21295401,904.000,47.500
color_1,1.822041852,23.21295401,905.000,47.500
color_1,1.823167217,23.21295401,906.000,47.500
color_1,1.824292582,23.21295401,907.000,47.500
color_1,1.825417946,23.21295401,908.000,47.500
color_1,1.826543311,23.21295401,909.000,47.500
color_1,1.827668675,23.21295401,910.000,47.500
color_1,1.82879404,23.21295401,911.000,47.500
color_1,1.829919405,23.21295401,912.000,47.500
color_1,1.831044769,23.21295401,913.000,47.500
color_1,1.832170134,23.21295401,914.000,47.500
color_1,1.833295499,23.21295401,915.000,47.500
color_1,1.834420863,23.21295401,916.000,47.500
color_1,1.835546228,23.21295401,917.000,47.500
color_1,1.836671593,23.21295401,918.000,47.500
color_1,1.837796957,23.21295401,919.000,47.500
color_1,1.838922322,23.21295401,920.000,47.500
color_1,1.840047687,23.21295401,921.000,47.500
color_1,1.841173051,23.21295401,922.000,47.500
color_1,1.842298416,23.21295401,923.000,47.500
color_1,1.843423781,23.21295401,924.000,47.500
color_1,1.844549145,23.21295401,925.000,47.500
color_1,1.84567451,23.21295401,926.000,47.500
color_1,1.846799875,23.21295401,927.000,47.500
color_1,1.847925239,23.21295401,928.000,47.500
color_1,1.849050604,23.21295401,929.000,47.500
color_1,1.850175969,23.21295401,930.000,47.500
color_1,1.851301333,23.21295401,931.000,47.500
color_1,1.852426698,23.21295401,932.000,47.500
color_1,1.853552063,23.21295401,933.000,47.500
color_1,1.854677427,23.21295401,934.000,47.500
color_1,1.855802792,23.21295401,935.000,47.500
color_1,1.856928157,23.21295401,936.000,47.500
color_1,1.858053521,23.21295401,937.000,47.500
color_1,1.859178886,23.21295401,938.000,47.500
color_1,1.86030425,23.21295401,939.000,47.500
color_1,1.861429615,23.21295401,940.000,47.500
color_1,1.86255498,23.21295401,941.000,47.500
color_1,1.863680344,23.21295401,942.000,47.500
color_1,1.864805709,23.21295401,943.000,47.500
color_1,1.865931074,23.21295401,944.000,47.500
color_1,1.867056438,23.21295401,945.000,47.500
color_1,1.868181803,23.21295401,946.000,47.500
color_1,1.869307168,23.21295401,947.000,47.500
color_1,1.870432532,23.21295401,948.000,47.500
color_1,1.871557897,23.21295401,949.000,47.500
color_1,1.872683262,23.21295401,950.000,47.500
color_1,1.873808626,23.21295401,951.000,47.500
color_1,1.874933991,23.21295401,952.000,47.500
color_1,1.876059356,23.21295401,953.000,47.500
color_1,1.87718472,23.21295401,954.000,47.500
color_1,1.878310085,23.21295401,955.000,47.500
color_1,1.87943545,23.21295401,956.000,47.500
color_1,1.880560814,23.21295401,957.000,47.500
color_1,1.881686179,23.21295401,958.000,47.500
color_1,1.882811544,23.21295401,959.000,47.500
color_1,1.883936908,23.21295401,960.000,47.500
color_1,1.885062273,23.21295401,961.000,47.500
color_1,1.886187638,23.21295401,962.000,47.500
color_1,1.887313002,23.21295401,963.000,47.500
color_1,1.888438367,23.21295401,964.000,47.500
color_1,1.889563732,23.21295401,965.000,47.500
color_1,1.890689096,23.21295401,966.000,47.500
color_1,1.891814461,23.21295401,967.000,47.500
color_1,1.892939825,23.21295401,968.000,47.500
color_1,1.89406519,23.21295401,969.000,47.500
color_1,1.895190555,23.21295401,970.000,47.500
color_1,1.896315919,23.21295401,971.000,47.500
color_1,1.897441284,23.21295401,972.000,47.500
color_1,1.898566649,23.21295401,973.000,47.500
color_1,1.899692013,23.21295401,974.000,47.500
color_1,1.900817378,23.21295401,975.000,47.500
color_1,1.901942743,23.21295401,976.000,47.500
color_1,1.903068107,23.21295401,977.000,47.500
color_1,1.904193472,23.21295401,978.000,47.500
color_1,1.905318837,23.21295401,979.000,47.500
color_1,1.906444201,23.21295401,980.000,47.500
color_1,1.907569566,23.21295401,981.000,47.500
color_1,1.908694931,23.21295401,982.000,47.500
color_1,1.909820295,23.21295401,983.000,47.500
color_1,1.91094566,23.21295401,984.000,47.500
color_1,1.912071025,23.21295401,985.000,47.500
color_1,1.913196389,23.21295401,986.000,47.500
color_1,1.914321754,23.21295401,987.000,47.500
color_1,1.915447119,23.21295401,988.000,47.500
color_1,1.916572483,23.21295401,989.000,47.500
color_1,1.917697848,23.21295401,990.000,47.500
color_1,1.918823213,23.21295401,991.000,47.500
color_1,1.919948577,23.21295401,992.000,47.500
color_1,1.921073942,23.21295401,993.000,47.500
color_1,1.922199307,23.21295401,994.000,47.500
color_1,1.923324671,23.21295401,995.000,47.500
color_1,1.924450036,23.21295401,996.000,47.500
color_1,1.9255754,23.21295401,997.000,47.500
color_1,1.926700765,23.21295401,998.000,47.500
color_1,1.92782613,23.21295401,999.000,47.500
color_1,1.928951494,23.21295401,1000.000,47.500
color_1,1.930076859,23.21295401,1001.000,47.500
color_1,1.931202224,23.21295401,1002.000,47.500
color_1,1.932327588,23.21295401,1003.000,47.500
color_1,1.933452953,23.21295401,1004.000,47.500
color_1,1.934578318,23.21295401,1005.000,47.500
color_1,1.935703682,23.21295401,1006.000,47.500
color_1,1.936829047,23.21295401,1007.000,47.500
color_1,1.937954412,23.21295401,1008.000,47.500
color_1,1.939079776,23.21295401,1009.000,47.500
color_1,1.940205141,23.21295401,1010.000,47.500
color_1,1.941330506,23.21295401,1011.000,47.500
color_1,1.94245587,23.21295401,1012.000,47.500
color_1,1.943581235,23.21295401,1013.000,47.500
color_1,1.9447066,23.21295401,1014.000,47.500
color_1,1.945831964,23.21295401,1015.000,47.500
color_1,1.946957329,23.21295401,1016.000,47.500
color_1,1.948082694,23.21295401,1017.000,47.500
color_1,1.949208058,23.21295401,1018.000,47.500
color_1,1.950333423,23.21295401,1019.000,47.500
color_1,1.951458788,23.21295401,1020.000,47.500
color_1,1.952584152,23.21295401,1021.000,47.500
color_1,1.953709517,23.21295401,1022.000,47.500
color_1,1.954834882,23.21295401,1023.000,47.500
color_1,1.955960246,23.21295401,1024.000,47.500
color_1,1.957085611,23.21295401,1025.000,47.500
color_1,1.958210975,23.21295401,1026.000,47.500
color_1,1.95933634,23.21295401,1027.000,47.500
color_1,1.960461705,23.21295401,1028.000,47.500
color_1,1.961587069,23.21295401,1029.000,47.500
color_1,1.962712434,23.21295401,1030.000,47.500
color_1,1.963837799,23.21295401,1031.000,47.500
color_1,1.964963163,23.21295401,1032.000,47.500
color_1,1.966088528,23.21295401,1033.000,47.500
color_1,1.967213893,23.21295401,1034.000,47.500
color_1,1.968339257,23.21295401,1035.000,47.500
color_1,1.969464622,23.21295401,1036.000,47.500
color_1,1.970589987,23.21295401,1037.000,47.500
color_1,1.971715351,23.21295401,1038.000,47.500
color_1,1.972840716,23.21295401,1039.000,47.500
color_1,1.973966081,23.21295401,1040.000,47.500
color_1,1.975091445,23.21295401,1041.000,47.500
color_1,1.97621681,23.21295401,1042.000,47.500
color_1,1.977342175,23.21295401,1043.000,47.500
color_1,1.978467539,23.21295401,1044.000,47.500
color_1,1.979592904,23.21295401,1045.000,47.500
color_1,1.980718269,23.21295401,1046.000,47.500
color_1,1.981843633,23.21295401,1047.000,47.500
color_1,1.982968998,23.21295401,1048.000,47.500
color_1,1.984094363,23.21295401,1049.000,47.500
color_1,1.985219727,23.21295401,1050.000,47.500
color_1,1.986345092,23.21295401,1051.000,47.500
color_1,1.987470457,23.21295401,1052.000,47.500
color_1,1.988595821,23.21295401,1053.000,47.500
color_1,1.989721186,23.21295401,1054.000,47.500
color_1,1.99084655,23.21295401,1055.000,47.500
color_1,1.991971915,23.21295401,1056.000,47.500
color_1,1.99309728,23.21295401,1057.000,47.500
color_1,1.994222644,23.21295401,1058.000,47.500
color_1,1.995348009,23.21295401,1059.000,47.500
color_1,1.996473374,23.21295401,1060.000,47.500
color_1,1.997598738,23.21295401,1061.000,47.500
color_1,1.998724103,23.21295401,1062.000,47.500
color_1,1.999849468,23.21295401,1063.000,47.500
color_1,2.000974832,23.21295401,1064.000,47.500
color_1,2.002100197,23.21295401,1065.000,47.500
color_1,2.003225562,23.21295401,1066.000,47.500
color_1,2.004350926,23.21295401,1067.000,47.500
color_1,2.005476291,23.21295401,1068.000,47.500
color_1,2.006601656,23.21295401,1069.000,47.500
color_1,2.00772702,23.21295401,1070.000,47.500
color_1,2.008852385,23.21295401,1071.000,47.500
color_1,2.00997775,23.21295401,1072.000,47.500
color_1,2.011103114,23.21295401,1073.000,47.500
color_1,2.012228479,23.21295401,1074.000,47.500
color_1,2.013353844,23.21295401,1075.000,47.500
color_2,1.021907582,21.59906211,194.000,94.000
color_2,1.023032947,21.59906211,195.000,94.000
color_2,1.024158312,21.59906211,196.000,94.000
color_2,1.025283676,21.59906211,197.000,94.000
color_2,1.026409041,21.59906211,198.000,94.000
color_2,1.027534406,21.59906211,199.000,94.000
color_2,1.02865977,21.59906211,200.000,94.000
color_2,1.029785135,21.59906211,201.000,94.000
color_2,1.0309105,21.59906211,202.000,94.000
color_2,1.032035864,21.59906211,203.000,94.000
color_2,1.033161229,21.59906211,204.000,94.000
color_2,1.034286593,21.59906211,205.000,94.000
color_2,1.035411958,21.59906211,206.000,94.000
color_2,1.036537323,21.59906211,207.000,94.000
color_2,1.037662687,21.59906211,208.000,94.000
color_2,1.038788052,21.59906211,209.000,94.000
color_2,1.039913417,21.59906211,210.000,94.000
color_2,1.041038781,21.59906211,211.000,94.000
color_2,1.042164146,21.59906211,212.000,94.000
color_2,1.043289511,21.59906211,213.000,94.000
color_2,1.044414875,21.59906211,214.000,94.000
color_2,1.04554024,21.59906211,215.000,94.000
color_2,1.046665605,21.59906211,216.000,94.000
color_2,1.047790969,21.59906211,217.000,94.000
color_2,1.048916334,21.59906211,218.000,94.000
color_2,1.050041699,21.59906211,219.000,94.000
color_2,1.051167063,21.59906211,220.000,94.000
color_2,1.052292428,21.59906211,221.000,94.000
color_2,1.053417793,21.59906211,222.000,94.000
color_2,1.054543157,21.59906211,223.000,94.000
color_2,1.055668522,21.59906211,224.000,94.000
color_2,1.056793887,21.59906211,225.000,94.000
color_2,1.057919251,21.59906211,226.000,94.000
color_2,1.059044616,21.59906211,227.000,94.000
color_2,1.060169981,21.59906211,228.000,94.000
color_2,1.061295345,21.59906211,229.000,94.000
color_2,1.06242071,21.59906211,230.000,94.000
color_2,1.063546075,21.59906211,231.000,94.000
color_2,1.064671439,21.59906211,232.000,94.000
color_2,1.065796804,21.59906211,233.000,94.000
color_2,1.066922168,21.59906211,234.000,94.000
color_2,1.068047533,21.59906211,235.000,94.000
color_2,1.069172898,21.59906211,236.000,94.000
color_2,1.070298262,21.59906211,237.000,94.000
color_2,1.071423627,21.59906211,238.000,94.000
color_2,1.072548992,21.59906211,239.000,94.000
color_2,1.073674356,21.59906211,240.000,94.000
color_2,1.074799721,21.59906211,241.000,94.000
color_2,1.075925086,21.59906211,242.000,94.000
color_2,1.07705045,21.59906211,243.000,94.000
color_2,1.078175815,21.59906211,244.000,94.000
color_2,1.07930118,21.59906211,245.000,94.000
color_2,1.080426544,21.59906211,246.000,94.000
color_2,1.081551909,21.58170843,247.000,94.500
color_2,1.082677274,21.58170843,248.000,94.500
color_2,1.083802638,21.58170843,249.000,94.500
color_2,1.084928003,21.58170843,250.000,94.500
color_2,1.086053368,21.54700108,251.000,95.500
color_2,1.087178732,21.54700108,252.000,95.500
color_2,1.088304097,21.54700108,253.000,95.500
color_2,1.089429462,10.71830705,254.000,407.500
color_2,1.090554826,10.71830705,255.000,407.500
color_2,1.091680191,10.71830705,256.000,407.500
color_2,1.092805556,10.71830705,257.000,407.500
color_2,1.09393092,10.71830705,258.000,407.500
color_2,1.095056285,10.71830705,259.000,407.500
color_2,1.09618165,10.71830705,260.000,407.500
color_2,1.097307014,10.71830705,261.000,407.500
color_2,1.098432379,10.71830705,262.000,407.500
color_2,1.099557743,10.71830705,263.000,407.500
color_2,1.100683108,10.71830705,264.000,407.500
color_2,1.101808473,10.71830705,265.000,407.500
color_2,1.102933837,10.71830705,266.000,407.500
color_2,1.104059202,10.71830705,267.000,407.500
color_2,1.105184567,10.71830705,268.000,407.500
color_2,1.106309931,10.71830705,269.000,407.500
color_2,1.107435296,10.71830705,270.000,407.500
color_2,1.108560661,10.71830705,271.000,407.500
color_2,1.109686025,10.71830705,272.000,407.500
color_2,1.11081139,10.71830705,273.000,407.500
color_2,1.111936755,10.71830705,274.000,407.500
color_2,1.113062119,10.71830705,275.000,407.500
color_2,1.114187484,10.71830705,276.000,407.500
color_2,1.115312849,-0.05832595367,277.000,718.000
color_2,1.116438213,-0.05832595367,278.000,718.000
color_2,1.117563578,-0.05832595367,279.000,718.000
color_2,1.118688943,-0.05832595367,280.000,718.000
color_2,1.119814307,-0.05832595367,281.000,718.000
color_2,1.120939672,-0.04097227734,282.000,717.500
color_2,1.122065037,10.7530144,283.000,406.500
color_2,1.123190401,10.7530144,284.000,406.500
color_2,1.124315766,10.7530144,285.000,406.500
color_2,1.125441131,10.7530144,286.000,406.500
color_2,1.126566495,10.7530144,287.000,406.500
color_2,1.12769186,10.7530144,288.000,406.500
color_2,1.128817225,10.7530144,289.000,406.500
color_2,1.129942589,10.7530144,290.000,406.500
color_2,1.131067954,10.7530144,291.000,406.500
color_2,1.132193318,10.7530144,292.000,406.500
color_2,1.133318683,10.7530144,293.000,406.500
color_2,1.134444048,10.7530144,294.000,406.500
color_2,1.135569412,10.7530144,295.000,406.500
color_2,1.136694777,0.01108875166,296.000,716.000
color_2,1.137820142,0.01108875166,297.000,716.000
color_2,1.138945506,0.01108875166,298.000,716.000
color_2,1.140070871,0.01108875166,299.000,716.000
color_2,1.141196236,0.01108875166,300.000,716.000
color_2,1.1423216,0.01108875166,301.000,716.000
color_2,1.143446965,0.01108875166,302.000,716.000
color_2,1.14457233,0.01108875166,303.000,716.000
color_2,1.145697694,0.01108875166,304.000,716.000
color_2,1.146823059,0.01108875166,305.000,716.000
color_2,1.147948424,0.01108875166,306.000,716.000
color_2,1.149073788,0.01108875166,307.000,716.000
color_2,1.150199153,0.01108875166,308.000,716.000
color_2,1.151324518,0.01108875166,309.000,716.000
color_2,1.152449882,0.01108875166,310.000,716.000
color_2,1.153575247,-0.023618601,311.000,717.000
color_2,1.154700612,-0.05832595367,312.000,718.000
color_2,1.155825976,-0.07567963,313.000,718.500
color_2,1.156951341,-0.07567963,314.000,718.500
color_2,1.158076706,-0.07567963,315.000,718.500
color_2,1.15920207,-0.07567963,316.000,718.500
color_2,1.160327435,-0.07567963,317.000,718.500
color_2,1.1614528,-0.07567963,318.000,718.500
color_2,1.162578164,-0.07567963,319.000,718.500
color_2,1.163703529,-0.07567963,320.000,718.500
color_2,1.164828893,-0.07567963,321.000,718.500
color_2,1.165954258,-0.07567963,322.000,718.500
color_2,1.167079623,-0.07567963,323.000,718.500
color_2,1.168204987,-0.07567963,324.000,718.500
color_2,1.169330352,-0.07567963,325.000,718.500
color_2,1.170455717,-0.07567963,326.000,718.500
color_2,1.171581081,-0.07567963,327.000,718.500
color_2,1.172706446,-0.04097227734,328.000,717.500
color_2,1.173831811,-0.04097227734,329.000,717.500
color_2,1.174957175,-0.04097227734,330.000,717.500
color_2,1.17608254,-0.023618601,331.000,717.000
color_2,1.177207905,-0.023618601,332.000,717.000
color_2,1.178333269,-0.023618601,333.000,717.000
color_2,1.179458634,-0.023618601,334.000,717.000
color_2,1.180583999,-0.023618601,335.000,717.000
color_2,1.181709363,-0.023618601,336.000,717.000
color_2,1.182834728,-0.023618601,337.000,717.000
color_2,1.183960093,-0.023618601,338.000,717.000
color_2,1.185085457,-0.023618601,339.000,717.000
color_2,1.186210822,-0.023618601,340.000,717.000
color_2,1.187336187,-0.023618601,341.000,717.000
color_2,1.188461551,-0.023618601,342.000,717.000
color_2,1.189586916,-0.023618601,343.000,717.000
color_2,1.190712281,-0.023618601,344.000,717.000
color_2,1.191837645,-0.023618601,345.000,717.000
color_2,1.19296301,-0.023618601,346.000,717.000
color_2,1.194088375,-0.023618601,347.000,717.000
color_2,1.195213739,-0.006264924672,348.000,716.500
color_2,1.196339104,-0.006264924672,349.000,716.500
color_2,1.197464468,-0.006264924672,350.000,716.500
color_2,1.198589833,-0.006264924672,351.000,716.500
color_2,1.199715198,-0.006264924672,352.000,716.500
color_2,1.200840562,-0.006264924672,353.000,716.500
color_2,1.201965927,-0.006264924672,354.000,716.500
color_2,1.203091292,-0.006264924672,355.000,716.500
color_2,1.204216656,-0.006264924672,356.000,716.500
color_2,1.205342021,-0.006264924672,357.000,716.500
color_2,1.206467386,-0.006264924672,358.000,716.500
color_2,1.20759275,-0.006264924672,359.000,716.500
color_2,1.208718115,-0.006264924672,360.000,716.500
color_2,1.20984348,0.01108875166,361.000,716.000
color_2,1.210968844,-0.006264924672,362.000,716.500
color_2,1.212094209,-0.006264924672,363.000,716.500
color_2,1.213219574,-0.006264924672,364.000,716.500
color_2,1.214344938,-0.006264924672,365.000,716.500
color_2,1.215470303,-0.006264924672,366.000,716.500
color_2,1.216595668,-0.006264924672,367.000,716.500
color_2,1.217721032,-0.006264924672,368.000,716.500
color_2,1.218846397,-0.006264924672,369.000,716.500
color_2,1.219971762,-0.006264924672,370.000,716.500
color_2,1.221097126,-0.006264924672,371.000,716.500
color_2,1.222222491,-0.006264924672,372.000,716.500
color_2,1.223347856,0.01108875166,373.000,716.000
color_2,1.22447322,0.01108875166,374.000,716.000
color_2,1.225598585,0.01108875166,375.000,716.000
color_2,1.22672395,0.01108875166,376.000,716.000
color_2,1.227849314,0.02844242799,377.000,715.500
color_2,1.228974679,0.02844242799,378.000,715.500
color_2,1.230100043,0.02844242799,379.000,715.500
color_2,1.231225408,0.02844242799,380.000,715.500
color_2,1.232350773,0.02844242799,381.000,715.500
color_2,1.233476137,0.02844242799,382.000,715.500
color_2,1.234601502,0.02844242799,383.000,715.500
color_2,1.235726867,0.02844242799,384.000,715.500
color_2,1.236852231,0.02844242799,385.000,715.500
color_2,1.237977596,0.04579610432,386.000,715.000
color_2,1.239102961,0.04579610432,387.000,715.000
color_2,1.240228325,0.04579610432,388.000,715.000
color_2,1.24135369,0.04579610432,389.000,715.000
color_2,1.242479055,0.04579610432,390.000,715.000
color_2,1.243604419,0.04579610432,391.000,715.000
color_2,1.244729784,0.02844242799,392.000,715.500
color_2,1.245855149,0.04579610432,393.000,715.000
color_2,1.246980513,0.04579610432,394.000,715.000
color_2,1.248105878,0.04579610432,395.000,715.000
color_2,1.249231243,0.04579610432,396.000,715.000
color_2,1.250356607,0.04579610432,397.000,715.000
color_2,1.251481972,0.04579610432,398.000,715.000
color_2,1.252607337,0.04579610432,399.000,715.000
color_2,1.253732701,0.06314978065,400.000,714.500
color_2,1.254858066,0.06314978065,401.000,714.500
color_2,1.255983431,0.06314978065,402.000,714.500
color_2,1.257108795,0.08050345698,403.000,714.000
color_2,1.25823416,0.09785713332,404.000,713.500
color_2,1.259359525,0.09785713332,405.000,713.500
color_2,1.260484889,0.09785713332,406.000,713.500
color_2,1.261610254,0.1152108096,407.000,713.000
color_2,1.262735619,0.1152108096,408.000,713.000
color_2,1.263860983,0.1152108096,409.000,713.000
color_2,1.264986348,0.1152108096,410.000,713.000
color_2,1.266111712,0.09785713332,411.000,713.500
color_2,1.267237077,0.09785713332,412.000,713.500
color_2,1.268362442,0.09785713332,413.000,713.500
color_2,1.269487806,0.09785713332,414.000,713.500
color_2,1.270613171,0.1152108096,415.000,713.000
color_2,1.271738536,0.1152108096,416.000,713.000
color_2,1.2728639,0.1152108096,417.000,713.000
color_2,1.273989265,0.1152108096,418.000,713.000
color_2,1.27511463,0.1152108096,419.000,713.000
color_2,1.276239994,0.1152108096,420.000,713.000
color_2,1.277365359,0.132564486,421.000,712.500
color_2,1.278490724,0.132564486,422.000,712.500
color_2,1.279616088,0.132564486,423.000,712.500
color_2,1.280741453,0.132564486,424.000,712.500
color_2,1.281866818,0.132564486,425.000,712.500
color_2,1.282992182,0.132564486,426.000,712.500
color_2,1.284117547,0.1499181623,427.000,712.000
color_2,1.285242912,0.1499181623,428.000,712.000
color_2,1.286368276,0.1499181623,429.000,712.000
color_2,1.287493641,0.1499181623,430.000,712.000
color_2,1.288619006,0.1499181623,431.000,712.000
color_2,1.28974437,0.1499181623,432.000,712.000
color_2,1.290869735,0.1499181623,433.000,712.000
color_2,1.2919951,0.1499181623,434.000,712.000
color_2,1.293120464,0.1499181623,435.000,712.000
color_2,1.294245829,0.1499181623,436.000,712.000
color_2,1.295371194,0.1499181623,437.000,712.000
color_2,1.296496558,0.1499181623,438.000,712.000
color_2,1.297621923,0.1499181623,439.000,712.000
color_2,1.298747287,0.1499181623,440.000,712.000
color_2,1.299872652,0.1499181623,441.000,712.000
color_2,1.300998017,0.1499181623,442.000,712.000
color_2,1.302123381,0.1499181623,443.000,712.000
color_2,1.303248746,0.1499181623,444.000,712.000
color_2,1.304374111,0.1499181623,445.000,712.000
color_2,1.305499475,0.1499181623,446.000,712.000
color_2,1.30662484,0.1499181623,447.000,712.000
color_2,1.307750205,0.1499181623,448.000,712.000
color_2,1.308875569,0.1672718386,449.000,711.500
color_2,1.310000934,0.1672718386,450.000,711.500
color_2,1.311126299,0.184625515,451.000,711.000
color_2,1.312251663,0.2019791913,452.000,710.500
color_2,1.313377028,0.2019791913,453.000,710.500
color_2,1.314502393,0.2019791913,454.000,710.500
color_2,1.315627757,0.2019791913,455.000,710.500
color_2,1.316753122,0.2193328676,456.000,710.000
color_2,1.317878487,0.2193328676,457.000,710.000
color_2,1.319003851,0.2193328676,458.000,710.000
color_2,1.320129216,0.2193328676,459.000,710.000
color_2,1.321254581,0.236686544,460.000,709.500
color_2,1.322379945,0.236686544,461.000,709.500
color_2,1.32350531,0.2713938966,462.000,708.500
color_2,1.324630675,0.2713938966,463.000,708.500
color_2,1.325756039,0.2713938966,464.000,708.500
color_2,1.326881404,0.2540402203,465.000,709.000
color_2,1.328006769,0.2540402203,466.000,709.000
color_2,1.329132133,0.2540402203,467.000,709.000
color_2,1.330257498,0.2540402203,468.000,709.000
color_2,1.331382862,0.2713938966,469.000,708.500
color_2,1.332508227,0.2713938966,470.000,708.500
color_2,1.333633592,0.2713938966,471.000,708.500
color_2,1.334758956,0.288747573,472.000,708.000
color_2,1.335884321,0.3061012493,473.000,707.500
color_2,1.337009686,0.3061012493,474.000,707.500
color_2,1.33813505,0.3061012493,475.000,707.500
color_2,1.339260415,0.3061012493,476.000,707.500
color_2,1.34038578,0.3061012493,477.000,707.500
color_2,1.341511144,0.3061012493,478.000,707.500
color_2,1.342636509,0.3234549256,479.000,707.000
color_2,1.343761874,0.340808602,480.000,706.500
color_2,1.344887238,0.340808602,481.000,706.500
color_2,1.346012603,0.340808602,482.000,706.500
color_2,1.347137968,0.340808602,483.000,706.500
color_2,1.348263332,0.340808602,484.000,706.500
color_2,1.349388697,0.340808602,485.000,706.500
color_2,1.350514062,0.340808602,486.000,706.500
color_2,1.351639426,0.3928696309,487.000,705.000
color_2,1.352764791,0.4102233073,488.000,704.500
color_2,1.353890156,0.4102233073,489.000,704.500
color_2,1.35501552,0.4275769836,490.000,704.000
color_2,1.356140885,0.4449306599,491.000,703.500
color_2,1.35726625,0.4449306599,492.000,703.500
color_2,1.358391614,0.4449306599,493.000,703.500
color_2,1.359516979,0.4449306599,494.000,703.500
color_2,1.360642344,0.4622843363,495.000,703.000
color_2,1.361767708,0.4796380126,496.000,702.500
color_2,1.362893073,0.4969916889,497.000,702.000
color_2,1.364018437,0.5143453653,498.000,701.500
color_2,1.365143802,0.5316990416,499.000,701.000
color_2,1.366269167,0.5490527179,500.000,700.500
color_2,1.367394531,0.5490527179,501.000,700.500
color_2,1.368519896,0.5490527179,502.000,700.500
color_2,1.369645261,0.5837600706,503.000,699.500
color_2,1.370770625,0.6011137469,504.000,699.000
color_2,1.37189599,0.6184674233,505.000,698.500
color_2,1.373021355,0.6184674233,506.000,698.500
color_2,1.374146719,0.6358210996,507.000,698.000
color_2,1.375272084,0.6358210996,508.000,698.000
color_2,1.376397449,0.6358210996,509.000,698.000
color_2,1.377522813,0.6878821286,510.000,696.500
color_2,1.378648178,0.7225894812,511.000,695.500
color_2,1.379773543,0.7399431576,512.000,695.000
color_2,1.380898907,0.7746505102,513.000,694.000
color_2,1.382024272,0.7920041866,514.000,693.500
color_2,1.383149637,0.7920041866,515.000,693.500
color_2,1.384275001,0.7920041866,516.000,693.500
color_2,1.385400366,0.7920041866,517.000,693.500
color_2,1.386525731,0.8440652156,518.000,692.000
color_2,1.387651095,0.8961262446,519.000,690.500
color_2,1.38877646,0.8961262446,520.000,690.500
color_2,1.389901825,0.9134799209,521.000,690.000
color_2,1.391027189,0.9308335972,522.000,689.500
color_2,1.392152554,0.9308335972,523.000,689.500
color_2,1.393277919,0.9481872736,524.000,689.000
color_2,1.394403283,0.9655409499,525.000,688.500
color_2,1.395528648,0.9828946262,526.000,688.000
color_2,1.396654012,1.034955655,527.000,686.500
color_2,1.397779377,1.069663008,528.000,685.500
color_2,1.398904742,1.087016684,529.000,685.000
color_2,1.400030106,1.087016684,530.000,685.000
color_2,1.401155471,1.121724037,531.000,684.000
color_2,1.402280836,1.173785066,532.000,682.500
color_2,1.4034062,1.191138742,533.000,682.000
color_2,1.404531565,1.225846095,534.000,681.000
color_2,1.40565693,1.243199771,535.000,680.500
color_2,1.406782294,1.260553448,536.000,680.000
color_2,1.407907659,1.277907124,537.000,679.500
color_2,1.409033024,1.312614477,538.000,678.500
color_2,1.410158388,1.312614477,539.000,678.500
color_2,1.411283753,1.364675506,540.000,677.000
color_2,1.412409118,1.382029182,541.000,676.500
color_2,1.413534482,1.416736534,542.000,675.500
color_2,1.414659847,1.434090211,543.000,675.000
color_2,1.415785212,1.451443887,544.000,674.500
color_2,1.416910576,1.520858592,545.000,672.500
color_2,1.418035941,1.555565945,546.000,671.500
color_2,1.419161306,1.555565945,547.000,671.500
color_2,1.42028667,1.572919621,548.000,671.000
color_2,1.421412035,1.62498065,549.000,669.500
color_2,1.4225374,1.642334327,550.000,669.000
color_2,1.423662764,1.659688003,551.000,668.500
color_2,1.424788129,1.711749032,552.000,667.000
color_2,1.425913494,1.729102708,553.000,666.500
color_2,1.427038858,1.763810061,554.000,665.500
color_2,1.428164223,1.781163737,555.000,665.000
color_2,1.429289587,1.81587109,556.000,664.000
color_2,1.430414952,1.850578443,557.000,663.000
color_2,1.431540317,1.867932119,558.000,662.500
color_2,1.432665681,1.902639472,559.000,661.500
color_2,1.433791046,1.937346824,560.000,660.500
color_2,1.434916411,1.972054177,561.000,659.500
color_2,1.436041775,2.00676153,562.000,658.500
color_2,1.43716714,2.041468882,563.000,657.500
color_2,1.438292505,2.058822559,564.000,657.000
color_2,1.439417869,2.076176235,565.000,656.500
color_2,1.440543234,2.110883588,566.000,655.500
color_2,1.441668599,2.14559094,567.000,654.500
color_2,1.442793963,2.180298293,568.000,653.500
color_2,1.443919328,2.232359322,569.000,652.000
color_2,1.445044693,2.301774027,570.000,650.000
color_2,1.446170057,2.319127704,571.000,649.500
color_2,1.447295422,2.319127704,572.000,649.500
color_2,1.448420787,2.353835056,573.000,648.500
color_2,1.449546151,2.388542409,574.000,647.500
color_2,1.450671516,2.388542409,575.000,647.500
color_2,1.451796881,2.457957114,576.000,645.500
color_2,1.452922245,2.475310791,577.000,645.000
color_2,1.45404761,2.475310791,578.000,645.000
color_2,1.455172975,2.510018143,579.000,644.000
color_2,1.456298339,2.596786525,580.000,641.500
color_2,1.457423704,2.631493878,581.000,640.500
color_2,1.458549069,2.631493878,582.000,640.500
color_2,1.459674433,2.683554907,583.000,639.000
color_2,1.460799798,2.700908583,584.000,638.500
color_2,1.461925162,2.700908583,585.000,638.500
color_2,1.463050527,2.770323288,586.000,636.500
color_2,1.464175892,2.805030641,587.000,635.500
color_2,1.465301256,2.822384317,588.000,635.000
color_2,1.466426621,2.839737994,589.000,634.500
color_2,1.467551986,2.943860052,590.000,631.500
color_2,1.46867735,2.961213728,591.000,631.000
color_2,1.469802715,2.961213728,592.000,631.000
color_2,1.47092808,2.978567404,593.000,630.500
color_2,1.472053444,3.013274757,594.000,629.500
color_2,1.473178809,3.082689462,595.000,627.500
color_2,1.474304174,3.100043139,596.000,627.000
color_2,1.475429538,3.117396815,597.000,626.500
color_2,1.476554903,3.117396815,598.000,626.500
color_2,1.477680268,3.134750491,599.000,626.000
color_2,1.478805632,3.221518873,600.000,623.500
color_2,1.479930997,3.256226226,601.000,622.500
color_2,1.481056362,3.273579902,602.000,622.000
color_2,1.482181726,3.290933578,603.000,621.500
color_2,1.483307091,3.395055636,604.000,618.500
color_2,1.484432456,3.395055636,605.000,618.500
color_2,1.48555782,3.412409313,606.000,618.000
color_2,1.486683185,3.447116665,607.000,617.000
color_2,1.48780855,3.499177694,608.000,615.500
color_2,1.488933914,3.516531371,609.000,615.000
color_2,1.490059279,3.533885047,610.000,614.500
color_2,1.491184644,3.585946076,611.000,613.000
color_2,1.492310008,3.585946076,612.000,613.000
color_2,1.493435373,3.638007105,613.000,611.500
color_2,1.494560737,3.70742181,614.000,609.500
color_2,1.495686102,3.70742181,615.000,609.500
color_2,1.496811467,3.724775487,616.000,609.000
color_2,1.497936831,3.776836516,617.000,607.500
color_2,1.499062196,3.846251221,618.000,605.500
color_2,1.500187561,3.846251221,619.000,605.500
color_2,1.501312925,3.89831225,620.000,604.000
color_2,1.50243829,3.915665926,621.000,603.500
color_2,1.503563655,3.967726955,622.000,602.000
color_2,1.504689019,4.002434308,623.000,601.000
color_2,1.505814384,4.054495337,624.000,599.500
color_2,1.506939749,4.071849013,625.000,599.000
color_2,1.508065113,4.071849013,626.000,599.000
color_2,1.509190478,4.106556366,627.000,598.000
color_2,1.510315843,4.2280321,628.000,594.500
color_2,1.511441207,4.2280321,629.000,594.500
color_2,1.512566572,4.2280321,630.000,594.500
color_2,1.513691937,4.297446806,631.000,592.500
color_2,1.514817301,4.349507834,632.000,591.000
color_2,1.515942666,4.349507834,633.000,591.000
color_2,1.517068031,4.366861511,634.000,590.500
color_2,1.518193395,4.436276216,635.000,588.500
color_2,1.51931876,4.470983569,636.000,587.500
color_2,1.520444125,4.505690921,637.000,586.500
color_2,1.521569489,4.540398274,638.000,585.500
color_2,1.522694854,4.575105627,639.000,584.500
color_2,1.523820219,4.609812979,640.000,583.500
color_2,1.524945583,4.644520332,641.000,582.500
color_2,1.526070948,4.679227685,642.000,581.500
color_2,1.527196313,4.696581361,643.000,581.000
color_2,1.528321677,4.731288714,644.000,580.000
color_2,1.529447042,4.783349743,645.000,578.500
color_2,1.530572406,4.835410772,646.000,577.000
color_2,1.531697771,4.852764448,647.000,576.500
color_2,1.532823136,4.904825477,648.000,575.000
color_2,1.5339485,4.956886506,649.000,573.500
color_2,1.535073865,4.956886506,650.000,573.500
color_2,1.53619923,4.991593859,651.000,572.500
color_2,1.537324594,5.008947535,652.000,572.000
color_2,1.538449959,5.07836224,653.000,570.000
color_2,1.539575324,5.130423269,654.000,568.500
color_2,1.540700688,5.147776946,655.000,568.000
color_2,1.541826053,5.147776946,656.000,568.000
color_2,1.542951418,5.165130622,657.000,567.500
color_2,1.544076782,5.303960033,658.000,563.500
color_2,1.545202147,5.321313709,659.000,563.000
color_2,1.546327512,5.321313709,660.000,563.000
color_2,1.547452876,5.338667385,661.000,562.500
color_2,1.548578241,5.425435767,662.000,560.000
color_2,1.549703606,5.46014312,663.000,559.000
color_2,1.55082897,5.46014312,664.000,559.000
color_2,1.551954335,5.512204149,665.000,557.500
color_2,1.5530797,5.581618854,666.000,555.500
color_2,1.554205064,5.616326207,667.000,554.500
color_2,1.555330429,5.616326207,668.000,554.500
color_2,1.556455794,5.651033559,669.000,553.500
color_2,1.557581158,5.685740912,670.000,552.500
color_2,1.558706523,5.737801941,671.000,551.000
color_2,1.559831888,5.78986297,672.000,549.500
color_2,1.560957252,5.824570323,673.000,548.500
color_2,1.562082617,5.841923999,674.000,548.000
color_2,1.563207981,5.859277675,675.000,547.500
color_2,1.564333346,5.928692381,676.000,545.500
color_2,1.565458711,5.946046057,677.000,545.000
color_2,1.566584075,5.98075341,678.000,544.000
color_2,1.56770944,6.015460762,679.000,543.000
color_2,1.568834805,6.102229144,680.000,540.500
color_2,1.569960169,6.11958282,681.000,540.000
color_2,1.571085534,6.11958282,682.000,540.000
color_2,1.572210899,6.206351202,683.000,537.500
color_2,1.573336263,6.223704878,684.000,537.000
color_2,1.574461628,6.258412231,685.000,536.000
color_2,1.575586993,6.31047326,686.000,534.500
color_2,1.576712357,6.345180613,687.000,533.500
color_2,1.577837722,6.345180613,688.000,533.500
color_2,1.578963087,6.414595318,689.000,531.500
color_2,1.580088451,6.518717376,690.000,528.500
color_2,1.581213816,6.518717376,691.000,528.500
color_2,1.582339181,6.553424729,692.000,527.500
color_2,1.583464545,6.588132081,693.000,526.500
color_2,1.58458991,6.64019311,694.000,525.000
color_2,1.585715275,6.657546787,695.000,524.500
color_2,1.586840639,6.709607816,696.000,523.000
color_2,1.587966004,6.761668845,697.000,521.500
color_2,1.589091369,6.796376197,698.000,520.500
color_2,1.590216733,6.83108355,699.000,519.500
color_2,1.591342098,6.848437226,700.000,519.000
color_2,1.592467463,6.865790903,701.000,518.500
color_2,1.593592827,6.900498255,702.000,517.500
color_2,1.594718192,6.935205608,703.000,516.500
color_2,1.595843556,7.02197399,704.000,514.000
color_2,1.596968921,7.056681342,705.000,513.000
color_2,1.598094286,7.056681342,706.000,513.000
color_2,1.59921965,7.126096048,707.000,511.000
color_2,1.600345015,7.178157077,708.000,509.500
color_2,1.60147038,7.212864429,709.000,508.500
color_2,1.602595744,7.230218105,710.000,508.000
color_2,1.603721109,7.386401192,711.000,503.500
color_2,1.604846474,7.403754869,712.000,503.000
color_2,1.605971838,7.438462221,713.000,502.000
color_2,1.607097203,7.473169574,714.000,501.000
color_2,1.608222568,7.507876927,715.000,500.000
color_2,1.609347932,7.646706337,716.000,496.000
color_2,1.610473297,7.698767366,717.000,494.500
color_2,1.611598662,7.768182072,718.000,492.500
color_2,1.612724026,7.768182072,719.000,492.500
color_2,1.613849391,7.820243101,720.000,491.000
color_2,1.614974756,7.854950453,721.000,490.000
color_2,1.61610012,7.907011482,722.000,488.500
color_2,1.617225485,7.907011482,723.000,488.500
color_2,1.61835085,7.976426188,724.000,486.500
color_2,1.619476214,8.01113354,725.000,485.500
color_2,1.620601579,8.045840893,726.000,484.500
color_2,1.621726944,8.115255598,727.000,482.500
color_2,1.622852308,8.115255598,728.000,482.500
color_2,1.623977673,8.149962951,729.000,481.500
color_2,1.625103038,8.149962951,730.000,481.500
color_2,1.626228402,8.254085009,731.000,478.500
color_2,1.627353767,8.288792362,732.000,477.500
color_2,1.628479131,8.288792362,733.000,477.500
color_2,1.629604496,8.340853391,734.000,476.000
color_2,1.630729861,8.410268096,735.000,474.000
color_2,1.631855225,8.427621772,736.000,473.500
color_2,1.63298059,8.444975449,737.000,473.000
color_2,1.634105955,8.497036478,738.000,471.500
color_2,1.635231319,8.566451183,739.000,469.500
color_2,1.636356684,8.601158536,740.000,468.500
color_2,1.637482049,8.601158536,741.000,468.500
color_2,1.638607413,8.670573241,742.000,466.500
color_2,1.639732778,8.670573241,743.000,466.500
color_2,1.640858143,8.739987946,744.000,464.500
color_2,1.641983507,8.774695299,745.000,463.500
color_2,1.643108872,8.792048975,746.000,463.000
color_2,1.644234237,8.809402652,747.000,462.500
color_2,1.645359601,8.896171033,748.000,460.000
color_2,1.646484966,8.930878386,749.000,459.000
color_2,1.647610331,8.948232062,750.000,458.500
color_2,1.648735695,8.965585739,751.000,458.000
color_2,1.64986106,9.035000444,752.000,456.000
color_2,1.650986425,9.087061473,753.000,454.500
color_2,1.652111789,9.104415149,754.000,454.000
color_2,1.653237154,9.156476178,755.000,452.500
color_2,1.654362519,9.24324456,756.000,450.000
color_2,1.655487883,9.260598236,757.000,449.500
color_2,1.656613248,9.295305589,758.000,448.500
color_2,1.657738613,9.364720294,759.000,446.500
color_2,1.658863977,9.382073971,760.000,446.000
color_2,1.659989342,9.399427647,761.000,445.500
color_2,1.661114706,9.486196029,762.000,443.000
color_2,1.662240071,9.538257058,763.000,441.500
color_2,1.663365436,9.538257058,764.000,441.500
color_2,1.6644908,9.555610734,765.000,441.000
color_2,1.665616165,9.659732792,766.000,438.000
color_2,1.66674153,9.677086468,767.000,437.500
color_2,1.667866894,9.677086468,768.000,437.500
color_2,1.668992259,9.746501174,769.000,435.500
color_2,1.670117624,9.798562203,770.000,434.000
color_2,1.671242988,9.815915879,771.000,433.500
color_2,1.672368353,9.867976908,772.000,432.000
color_2,1.673493718,9.885330584,773.000,431.500
color_2,1.674619082,9.885330584,774.000,431.500
color_2,1.675744447,9.920037937,775.000,430.500
color_2,1.676869812,9.95474529,776.000,429.500
color_2,1.677995176,10.00680632,777.000,428.000
color_2,1.679120541,10.02415999,778.000,427.500
color_2,1.680245906,10.16298941,779.000,423.500
color_2,1.68137127,10.18034308,780.000,423.000
color_2,1.682496635,10.19769676,781.000,422.500
color_2,1.683622,10.23240411,782.000,421.500
color_2,1.684747364,10.33652617,783.000,418.500
color_2,1.685872729,10.33652617,784.000,418.500
color_2,1.686998094,10.35387985,785.000,418.000
color_2,1.688123458,10.4580019,786.000,415.000
color_2,1.689248823,10.4580019,787.000,415.000
color_2,1.690374188,10.51006293,788.000,413.500
color_2,1.691499552,10.56212396,789.000,412.000
color_2,1.692624917,10.57947764,790.000,411.500
color_2,1.693750281,10.61418499,791.000,410.500
color_2,1.694875646,10.64889234,792.000,409.500
color_2,1.696001011,10.82242911,793.000,404.500
color_2,1.697126375,10.92655116,794.000,401.500
color_2,1.69825174,10.96125852,795.000,400.500
color_2,1.699377105,11.0480269,796.000,398.000
color_2,1.700502469,11.13479528,797.000,395.500
color_2,1.701627834,11.13479528,798.000,395.500
color_2,1.702753199,11.18685631,799.000,394.000
color_2,1.703878563,11.23891734,800.000,392.500
color_2,1.705003928,11.25627101,801.000,392.000
color_2,1.706129293,11.29097837,802.000,391.000
color_2,1.707254657,11.3430394,803.000,389.500
color_2,1.708380022,11.39510043,804.000,388.000
color_2,1.709505387,11.39510043,805.000,388.000
color_2,1.710630751,11.42980778,806.000,387.000
color_2,1.711756116,11.51657616,807.000,384.500
color_2,1.712881481,11.55128351,808.000,383.500
color_2,1.714006845,11.58599086,809.000,382.500
color_2,1.71513221,11.58599086,810.000,382.500
color_2,1.716257575,11.65540557,811.000,380.500
color_2,1.717382939,11.65540557,812.000,380.500
color_2,1.718508304,11.69011292,813.000,379.500
color_2,1.719633669,11.7768813,814.000,377.000
color_2,1.720759033,11.82894233,815.000,375.500
color_2,1.721884398,11.84629601,816.000,375.000
color_2,1.723009763,11.86364969,817.000,374.500
color_2,1.724135127,11.91571071,818.000,373.000
color_2,1.725260492,11.93306439,819.000,372.500
color_2,1.726385856,11.98512542,820.000,371.000
color_2,1.727511221,12.05454013,821.000,369.000
color_2,1.728636586,12.0718938,822.000,368.500
color_2,1.72976195,12.08924748,823.000,368.000
color_2,1.730887315,12.17601586,824.000,365.500
color_2,1.73201268,12.22807689,825.000,364.000
color_2,1.733138044,12.24543057,826.000,363.500
color_2,1.734263409,12.26278424,827.000,363.000
color_2,1.735388774,12.33219895,828.000,361.000
color_2,1.736514138,12.3669063,829.000,360.000
color_2,1.737639503,12.38425998,830.000,359.500
color_2,1.738764868,12.45367468,831.000,357.500
color_2,1.739890232,12.48838203,832.000,356.500
color_2,1.741015597,12.54044306,833.000,355.000
color_2,1.742140962,12.59250409,834.000,353.500
color_2,1.743266326,12.6619188,835.000,351.500
color_2,1.744391691,12.6619188,836.000,351.500
color_2,1.745517056,12.69662615,837.000,350.500
color_2,1.74664242,12.78339453,838.000,348.000
color_2,1.747767785,12.83545556,839.000,346.500
color_2,1.74889315,12.83545556,840.000,346.500
color_2,1.750018514,12.87016291,841.000,345.500
color_2,1.751143879,12.93957762,842.000,343.500
color_2,1.752269244,12.97428497,843.000,342.500
color_2,1.753394608,12.99163865,844.000,342.000
color_2,1.754519973,13.04369968,845.000,340.500
color_2,1.755645338,13.04369968,846.000,340.500
color_2,1.756770702,13.07840703,847.000,339.500
color_2,1.757896067,13.14782173,848.000,337.500
color_2,1.759021432,13.14782173,849.000,337.500
color_2,1.760146796,13.18252909,850.000,336.500
color_2,1.761272161,13.30400482,851.000,333.000
color_2,1.762397525,13.35606585,852.000,331.500
color_2,1.76352289,13.37341953,853.000,331.000
color_2,1.764648255,13.37341953,854.000,331.000
color_2,1.765773619,13.44283423,855.000,329.000
color_2,1.766898984,13.49489526,856.000,327.500
color_2,1.768024349,13.52960261,857.000,326.500
color_2,1.769149713,13.56430997,858.000,325.500
color_2,1.770275078,13.59901732,859.000,324.500
color_2,1.771400443,13.616371,860.000,324.000
color_2,1.772525807,13.63372467,861.000,323.500
color_2,1.773651172,13.72049305,862.000,321.000
color_2,1.774776537,13.73784673,863.000,320.500
color_2,1.775901901,13.73784673,864.000,320.500
color_2,1.777027266,13.80726144,865.000,318.500
color_2,1.778152631,13.85932246,866.000,317.000
color_2,1.779277995,13.87667614,867.000,316.500
color_2,1.78040336,13.99815187,868.000,313.000
color_2,1.781528725,14.17168864,869.000,308.000
color_2,1.782654089,14.25845702,870.000,305.500
color_2,1.783779454,14.32787173,871.000,303.500
color_2,1.784904819,14.50140849,872.000,298.500
color_2,1.786030183,14.55346952,873.000,297.000
color_2,1.787155548,14.57082319,874.000,296.500
color_2,1.788280913,14.58817687,875.000,296.000
color_2,1.789406277,14.6402379,876.000,294.500
color_2,1.790531642,14.65759158,877.000,294.000
color_2,1.791657007,14.69229893,878.000,293.000
color_2,1.792782371,14.74435996,879.000,291.500
color_2,1.793907736,14.74435996,880.000,291.500
color_2,1.7950331,14.77906731,881.000,290.500
color_2,1.796158465,14.81377466,882.000,289.500
color_2,1.79728383,14.86583569,883.000,288.000
color_2,1.798409194,14.88318937,884.000,287.500
color_2,1.799534559,14.88318937,885.000,287.500
color_2,1.800659924,14.95260407,886.000,285.500
color_2,1.801785288,14.98731143,887.000,284.500
color_2,1.802910653,15.02201878,888.000,283.500
color_2,1.804036018,15.02201878,889.000,283.500
color_2,1.805161382,15.03937245,890.000,283.000
color_2,1.806286747,15.07407981,891.000,282.000
color_2,1.807412112,15.12614084,892.000,280.500
color_2,1.808537476,15.16084819,893.000,279.500
color_2,1.809662841,15.17820187,894.000,279.000
color_2,1.810788206,15.17820187,895.000,279.000
color_2,1.81191357,15.21290922,896.000,278.000
color_2,1.813038935,15.28232392,897.000,276.000
color_2,1.8141643,15.2996776,898.000,275.500
color_2,1.815289664,15.33438495,899.000,274.500
color_2,1.816415029,15.38644598,900.000,273.000
color_2,1.817540394,15.42115333,901.000,272.000
color_2,1.818665758,15.43850701,902.000,271.500
color_2,1.819791123,15.50792172,903.000,269.500
color_2,1.820916488,15.55998274,904.000,268.000
color_2,1.822041852,15.62939745,905.000,266.000
color_2,1.823167217,15.68145848,906.000,264.500
color_2,1.824292582,15.75087318,907.000,262.500
color_2,1.825417946,15.75087318,908.000,262.500
color_2,1.826543311,15.78558054,909.000,261.500
color_2,1.827668675,15.87234892,910.000,259.000
color_2,1.82879404,15.90705627,911.000,258.000
color_2,1.829919405,15.9591173,912.000,256.500
color_2,1.831044769,16.04588568,913.000,254.000
color_2,1.832170134,16.13265406,914.000,251.500
color_2,1.833295499,16.13265406,915.000,251.500
color_2,1.834420863,16.15000774,916.000,251.000
color_2,1.835546228,16.23677612,917.000,248.500
color_2,1.836671593,16.27148347,918.000,247.500
color_2,1.837796957,16.27148347,919.000,247.500
color_2,1.838922322,16.30619083,920.000,246.500
color_2,1.840047687,16.3235445,921.000,246.000
color_2,1.841173051,16.35825186,922.000,245.000
color_2,1.842298416,16.41031288,923.000,243.500
color_2,1.843423781,16.46237391,924.000,242.000
color_2,1.844549145,16.51443494,925.000,240.500
color_2,1.84567451,16.53178862,926.000,240.000
color_2,1.846799875,16.60120332,927.000,238.000
color_2,1.847925239,16.67061803,928.000,236.000
color_2,1.849050604,16.70532538,929.000,235.000
color_2,1.850175969,16.72267906,930.000,234.500
color_2,1.851301333,16.77474009,931.000,233.000
color_2,1.852426698,16.77474009,932.000,233.000
color_2,1.853552063,16.82680112,933.000,231.500
color_2,1.854677427,16.87886215,934.000,230.000
color_2,1.855802792,16.89621582,935.000,229.500
color_2,1.856928157,16.9135695,936.000,229.000
color_2,1.858053521,16.96563053,937.000,227.500
color_2,1.859178886,17.06975259,938.000,224.500
color_2,1.86030425,17.15652097,939.000,222.000
color_2,1.861429615,17.15652097,940.000,222.000
color_2,1.86255498,17.208582,941.000,220.500
color_2,1.863680344,17.24328935,942.000,219.500
color_2,1.864805709,17.24328935,943.000,219.500
color_2,1.865931074,17.24328935,944.000,219.500
color_2,1.867056438,17.33005773,945.000,217.000
color_2,1.868181803,17.34741141,946.000,216.500
color_2,1.869307168,17.36476508,947.000,216.000
color_2,1.870432532,17.38211876,948.000,215.500
color_2,1.871557897,17.39947244,949.000,215.000
color_2,1.872683262,17.43417979,950.000,214.000
color_2,1.873808626,17.50359449,951.000,212.000
color_2,1.874933991,17.53830185,952.000,211.000
color_2,1.876059356,17.55565552,953.000,210.500
color_2,1.87718472,17.60771655,954.000,209.000
color_2,1.878310085,17.67713126,955.000,207.000
color_2,1.87943545,17.72919229,956.000,205.500
color_2,1.880560814,17.72919229,957.000,205.500
color_2,1.881686179,17.76389964,958.000,204.500
color_2,1.882811544,17.79860699,959.000,203.500
color_2,1.883936908,17.81596067,960.000,203.000
color_2,1.885062273,17.85066802,961.000,202.000
color_2,1.886187638,17.90272905,962.000,200.500
color_2,1.887313002,17.90272905,963.000,200.500
color_2,1.888438367,17.9374364,964.000,199.500
color_2,1.889563732,18.00685111,965.000,197.500
color_2,1.890689096,18.00685111,966.000,197.500
color_2,1.891814461,18.04155846,967.000,196.500
color_2,1.892939825,18.11097317,968.000,194.500
color_2,1.89406519,18.16303419,969.000,193.000
color_2,1.895190555,18.16303419,970.000,193.000
color_2,1.896315919,18.18038787,971.000,192.500
color_2,1.897441284,18.21509522,972.000,191.500
color_2,1.898566649,18.21509522,973.000,191.500
color_2,1.899692013,18.21509522,974.000,191.500
color_2,1.900817378,18.24980258,975.000,190.500
color_2,1.901942743,18.26715625,976.000,190.000
color_2,1.903068107,18.26715625,977.000,190.000
color_2,1.904193472,18.3018636,978.000,189.000
color_2,1.905318837,18.31921728,979.000,188.500
color_2,1.906444201,18.31921728,980.000,188.500
color_2,1.907569566,18.31921728,981.000,188.500
color_2,1.908694931,18.33657096,982.000,188.000
color_2,1.909820295,18.33657096,983.000,188.000
color_2,1.91094566,18.33657096,984.000,188.000
color_2,1.912071025,18.33657096,985.000,188.000
color_2,1.913196389,18.37127831,986.000,187.000
color_2,1.914321754,18.38863199,987.000,186.500
color_2,1.915447119,18.42333934,988.000,185.500
color_2,1.916572483,18.45804669,989.000,184.500
color_2,1.917697848,18.47540037,990.000,184.000
color_2,1.918823213,18.49275404,991.000,183.500
color_2,1.919948577,18.5274614,992.000,182.500
color_2,1.921073942,18.5968761,993.000,180.500
color_2,1.922199307,18.61422978,994.000,180.000
color_2,1.923324671,18.63158346,995.000,179.500
color_2,1.924450036,18.68364448,996.000,178.000
color_2,1.9255754,18.71835184,997.000,177.000
color_2,1.926700765,18.75305919,998.000,176.000
color_2,1.92782613,18.77041287,999.000,175.500
color_2,1.928951494,18.80512022,1000.000,174.500
color_2,1.930076859,18.82247389,1001.000,174.000
color_2,1.931202224,18.82247389,1002.000,174.000
color_2,1.932327588,18.87453492,1003.000,172.500
color_2,1.933452953,18.92659595,1004.000,171.000
color_2,1.934578318,18.94394963,1005.000,170.500
color_2,1.935703682,18.97865698,1006.000,169.500
color_2,1.936829047,18.99601066,1007.000,169.000
color_2,1.937954412,19.01336433,1008.000,168.500
color_2,1.939079776,19.06542536,1009.000,167.000
color_2,1.940205141,19.11748639,1010.000,165.500
color_2,1.941330506,19.11748639,1011.000,165.500
color_2,1.94245587,19.11748639,1012.000,165.500
color_2,1.943581235,19.16954742,1013.000,164.000
color_2,1.9447066,19.23896213,1014.000,162.000
color_2,1.945831964,19.2563158,1015.000,161.500
color_2,1.946957329,19.27366948,1016.000,161.000
color_2,1.948082694,19.30837683,1017.000,160.000
color_2,1.949208058,19.34308418,1018.000,159.000
color_2,1.950333423,19.37779154,1019.000,158.000
color_2,1.951458788,19.41249889,1020.000,157.000
color_2,1.952584152,19.41249889,1021.000,157.000
color_2,1.953709517,19.46455992,1022.000,155.500
color_2,1.954834882,19.49926727,1023.000,154.500
color_2,1.955960246,19.53397462,1024.000,153.500
color_2,1.957085611,19.56868198,1025.000,152.500
color_2,1.958210975,19.56868198,1026.000,152.500
color_2,1.95933634,19.60338933,1027.000,151.500
color_2,1.960461705,19.69015771,1028.000,149.000
color_2,1.961587069,19.69015771,1029.000,149.000
color_2,1.962712434,19.72486506,1030.000,148.000
color_2,1.963837799,19.82898712,1031.000,145.000
color_2,1.964963163,19.8463408,1032.000,144.500
color_2,1.966088528,19.89840183,1033.000,143.000
color_2,1.967213893,19.89840183,1034.000,143.000
color_2,1.968339257,19.9157555,1035.000,142.500
color_2,1.969464622,19.93310918,1036.000,142.000
color_2,1.970589987,19.95046286,1037.000,141.500
color_2,1.971715351,19.95046286,1038.000,141.500
color_2,1.972840716,19.95046286,1039.000,141.500
color_2,1.973966081,19.95046286,1040.000,141.500
color_2,1.975091445,19.96781653,1041.000,141.000
color_2,1.97621681,19.96781653,1042.000,141.000
color_2,1.977342175,19.96781653,1043.000,141.000
color_2,1.978467539,20.05458491,1044.000,138.500
color_2,1.979592904,20.07193859,1045.000,138.000
color_2,1.980718269,20.08929227,1046.000,137.500
color_2,1.981843633,20.10664594,1047.000,137.000
color_2,1.982968998,20.15870697,1048.000,135.500
color_2,1.984094363,20.15870697,1049.000,135.500
color_2,1.985219727,20.19341433,1050.000,134.500
color_2,1.986345092,20.22812168,1051.000,133.500
color_2,1.987470457,20.26282903,1052.000,132.500
color_2,1.988595821,20.29753638,1053.000,131.500
color_2,1.989721186,20.34959741,1054.000,130.000
color_2,1.99084655,20.41901212,1055.000,128.000
color_2,1.991971915,20.41901212,1056.000,128.000
color_2,1.99309728,20.47107315,1057.000,126.500
color_2,1.994222644,20.54048785,1058.000,124.500
color_2,1.995348009,20.60990256,1059.000,122.500
color_2,1.996473374,20.62725623,1060.000,122.000
color_2,1.997598738,20.64460991,1061.000,121.500
color_2,1.998724103,20.66196359,1062.000,121.000
color_2,1.999849468,20.69667094,1063.000,120.000
color_2,2.000974832,20.73137829,1064.000,119.000
color_2,2.002100197,20.76608564,1065.000,118.000
color_2,2.003225562,20.78343932,1066.000,117.500
color_2,2.004350926,20.81814667,1067.000,116.500
color_2,2.005476291,20.83550035,1068.000,116.000
color_2,2.006601656,20.8702077,1069.000,115.000
color_2,2.00772702,20.88756138,1070.000,114.500
color_2,2.008852385,20.88756138,1071.000,114.500
color_2,2.00997775,20.93962241,1072.000,113.000
color_2,2.011103114,20.95697608,1073.000,112.500
color_2,2.012228479,20.97432976,1074.000,112.000
color_2,2.013353844,21.00903711,1075.000,111.000
color_3,1.009528571,-0.09303330633,183.000,719.000
color_3,1.010653936,-0.09303330633,184.000,719.000
color_3,1.0117793,-0.09303330633,185.000,719.000
color_3,1.012904665,-0.07567963,186.000,718.500
color_3,1.01403003,-0.05832595367,187.000,718.000
color_3,1.015155394,-0.023618601,188.000,717.000
color_3,1.016280759,-0.023618601,189.000,717.000
color_3,1.017406124,11.95041807,190.000,372.000
color_3,1.018531488,11.96777174,191.000,371.500
color_3,1.019656853,12.0024791,192.000,370.500
color_3,1.020782218,11.93306439,193.000,372.500
color_3,1.021907582,11.89835704,194.000,373.500
color_3,1.023032947,11.88100336,195.000,374.000
color_3,1.024158312,11.88100336,196.000,374.000
color_3,1.025283676,11.88100336,197.000,374.000
color_3,1.026409041,11.89835704,198.000,373.500
color_3,1.027534406,11.91571071,199.000,373.000
color_3,1.02865977,11.89835704,200.000,373.500
color_3,1.029785135,11.89835704,201.000,373.500
color_3,1.0309105,11.89835704,202.000,373.500
color_3,1.032035864,11.89835704,203.000,373.500
color_3,1.033161229,11.88100336,204.000,374.000
color_3,1.034286593,11.88100336,205.000,374.000
color_3,1.035411958,11.88100336,206.000,374.000
color_3,1.036537323,11.89835704,207.000,373.500
color_3,1.037662687,11.89835704,208.000,373.500
color_3,1.038788052,11.89835704,209.000,373.500
color_3,1.039913417,11.89835704,210.000,373.500
color_3,1.041038781,11.89835704,211.000,373.500
color_3,1.042164146,11.89835704,212.000,373.500
color_3,1.043289511,11.89835704,213.000,373.500
color_3,1.044414875,11.89835704,214.000,373.500
color_3,1.04554024,11.89835704,215.000,373.500
color_3,1.046665605,11.89835704,216.000,373.500
color_3,1.047790969,11.89835704,217.000,373.500
color_3,1.048916334,11.89835704,218.000,373.500
color_3,1.050041699,11.89835704,219.000,373.500
color_3,1.051167063,11.89835704,220.000,373.500
color_3,1.052292428,12.01983277,221.000,370.000
color_3,1.053417793,12.01983277,222.000,370.000
color_3,1.054543157,12.01983277,223.000,370.000
color_3,1.055668522,12.01983277,224.000,370.000
color_3,1.056793887,12.01983277,225.000,370.000
color_3,1.057919251,12.01983277,226.000,370.000
color_3,1.059044616,12.01983277,227.000,370.000
color_3,1.060169981,12.01983277,228.000,370.000
color_3,1.061295345,12.01983277,229.000,370.000
color_3,1.06242071,12.01983277,230.000,370.000
color_3,1.063546075,12.01983277,231.000,370.000
color_3,1.064671439,12.01983277,232.000,370.000
color_3,1.065796804,12.01983277,233.000,370.000
color_3,1.066922168,12.01983277,234.000,370.000
color_3,1.068047533,12.01983277,235.000,370.000
color_3,1.069172898,12.01983277,236.000,370.000
color_3,1.070298262,12.01983277,237.000,370.000
color_3,1.071423627,12.01983277,238.000,370.000
color_3,1.072548992,12.01983277,239.000,370.000
color_3,1.073674356,12.01983277,240.000,370.000
color_3,1.074799721,12.01983277,241.000,370.000
color_3,1.075925086,12.01983277,242.000,370.000
color_3,1.07705045,12.12395483,243.000,367.000
color_3,1.078175815,12.12395483,244.000,367.000
color_3,1.07930118,12.12395483,245.000,367.000
color_3,1.080426544,12.12395483,246.000,367.000
color_3,1.081551909,12.12395483,247.000,367.000
color_3,1.082677274,12.14130851,248.000,366.500
color_3,1.083802638,12.14130851,249.000,366.500
color_3,1.084928003,12.14130851,250.000,366.500
color_3,1.086053368,12.14130851,251.000,366.500
color_3,1.087178732,12.14130851,252.000,366.500
color_3,1.088304097,12.14130851,253.000,366.500
color_3,1.089429462,12.14130851,254.000,366.500
color_3,1.090554826,12.14130851,255.000,366.500
color_3,1.091680191,12.14130851,256.000,366.500
color_3,1.092805556,12.14130851,257.000,366.500
color_3,1.09393092,12.14130851,258.000,366.500
color_3,1.095056285,12.14130851,259.000,366.500
color_3,1.09618165,12.14130851,260.000,366.500
color_3,1.097307014,12.15866218,261.000,366.000
color_3,1.098432379,12.15866218,262.000,366.000
color_3,1.099557743,12.15866218,263.000,366.000
color_3,1.100683108,12.15866218,264.000,366.000
color_3,1.101808473,12.15866218,265.000,366.000
color_3,1.102933837,12.15866218,266.000,366.000
color_3,1.104059202,12.15866218,267.000,366.000
color_3,1.105184567,12.15866218,268.000,366.000
color_3,1.106309931,12.15866218,269.000,366.000
color_3,1.107435296,12.15866218,270.000,366.000
color_3,1.108560661,12.15866218,271.000,366.000
color_3,1.109686025,12.15866218,272.000,366.000
color_3,1.11081139,12.15866218,273.000,366.000
color_3,1.111936755,12.15866218,274.000,366.000
color_3,1.113062119,12.15866218,275.000,366.000
color_3,1.114187484,12.15866218,276.000,366.000
color_3,1.115312849,12.15866218,277.000,366.000
color_3,1.116438213,12.15866218,278.000,366.000
color_3,1.117563578,12.15866218,279.000,366.000
color_3,1.118688943,13.13046806,280.000,338.000
color_3,1.119814307,13.13046806,281.000,338.000
color_3,1.120939672,13.13046806,282.000,338.000
color_3,1.122065037,14.10227393,283.000,310.000
color_3,1.123190401,14.10227393,284.000,310.000
color_3,1.124315766,12.15866218,285.000,366.000
color_3,1.125441131,12.14130851,286.000,366.500
color_3,1.126566495,12.14130851,287.000,366.500
color_3,1.12769186,12.14130851,288.000,366.500
color_3,1.128817225,12.15866218,289.000,366.000
color_3,1.129942589,12.15866218,290.000,366.000
color_3,1.131067954,12.15866218,291.000,366.000
color_3,1.132193318,12.15866218,292.000,366.000
color_3,1.133318683,12.15866218,293.000,366.000
color_3,1.134444048,12.15866218,294.000,366.000
color_3,1.135569412,12.15866218,295.000,366.000
color_3,1.136694777,12.15866218,296.000,366.000
color_3,1.137820142,12.15866218,297.000,366.000
color_3,1.138945506,12.15866218,298.000,366.000
color_3,1.140070871,12.15866218,299.000,366.000
color_3,1.141196236,12.15866218,300.000,366.000
color_3,1.1423216,12.15866218,301.000,366.000
color_3,1.143446965,12.14130851,302.000,366.500
color_3,1.14457233,12.14130851,303.000,366.500
color_3,1.145697694,12.14130851,304.000,366.500
color_3,1.146823059,12.14130851,305.000,366.500
color_3,1.147948424,12.14130851,306.000,366.500
color_3,1.149073788,12.14130851,307.000,366.500
color_3,1.150199153,12.15866218,308.000,366.000
color_3,1.151324518,12.15866218,309.000,366.000
color_3,1.152449882,12.15866218,310.000,366.000
color_3,1.153575247,12.10660115,311.000,367.500
color_3,1.154700612,12.01983277,312.000,370.000
color_3,1.155825976,12.01983277,313.000,370.000
color_3,1.156951341,12.03718645,314.000,369.500
color_3,1.198589833,0.184625515,351.000,711.000
color_3,1.199715198,0.184625515,352.000,711.000
color_3,1.200840562,0.184625515,353.000,711.000
color_3,1.201965927,0.184625515,354.000,711.000
color_3,1.203091292,0.184625515,355.000,711.000
color_3,1.204216656,0.1499181623,356.000,712.000
color_3,1.205342021,0.1499181623,357.000,712.000
color_3,1.206467386,0.1499181623,358.000,712.000
color_3,1.20759275,0.184625515,359.000,711.000
color_3,1.208718115,0.184625515,360.000,711.000
color_3,1.20984348,0.184625515,361.000,711.000
color_3,1.210968844,0.184625515,362.000,711.000
color_3,1.212094209,0.184625515,363.000,711.000
color_3,1.213219574,0.184625515,364.000,711.000
color_3,1.214344938,0.184625515,365.000,711.000
color_3,1.215470303,0.184625515,366.000,711.000
color_3,1.216595668,0.184625515,367.000,711.000
color_3,1.217721032,0.184625515,368.000,711.000
color_3,1.218846397,0.184625515,369.000,711.000
color_3,1.219971762,0.184625515,370.000,711.000
color_3,1.221097126,0.184625515,371.000,711.000
color_3,1.222222491,0.184625515,372.000,711.000
color_3,1.223347856,0.184625515,373.000,711.000
color_3,1.22447322,0.184625515,374.000,711.000
color_3,1.225598585,0.184625515,375.000,711.000
color_3,1.22672395,0.184625515,376.000,711.000
color_3,1.227849314,0.2193328676,377.000,710.000
color_3,1.228974679,0.2193328676,378.000,710.000
color_3,1.230100043,0.2193328676,379.000,710.000
color_3,1.2919951,-0.04097227734,434.000,717.500
color_3,1.293120464,-0.04097227734,435.000,717.500
color_3,1.294245829,-0.04097227734,436.000,717.500
color_3,1.295371194,-0.023618601,437.000,717.000
color_3,1.296496558,-0.023618601,438.000,717.000
color_3,1.297621923,-0.023618601,439.000,717.000
color_3,1.298747287,-0.023618601,440.000,717.000
color_3,1.299872652,-0.023618601,441.000,717.000
color_3,1.300998017,-0.023618601,442.000,717.000
color_3,1.302123381,-0.023618601,443.000,717.000
color_3,1.303248746,-0.023618601,444.000,717.000
color_3,1.304374111,-0.023618601,445.000,717.000
color_3,1.305499475,-0.023618601,446.000,717.000
color_3,1.30662484,-0.023618601,447.000,717.000
color_3,1.307750205,-0.023618601,448.000,717.000
color_3,1.308875569,-0.006264924672,449.000,716.500
color_3,1.310000934,-0.006264924672,450.000,716.500
color_3,1.311126299,-0.006264924672,451.000,716.500
color_3,1.312251663,-0.006264924672,452.000,716.500
color_3,1.313377028,-0.006264924672,453.000,716.500
color_3,1.314502393,-0.006264924672,454.000,716.500
color_3,1.315627757,-0.006264924672,455.000,716.500
color_3,1.316753122,-0.006264924672,456.000,716.500
color_3,1.317878487,-0.006264924672,457.000,716.500
color_3,1.319003851,-0.006264924672,458.000,716.500
color_3,1.320129216,0.01108875166,459.000,716.000
color_3,1.321254581,0.02844242799,460.000,715.500
color_3,1.322379945,0.02844242799,461.000,715.500
color_3,1.32350531,0.02844242799,462.000,715.500
color_3,1.324630675,0.02844242799,463.000,715.500
color_3,1.325756039,0.02844242799,464.000,715.500
color_3,1.326881404,0.02844242799,465.000,715.500
color_3,1.328006769,0.02844242799,466.000,715.500
color_3,1.329132133,0.02844242799,467.000,715.500
color_3,1.330257498,0.02844242799,468.000,715.500
color_3,1.331382862,0.02844242799,469.000,715.500
color_3,1.332508227,0.02844242799,470.000,715.500
color_3,1.333633592,0.02844242799,471.000,715.500
color_3,1.334758956,0.02844242799,472.000,715.500
color_3,1.335884321,-0.023618601,473.000,717.000
color_3,1.337009686,-0.023618601,474.000,717.000
color_3,1.33813505,-0.023618601,475.000,717.000
color_3,1.339260415,-0.023618601,476.000,717.000
color_3,1.34038578,-0.023618601,477.000,717.000
color_3,1.341511144,-0.023618601,478.000,717.000
color_3,1.342636509,-0.023618601,479.000,717.000
color_3,1.343761874,-0.023618601,480.000,717.000
color_3,1.344887238,-0.05832595367,481.000,718.000
color_3,1.346012603,-0.05832595367,482.000,718.000
color_3,1.347137968,-0.05832595367,483.000,718.000
color_3,1.348263332,-0.05832595367,484.000,718.000
color_3,1.349388697,-0.05832595367,485.000,718.000
color_3,1.350514062,-0.05832595367,486.000,718.000
color_3,1.351639426,-0.05832595367,487.000,718.000
color_3,1.352764791,-0.05832595367,488.000,718.000
color_3,1.353890156,-0.05832595367,489.000,718.000
color_3,1.35501552,-0.05832595367,490.000,718.000
color_3,1.356140885,-0.05832595367,491.000,718.000
color_3,1.35726625,-0.05832595367,492.000,718.000
color_3,1.358391614,-0.05832595367,493.000,718.000
color_3,1.359516979,-0.05832595367,494.000,718.000
color_3,1.360642344,-0.05832595367,495.000,718.000
color_3,1.361767708,-0.05832595367,496.000,718.000
color_3,1.362893073,-0.05832595367,497.000,718.000
color_3,1.364018437,-0.05832595367,498.000,718.000
color_3,1.365143802,-0.05832595367,499.000,718.000
color_3,1.391027189,-0.023618601,522.000,717.000
color_3,1.392152554,-0.023618601,523.000,717.000
color_3,1.393277919,-0.023618601,524.000,717.000
color_3,1.394403283,-0.006264924672,525.000,716.500
color_3,1.395528648,-0.006264924672,526.000,716.500
color_3,1.396654012,-0.006264924672,527.000,716.500
color_3,1.397779377,-0.006264924672,528.000,716.500
color_3,1.398904742,0.01108875166,529.000,716.000
color_3,1.400030106,0.02844242799,530.000,715.500
color_3,1.401155471,0.04579610432,531.000,715.000
color_3,1.402280836,-0.006264924672,532.000,716.500
color_3,1.4034062,-0.023618601,533.000,717.000
color_3,1.404531565,-0.023618601,534.000,717.000
color_3,1.40565693,-0.023618601,535.000,717.000
color_3,1.406782294,-0.023618601,536.000,717.000
color_3,1.407907659,-0.023618601,537.000,717.000
color_3,1.409033024,-0.023618601,538.000,717.000
color_3,1.410158388,-0.023618601,539.000,717.000
color_3,1.411283753,-0.023618601,540.000,717.000
color_3,1.412409118,-0.023618601,541.000,717.000
color_3,1.413534482,-0.023618601,542.000,717.000
color_3,1.414659847,-0.023618601,543.000,717.000
color_3,1.415785212,-0.023618601,544.000,717.000
color_3,1.416910576,-0.006264924672,545.000,716.500
color_3,1.418035941,-0.006264924672,546.000,716.500
color_3,1.419161306,-0.006264924672,547.000,716.500
color_3,1.42028667,-0.006264924672,548.000,716.500
color_3,1.421412035,-0.023618601,549.000,717.000
color_3,1.4225374,-0.023618601,550.000,717.000
color_3,1.423662764,-0.023618601,551.000,717.000
color_3,1.424788129,-0.023618601,552.000,717.000
color_3,1.425913494,-0.023618601,553.000,717.000
color_3,1.427038858,-0.05832595367,554.000,718.000
color_3,1.428164223,-0.05832595367,555.000,718.000
color_3,1.429289587,-0.05832595367,556.000,718.000
color_3,1.430414952,-0.05832595367,557.000,718.000
color_3,1.431540317,-0.05832595367,558.000,718.000
color_3,1.432665681,-0.05832595367,559.000,718.000
color_3,1.433791046,-0.023618601,560.000,717.000
color_3,1.434916411,-0.023618601,561.000,717.000
color_3,1.436041775,-0.006264924672,562.000,716.500
color_3,1.43716714,-0.023618601,563.000,717.000
color_3,1.438292505,-0.023618601,564.000,717.000
color_3,1.439417869,-0.023618601,565.000,717.000
color_3,1.440543234,-0.023618601,566.000,717.000
color_3,1.441668599,-0.023618601,567.000,717.000
color_3,1.442793963,-0.023618601,568.000,717.000
color_3,1.443919328,-0.023618601,569.000,717.000
color_3,1.445044693,-0.023618601,570.000,717.000
color_3,1.446170057,-0.023618601,571.000,717.000
color_3,1.447295422,-0.023618601,572.000,717.000
color_3,1.448420787,-0.023618601,573.000,717.000
color_3,1.449546151,-0.023618601,574.000,717.000
color_3,1.450671516,-0.023618601,575.000,717.000
color_3,1.451796881,-0.023618601,576.000,717.000
color_3,1.452922245,-0.023618601,577.000,717.000
color_3,1.45404761,-0.023618601,578.000,717.000
color_3,1.455172975,-0.023618601,579.000,717.000
color_3,1.456298339,-0.023618601,580.000,717.000
color_3,1.457423704,-0.023618601,581.000,717.000
color_3,1.458549069,-0.023618601,582.000,717.000
color_3,1.459674433,-0.023618601,583.000,717.000
color_3,1.460799798,-0.023618601,584.000,717.000
color_3,1.461925162,-0.023618601,585.000,717.000
color_3,1.463050527,-0.023618601,586.000,717.000
color_3,1.464175892,-0.023618601,587.000,717.000
color_3,1.465301256,-0.023618601,588.000,717.000
color_3,1.466426621,-0.023618601,589.000,717.000
color_3,1.467551986,-0.023618601,590.000,717.000
color_3,1.46867735,-0.023618601,591.000,717.000
color_3,1.469802715,-0.023618601,592.000,717.000
color_3,1.47092808,-0.023618601,593.000,717.000
color_3,1.472053444,-0.023618601,594.000,717.000
color_3,1.473178809,-0.023618601,595.000,717.000
color_3,1.474304174,-0.023618601,596.000,717.000
color_3,1.475429538,-0.023618601,597.000,717.000
color_3,1.476554903,-0.023618601,598.000,717.000
color_3,1.477680268,-0.023618601,599.000,717.000
color_3,1.478805632,-0.023618601,600.000,717.000
color_3,1.479930997,-0.023618601,601.000,717.000
color_3,1.481056362,-0.023618601,602.000,717.000
color_3,1.482181726,-0.023618601,603.000,717.000
color_3,1.483307091,-0.023618601,604.000,717.000
color_3,1.484432456,-0.023618601,605.000,717.000
color_3,1.48555782,-0.023618601,606.000,717.000
color_3,1.486683185,-0.023618601,607.000,717.000
color_3,1.48780855,-0.023618601,608.000,717.000
color_3,1.488933914,-0.023618601,609.000,717.000
color_3,1.490059279,-0.023618601,610.000,717.000
color_3,1.491184644,-0.023618601,611.000,717.000
color_3,1.492310008,-0.023618601,612.000,717.000
color_3,1.493435373,0.01108875166,613.000,716.000
color_3,1.494560737,0.01108875166,614.000,716.000
color_3,1.495686102,0.01108875166,615.000,716.000
color_3,1.496811467,0.01108875166,616.000,716.000
color_3,1.497936831,0.02844242799,617.000,715.500
color_3,1.499062196,0.02844242799,618.000,715.500
color_3,1.500187561,0.02844242799,619.000,715.500
color_3,1.501312925,0.02844242799,620.000,715.500
color_3,1.50243829,0.02844242799,621.000,715.500
color_3,1.503563655,0.02844242799,622.000,715.500
color_3,1.504689019,0.01108875166,623.000,716.000
color_3,1.505814384,0.01108875166,624.000,716.000
color_3,1.506939749,0.01108875166,625.000,716.000
color_3,1.587966004,0.01108875166,697.000,716.000
color_3,1.589091369,-0.023618601,698.000,717.000
color_3,1.590216733,-0.023618601,699.000,717.000
color_3,1.591342098,-0.023618601,700.000,717.000
color_3,1.592467463,-0.023618601,701.000,717.000
color_3,1.593592827,-0.023618601,702.000,717.000
color_3,1.594718192,-0.006264924672,703.000,716.500
color_3,1.595843556,-0.023618601,704.000,717.000
color_3,1.596968921,-0.023618601,705.000,717.000
color_3,1.598094286,-0.023618601,706.000,717.000
color_3,1.59921965,-0.023618601,707.000,717.000
color_3,1.600345015,-0.023618601,708.000,717.000
color_3,1.60147038,-0.023618601,709.000,717.000
color_3,1.602595744,0.02844242799,710.000,715.500
color_3,1.603721109,0.01108875166,711.000,716.000
color_3,1.604846474,-0.023618601,712.000,717.000
color_3,1.605971838,-0.023618601,713.000,717.000
color_3,1.607097203,-0.023618601,714.000,717.000
color_3,1.608222568,-0.023618601,715.000,717.000
color_3,1.609347932,-0.023618601,716.000,717.000
color_3,1.610473297,-0.023618601,717.000,717.000
color_3,1.611598662,-0.023618601,718.000,717.000
color_3,1.612724026,-0.023618601,719.000,717.000
color_3,1.613849391,-0.04097227734,720.000,717.500
color_3,1.619476214,-0.05832595367,725.000,718.000
color_3,1.620601579,-0.05832595367,726.000,718.000
color_3,1.621726944,-0.05832595367,727.000,718.000
color_3,1.622852308,-0.023618601,728.000,717.000
color_3,1.623977673,-0.023618601,729.000,717.000
color_3,1.625103038,-0.006264924672,730.000,716.500
color_3,1.626228402,0.02844242799,731.000,715.500
color_3,1.627353767,0.02844242799,732.000,715.500
color_3,1.628479131,0.02844242799,733.000,715.500
color_3,1.629604496,0.02844242799,734.000,715.500
color_3,1.630729861,0.02844242799,735.000,715.500
color_3,1.631855225,0.04579610432,736.000,715.000
color_3,1.63298059,0.04579610432,737.000,715.000
color_3,1.634105955,0.04579610432,738.000,715.000
color_3,1.635231319,0.04579610432,739.000,715.000
color_3,1.636356684,0.06314978065,740.000,714.500
color_3,1.637482049,0.09785713332,741.000,713.500
color_3,1.638607413,0.09785713332,742.000,713.500
color_3,1.639732778,0.1152108096,743.000,713.000
color_3,1.640858143,0.1152108096,744.000,713.000
color_3,1.641983507,0.1499181623,745.000,712.000
color_3,1.643108872,0.1499181623,746.000,712.000
color_3,1.644234237,0.1672718386,747.000,711.500
color_3,1.645359601,0.184625515,748.000,711.000
color_3,1.646484966,0.1672718386,749.000,711.500
color_3,1.647610331,0.1672718386,750.000,711.500
color_3,1.648735695,0.1672718386,751.000,711.500
color_3,1.64986106,0.08050345698,752.000,714.000
color_3,1.650986425,0.01108875166,753.000,716.000
color_3,1.652111789,0.01108875166,754.000,716.000
color_3,1.653237154,-0.006264924672,755.000,716.500
color_3,1.654362519,-0.006264924672,756.000,716.500
color_3,1.655487883,-0.006264924672,757.000,716.500
color_3,1.656613248,-0.006264924672,758.000,716.500
color_3,1.657738613,0.132564486,759.000,712.500
color_3,1.658863977,0.132564486,760.000,712.500
color_3,1.659989342,0.04579610432,761.000,715.000
color_3,1.661114706,0.288747573,762.000,708.000
color_3,1.662240071,0.3061012493,763.000,707.500
color_3,1.663365436,0.2019791913,764.000,710.500
color_3,1.6644908,0.288747573,765.000,708.000
color_3,1.665616165,0.3755159546,766.000,705.500
color_3,1.66674153,0.3928696309,767.000,705.000
color_3,1.667866894,0.4102233073,768.000,704.500
color_3,1.668992259,0.4102233073,769.000,704.500
color_3,1.670117624,0.3928696309,770.000,705.000
color_3,1.671242988,9.972098966,771.000,429.000
color_3,1.672368353,0.4449306599,772.000,703.500
color_3,1.673493718,0.4449306599,773.000,703.500
color_3,1.674619082,0.4449306599,774.000,703.500
color_3,1.675744447,10.12828205,775.000,424.500
color_3,1.676869812,0.4622843363,776.000,703.000
color_3,1.677995176,0.4622843363,777.000,703.000
color_3,1.679120541,0.4622843363,778.000,703.000
color_3,1.680245906,10.31917249,779.000,419.000
color_3,1.68137127,5.338667385,780.000,562.500
color_3,1.682496635,0.3061012493,781.000,707.500
color_3,1.683622,5.373374738,782.000,561.500
color_3,1.684747364,0.4449306599,783.000,703.500
color_3,1.685872729,0.5316990416,784.000,701.000
color_3,1.686998094,0.5664063943,785.000,700.000
color_3,1.688123458,5.581618854,786.000,555.500
color_3,1.689248823,0.6011137469,787.000,699.000
color_3,1.690374188,0.6531747759,788.000,697.500
color_3,1.691499552,0.6705284523,789.000,697.000
color_3,1.692624917,0.6358210996,790.000,698.000
color_3,1.693750281,0.6358210996,791.000,698.000
color_3,1.694875646,0.4622843363,792.000,703.000
color_3,1.696001011,0.4969916889,793.000,702.000
color_3,1.697126375,0.7399431576,794.000,695.000
color_3,1.69825174,0.7746505102,795.000,694.000
color_3,1.699377105,0.7746505102,796.000,694.000
color_3,1.700502469,0.7920041866,797.000,693.500
color_3,1.701627834,0.8267115392,798.000,692.500
color_3,1.702753199,0.8440652156,799.000,692.000
color_3,1.703878563,5.911338704,800.000,546.000
color_3,1.705003928,10.97861219,801.000,400.000
color_3,1.706129293,0.8787725682,802.000,691.000
color_3,1.707254657,0.9308335972,803.000,689.500
color_3,1.708380022,0.9481872736,804.000,689.000
color_3,1.709505387,0.9828946262,805.000,688.000
color_3,1.710630751,0.9828946262,806.000,688.000
color_3,1.711756116,11.22156366,807.000,393.000
color_3,1.712881481,11.27362469,808.000,391.500
color_3,1.714006845,11.25627101,809.000,392.000
color_3,1.71513221,1.052309332,810.000,686.000
color_3,1.716257575,1.034955655,811.000,686.500
color_3,1.717382939,1.069663008,812.000,685.500
color_3,1.718508304,6.275765907,813.000,535.500
color_3,1.719633669,1.191138742,814.000,682.000
color_3,1.720759033,11.51657616,815.000,384.500
color_3,1.721884398,11.55128351,816.000,383.500
color_3,1.723009763,11.55128351,817.000,383.500
color_3,1.724135127,11.60334454,818.000,382.000
color_3,1.725260492,6.31047326,819.000,534.500
color_3,1.726385856,11.7074666,820.000,379.000
color_3,1.727511221,6.379887965,821.000,532.500
color_3,1.728636586,1.087016684,822.000,685.000
color_3,1.72976195,6.466656347,823.000,530.000
color_3,1.730887315,1.15643139,824.000,683.000
color_3,1.73201268,11.7768813,825.000,377.000
color_3,1.733138044,1.191138742,826.000,682.000
color_3,1.734263409,6.64019311,827.000,525.000
color_3,1.735388774,1.225846095,828.000,681.000
color_3,1.736514138,1.243199771,829.000,680.500
color_3,1.737639503,1.260553448,830.000,680.000
color_3,1.738764868,1.2952608,831.000,679.000
color_3,1.739890232,1.2952608,832.000,679.000
color_3,1.742140962,1.329968153,834.000,678.000
color_3,1.743266326,1.364675506,835.000,677.000
color_3,1.744391691,1.399382858,836.000,676.000
color_3,1.745517056,1.434090211,837.000,675.000
color_3,1.74664242,1.468797563,838.000,674.000
color_3,1.747767785,1.503504916,839.000,673.000
color_3,1.74889315,1.520858592,840.000,672.500
color_3,1.750018514,1.572919621,841.000,671.000
color_3,1.751143879,1.607626974,842.000,670.000
color_3,1.752269244,1.607626974,843.000,670.000
color_3,1.753394608,1.62498065,844.000,669.500
color_3,1.754519973,1.659688003,845.000,668.500
color_3,1.755645338,1.677041679,846.000,668.000
color_3,1.756770702,1.711749032,847.000,667.000
color_3,1.757896067,1.763810061,848.000,665.500
color_3,1.759021432,1.781163737,849.000,665.000
color_3,1.760146796,1.781163737,850.000,665.000
color_3,1.761272161,1.867932119,851.000,662.500
color_3,1.762397525,1.885285795,852.000,662.000
color_3,1.76352289,1.902639472,853.000,661.500
color_3,1.779277995,12.57515042,867.000,354.000
color_3,1.78040336,12.57515042,868.000,354.000
color_3,1.781528725,12.57515042,869.000,354.000
color_3,1.782654089,12.57515042,870.000,354.000
color_3,1.783779454,12.59250409,871.000,353.500
color_3,1.784904819,12.59250409,872.000,353.500
color_3,1.786030183,12.59250409,873.000,353.500
color_3,1.787155548,12.60985777,874.000,353.000
color_3,1.788280913,12.62721144,875.000,352.500
color_3,1.789406277,12.62721144,876.000,352.500
color_3,1.790531642,12.62721144,877.000,352.500
color_3,1.791657007,12.64456512,878.000,352.000
color_3,1.792782371,3.169457844,879.000,625.000
color_3,1.793907736,7.941718835,880.000,487.500
color_3,1.7950331,3.238872549,881.000,623.000
color_3,1.796158465,3.273579902,882.000,622.000
color_3,1.79728383,3.308287255,883.000,621.000
color_3,1.798409194,3.273579902,884.000,622.000
color_3,1.799534559,3.37770196,885.000,619.000
color_3,1.800659924,3.37770196,886.000,619.000
color_3,1.801785288,3.169457844,887.000,625.000
color_3,1.802910653,3.152104168,888.000,625.500
color_3,1.804036018,3.342994607,889.000,620.000
color_3,1.805161382,3.238872549,890.000,623.000
color_3,1.806286747,3.533885047,891.000,614.500
color_3,1.807412112,3.585946076,892.000,613.000
color_3,1.808537476,3.37770196,893.000,619.000
color_3,1.809662841,3.429762989,894.000,617.500
color_3,1.810788206,3.447116665,895.000,617.000
color_3,1.81191357,3.638007105,896.000,611.500
color_3,1.813038935,3.499177694,897.000,615.500
color_3,1.8141643,3.585946076,898.000,613.000
color_3,1.815289664,3.742129163,899.000,608.500
color_3,1.816415029,3.655360781,900.000,611.000
color_3,1.817540394,3.724775487,901.000,609.000
color_3,1.818665758,4.002434308,902.000,601.000
color_3,1.819791123,3.933019603,903.000,603.000
color_3,1.820916488,4.106556366,904.000,598.000
color_3,1.822041852,4.141263719,905.000,597.000
color_3,1.823167217,4.245385777,906.000,594.000
color_3,1.824292582,4.297446806,907.000,592.500
color_3,1.825417946,4.314800482,908.000,592.000
color_3,1.826543311,4.366861511,909.000,590.500
color_3,1.827668675,4.453629892,910.000,588.000
color_3,1.82879404,4.488337245,911.000,587.000
color_3,1.829919405,4.505690921,912.000,586.500
color_3,1.831044769,4.592459303,913.000,584.000
color_3,1.832170134,4.627166656,914.000,583.000
color_3,1.833295499,4.679227685,915.000,581.500
color_3,1.834420863,4.713935037,916.000,580.500
color_3,1.835546228,4.74864239,917.000,579.500
color_3,1.836671593,4.765996066,918.000,579.000
color_3,1.837796957,4.852764448,919.000,576.500
color_3,1.838922322,4.887471801,920.000,575.500
color_3,1.840047687,4.974240182,921.000,573.000
color_3,1.841173051,4.974240182,922.000,573.000
color_3,1.842298416,5.008947535,923.000,572.000
color_3,1.843423781,5.095715917,924.000,569.500
color_3,1.844549145,5.147776946,925.000,568.000
color_3,1.84567451,5.165130622,926.000,567.500
color_3,1.846799875,5.217191651,927.000,566.000
color_3,1.847925239,5.286606356,928.000,564.000
color_3,1.849050604,5.286606356,929.000,564.000
color_3,1.850175969,5.338667385,930.000,562.500
color_3,1.851301333,5.425435767,931.000,560.000
color_3,1.852426698,9.798562203,932.000,434.000
color_3,1.853552063,9.815915879,933.000,433.500
color_3,1.854677427,5.546911501,934.000,556.500
color_3,1.855802792,5.633679883,935.000,554.000
color_3,1.856928157,5.651033559,936.000,553.500
color_3,1.858053521,5.685740912,937.000,552.500
color_3,1.859178886,5.772509294,938.000,550.000
color_3,1.86030425,5.807216646,939.000,549.000
color_3,1.861429615,5.859277675,940.000,547.500
color_3,1.86255498,5.946046057,941.000,545.000
color_3,1.863680344,5.998107086,942.000,543.500
color_3,1.864805709,5.859277675,943.000,547.500
color_3,1.865931074,6.067521791,944.000,541.500
color_3,1.867056438,6.171643849,945.000,538.500
color_3,1.868181803,6.223704878,946.000,537.000
color_3,1.869307168,6.275765907,947.000,535.500
color_3,1.870432532,6.31047326,948.000,534.500
color_3,1.871557897,6.327826936,949.000,534.000
color_3,1.872683262,6.431948994,950.000,531.000
color_3,1.873808626,6.466656347,951.000,530.000
color_3,1.874933991,6.171643849,952.000,538.500
color_3,1.876059356,6.345180613,953.000,533.500
color_3,1.87718472,6.293119584,954.000,535.000
color_3,1.878310085,6.726961492,955.000,522.500
color_3,1.87943545,6.779022521,956.000,521.000
color_3,1.880560814,6.813729874,957.000,520.000
color_3,1.881686179,6.900498255,958.000,517.500
color_3,1.882811544,6.952559284,959.000,516.000
color_3,1.883936908,7.004620313,960.000,514.500
color_3,1.885062273,7.056681342,961.000,513.000
color_3,1.886187638,7.108742371,962.000,511.500
color_3,1.887313002,7.126096048,963.000,511.000
color_3,1.888438367,7.195510753,964.000,509.000
color_3,1.889563732,7.316986487,965.000,505.500
color_3,1.890689096,7.334340163,966.000,505.000
color_3,1.891814461,7.35169384,967.000,504.500
color_3,1.892939825,7.403754869,968.000,503.000
color_3,1.89406519,7.525230603,969.000,499.500
color_3,1.895190555,7.594645308,970.000,497.500
color_3,1.896315919,7.594645308,971.000,497.500
color_3,1.897441284,7.698767366,972.000,494.500
color_3,1.898566649,7.750828395,973.000,493.000
color_3,1.899692013,7.820243101,974.000,491.000
color_3,1.900817378,7.854950453,975.000,490.000
color_3,1.901942743,7.907011482,976.000,488.500
color_3,1.903068107,7.941718835,977.000,487.500
color_3,1.904193472,8.028487217,978.000,485.000
color_3,1.905318837,8.132609275,979.000,482.000
color_3,1.906444201,8.132609275,980.000,482.000
color_3,1.907569566,8.167316627,981.000,481.000
color_3,1.908694931,8.288792362,982.000,477.500
color_3,1.909820295,8.323499714,983.000,476.500
color_3,1.91094566,8.358207067,984.000,475.500
color_3,1.912071025,8.427621772,985.000,473.500
color_3,1.913196389,8.53174383,986.000,470.500
color_3,1.914321754,8.566451183,987.000,469.500
color_3,1.915447119,8.618512212,988.000,468.000
color_3,1.916572483,8.687926917,989.000,466.000
color_3,1.917697848,8.705280594,990.000,465.500
color_3,1.918823213,8.774695299,991.000,463.500
color_3,1.919948577,8.844110004,992.000,461.500
color_3,1.921073942,8.91352471,993.000,459.500
color_3,1.922199307,8.930878386,994.000,459.000
color_3,1.923324671,9.05235412,995.000,455.500
color_3,1.924450036,9.104415149,996.000,454.000
color_3,1.9255754,9.156476178,997.000,452.500
color_3,1.926700765,9.225890884,998.000,450.500
color_3,1.92782613,9.260598236,999.000,449.500
color_3,1.928951494,9.364720294,1000.000,446.500
color_3,1.930076859,9.416781323,1001.000,445.000
color_3,1.931202224,9.434135,1002.000,444.500
color_3,1.932327588,9.503549705,1003.000,442.500
color_3,1.933452953,9.520903381,1004.000,442.000
color_3,1.934578318,9.607671763,1005.000,439.500
color_3,1.935703682,9.642379116,1006.000,438.500
color_3,1.936829047,9.711793821,1007.000,436.500
color_3,1.937954412,9.746501174,1008.000,435.500
color_3,1.939079776,9.76385485,1009.000,435.000
color_3,1.940205141,9.867976908,1010.000,432.000
color_3,1.941330506,9.902684261,1011.000,431.000
color_3,1.94245587,9.920037937,1012.000,430.500
color_3,1.943581235,10.02415999,1013.000,427.500
color_3,1.9447066,10.12828205,1014.000,424.500
color_3,1.945831964,10.14563573,1015.000,424.000
color_3,1.946957329,10.16298941,1016.000,423.500
color_3,1.948082694,10.26711146,1017.000,420.500
color_3,1.949208058,10.33652617,1018.000,418.500
color_3,1.950333423,10.33652617,1019.000,418.500
color_3,1.951458788,10.42329455,1020.000,416.000
color_3,1.952584152,10.4580019,1021.000,415.000
color_3,1.953709517,10.47535558,1022.000,414.500
color_3,1.954834882,10.59683131,1023.000,411.000
color_3,1.955960246,10.64889234,1024.000,409.500
color_3,1.957085611,10.64889234,1025.000,409.500
color_3,1.958210975,10.70095337,1026.000,408.000
color_3,1.95933634,10.78772175,1027.000,405.500
color_3,1.960461705,10.85713646,1028.000,403.500
color_3,1.961587069,10.87449014,1029.000,403.000
color_3,1.962712434,10.92655116,1030.000,401.500
color_3,1.963837799,11.06538057,1031.000,397.500
color_3,1.964963163,11.08273425,1032.000,397.000
color_3,1.966088528,11.15214896,1033.000,395.000
color_3,1.967213893,11.22156366,1034.000,393.000
color_3,1.968339257,11.25627101,1035.000,392.000
color_3,1.969464622,11.27362469,1036.000,391.500
color_3,1.970589987,11.30833204,1037.000,390.500
color_3,1.971715351,11.37774675,1038.000,388.500
color_3,1.972840716,11.4124541,1039.000,387.500
color_3,1.973966081,11.42980778,1040.000,387.000
color_3,1.975091445,11.56863719,1041.000,383.000
color_3,1.97621681,11.60334454,1042.000,382.000
color_3,1.977342175,11.60334454,1043.000,382.000
color_3,1.978467539,11.30833204,1044.000,390.500
color_3,1.979592904,11.36039307,1045.000,389.000
color_3,1.980718269,11.4124541,1046.000,387.500
color_3,1.981843633,11.42980778,1047.000,387.000
color_3,1.982968998,11.49922248,1048.000,385.000
color_3,1.984094363,11.74217395,1049.000,378.000
color_3,1.985219727,11.67275925,1050.000,380.000
color_3,1.986345092,11.84629601,1051.000,375.000
color_3,1.987470457,11.84629601,1052.000,375.000
color_3,1.988595821,11.89835704,1053.000,373.500
color_3,1.989721186,12.01983277,1054.000,370.000
color_3,1.99084655,12.15866218,1055.000,366.000
color_3,1.991971915,12.19336954,1056.000,365.000
color_3,1.99309728,12.19336954,1057.000,365.000
color_3,1.994222644,12.33219895,1058.000,361.000
color_3,1.995348009,12.15866218,1059.000,366.000
color_3,1.996473374,12.3669063,1060.000,360.000
color_3,1.997598738,12.12395483,1061.000,367.000
color_3,1.998724103,12.50573571,1062.000,356.000
color_3,1.999849468,12.60985777,1063.000,353.000
color_3,2.000974832,12.6619188,1064.000,351.500
color_3,2.002100197,12.69662615,1065.000,350.500
color_3,2.003225562,12.7313335,1066.000,349.500
color_3,2.004350926,12.76604086,1067.000,348.500
color_3,2.005476291,12.87016291,1068.000,345.500
color_3,2.006601656,12.97428497,1069.000,342.500
color_3,2.00772702,12.97428497,1070.000,342.500
color_3,2.008852385,13.06105335,1071.000,340.000
color_3,2.00997775,13.16517541,1072.000,337.000
color_3,2.011103114,13.21723644,1073.000,335.500
color_3,2.012228479,13.26929747,1074.000,334.000
color_3,2.013353844,13.28665115,1075.000,333.500
color_4,1.020782218,12.01983277,193.000,370.000
color_4,1.021907582,12.03718645,194.000,369.500
color_4,1.023032947,12.08924748,195.000,368.000
color_4,1.024158312,12.08924748,196.000,368.000
color_4,1.025283676,12.08924748,197.000,368.000
color_4,1.026409041,12.08924748,198.000,368.000
color_4,1.027534406,12.03718645,199.000,369.500
color_4,1.02865977,12.03718645,200.000,369.500
color_4,1.029785135,12.03718645,201.000,369.500
color_4,1.0309105,12.03718645,202.000,369.500
color_4,1.032035864,12.03718645,203.000,369.500
color_4,1.033161229,12.03718645,204.000,369.500
color_4,1.034286593,12.03718645,205.000,369.500
color_4,1.035411958,12.03718645,206.000,369.500
color_4,1.036537323,12.08924748,207.000,368.000
color_4,1.037662687,12.08924748,208.000,368.000
color_4,1.038788052,12.08924748,209.000,368.000
color_4,1.039913417,12.08924748,210.000,368.000
color_4,1.041038781,12.08924748,211.000,368.000
color_4,1.042164146,12.08924748,212.000,368.000
color_4,1.043289511,12.08924748,213.000,368.000
color_4,1.044414875,12.08924748,214.000,368.000
color_4,1.04554024,12.08924748,215.000,368.000
color_4,1.046665605,12.08924748,216.000,368.000
color_4,1.047790969,12.08924748,217.000,368.000
color_4,1.048916334,12.08924748,218.000,368.000
color_4,1.050041699,12.08924748,219.000,368.000
color_4,1.051167063,12.08924748,220.000,368.000
color_4,1.052292428,12.08924748,221.000,368.000
color_4,1.053417793,12.08924748,222.000,368.000
color_4,1.054543157,12.08924748,223.000,368.000
color_4,1.055668522,12.08924748,224.000,368.000
color_4,1.056793887,12.08924748,225.000,368.000
color_4,1.057919251,12.08924748,226.000,368.000
color_4,1.059044616,12.08924748,227.000,368.000
color_4,1.060169981,12.08924748,228.000,368.000
color_4,1.061295345,12.08924748,229.000,368.000
color_4,1.06242071,12.08924748,230.000,368.000
color_4,1.063546075,12.01983277,231.000,370.000
color_4,1.064671439,11.95041807,232.000,372.000
color_4,1.065796804,11.95041807,233.000,372.000
color_4,1.066922168,11.95041807,234.000,372.000
color_4,1.068047533,11.95041807,235.000,372.000
color_4,1.069172898,11.95041807,236.000,372.000
color_4,1.070298262,11.95041807,237.000,372.000
color_4,1.071423627,11.95041807,238.000,372.000
color_4,1.072548992,11.95041807,239.000,372.000
color_4,1.073674356,11.95041807,240.000,372.000
color_4,1.074799721,11.95041807,241.000,372.000
color_4,1.075925086,11.95041807,242.000,372.000
color_4,1.07705045,11.95041807,243.000,372.000
color_4,1.078175815,11.95041807,244.000,372.000
color_4,1.07930118,11.95041807,245.000,372.000
color_4,1.080426544,11.95041807,246.000,372.000
color_4,1.081551909,11.95041807,247.000,372.000
color_4,1.082677274,11.95041807,248.000,372.000
color_4,1.083802638,11.95041807,249.000,372.000
color_4,1.084928003,11.95041807,250.000,372.000
color_4,1.086053368,11.95041807,251.000,372.000
color_4,1.087178732,11.95041807,252.000,372.000
color_4,1.088304097,11.95041807,253.000,372.000
color_4,1.089429462,11.95041807,254.000,372.000
color_4,1.090554826,11.95041807,255.000,372.000
color_4,1.091680191,12.01983277,256.000,370.000
color_4,1.092805556,12.01983277,257.000,370.000
color_4,1.09393092,12.01983277,258.000,370.000
color_4,1.095056285,11.95041807,259.000,372.000
color_4,1.09618165,11.95041807,260.000,372.000
color_4,1.097307014,11.95041807,261.000,372.000
color_4,1.098432379,11.95041807,262.000,372.000
color_4,1.099557743,11.95041807,263.000,372.000
color_4,1.100683108,11.95041807,264.000,372.000
color_4,1.101808473,11.95041807,265.000,372.000
color_4,1.102933837,11.95041807,266.000,372.000
color_4,1.104059202,11.95041807,267.000,372.000
color_4,1.105184567,11.95041807,268.000,372.000
color_4,1.106309931,12.01983277,269.000,370.000
color_4,1.107435296,12.01983277,270.000,370.000
color_4,1.108560661,12.01983277,271.000,370.000
color_4,1.109686025,12.01983277,272.000,370.000
color_4,1.11081139,12.01983277,273.000,370.000
color_4,1.111936755,12.01983277,274.000,370.000
color_4,1.113062119,12.01983277,275.000,370.000
color_4,1.114187484,12.01983277,276.000,370.000
color_4,1.115312849,12.01983277,277.000,370.000
color_4,1.116438213,12.01983277,278.000,370.000
color_4,1.117563578,12.08924748,279.000,368.000
color_4,1.118688943,12.08924748,280.000,368.000
color_4,1.119814307,12.08924748,281.000,368.000
color_4,1.120939672,12.08924748,282.000,368.000
color_4,1.122065037,12.08924748,283.000,368.000
color_4,1.123190401,12.08924748,284.000,368.000
color_4,1.124315766,12.08924748,285.000,368.000
color_4,1.125441131,12.08924748,286.000,368.000
color_4,1.126566495,12.08924748,287.000,368.000
color_4,1.12769186,12.08924748,288.000,368.000
color_4,1.128817225,12.08924748,289.000,368.000
color_4,1.129942589,12.08924748,290.000,368.000
color_4,1.131067954,12.08924748,291.000,368.000
color_4,1.132193318,12.08924748,292.000,368.000
color_4,1.133318683,12.08924748,293.000,368.000
color_4,1.134444048,12.08924748,294.000,368.000
color_4,1.135569412,12.08924748,295.000,368.000
color_4,1.136694777,12.08924748,296.000,368.000
color_4,1.137820142,12.08924748,297.000,368.000
color_4,1.138945506,12.08924748,298.000,368.000
color_4,1.140070871,12.08924748,299.000,368.000
color_4,1.141196236,12.08924748,300.000,368.000
color_4,1.1423216,12.08924748,301.000,368.000
color_4,1.143446965,12.08924748,302.000,368.000
color_4,1.14457233,12.08924748,303.000,368.000
color_4,1.145697694,12.08924748,304.000,368.000
color_4,1.146823059,12.03718645,305.000,369.500
color_4,1.147948424,12.03718645,306.000,369.500
color_4,1.149073788,12.08924748,307.000,368.000
color_4,1.150199153,12.08924748,308.000,368.000
color_4,1.151324518,12.08924748,309.000,368.000
color_4,1.152449882,12.08924748,310.000,368.000
color_4,1.153575247,12.0024791,311.000,370.500
color_4,1.154700612,12.01983277,312.000,370.000
color_4,1.155825976,12.01983277,313.000,370.000
color_4,1.198589833,0.1499181623,351.000,712.000
color_4,1.199715198,0.1499181623,352.000,712.000
color_4,1.200840562,0.1499181623,353.000,712.000
color_4,1.201965927,0.1499181623,354.000,712.000
color_4,1.203091292,0.1499181623,355.000,712.000
color_4,1.204216656,0.1152108096,356.000,713.000
color_4,1.205342021,0.1152108096,357.000,713.000
color_4,1.206467386,0.1152108096,358.000,713.000
color_4,1.20759275,0.1499181623,359.000,712.000
color_4,1.208718115,0.1499181623,360.000,712.000
color_4,1.20984348,0.1499181623,361.000,712.000
color_4,1.210968844,0.1499181623,362.000,712.000
color_4,1.212094209,0.1499181623,363.000,712.000
color_4,1.213219574,0.1499181623,364.000,712.000
color_4,1.214344938,0.1499181623,365.000,712.000
color_4,1.215470303,0.1499181623,366.000,712.000
color_4,1.216595668,0.1499181623,367.000,712.000
color_4,1.217721032,0.1499181623,368.000,712.000
color_4,1.218846397,0.1499181623,369.000,712.000
color_4,1.219971762,0.1499181623,370.000,712.000
color_4,1.221097126,0.1499181623,371.000,712.000
color_4,1.222222491,0.1499181623,372.000,712.000
color_4,1.223347856,0.1499181623,373.000,712.000
color_4,1.22447322,0.1499181623,374.000,712.000
color_4,1.225598585,0.1499181623,375.000,712.000
color_4,1.262735619,-0.05832595367,408.000,718.000
color_4,1.263860983,-0.05832595367,409.000,718.000
color_4,1.264986348,-0.04097227734,410.000,717.500
color_4,1.266111712,-0.04097227734,411.000,717.500
color_4,1.267237077,-0.023618601,412.000,717.000
color_4,1.268362442,-0.023618601,413.000,717.000
color_4,1.269487806,-0.023618601,414.000,717.000
color_4,1.270613171,-0.023618601,415.000,717.000
color_4,1.271738536,-0.04097227734,416.000,717.500
color_4,1.2728639,-0.04097227734,417.000,717.500
color_4,1.273989265,-0.04097227734,418.000,717.500
color_4,1.27511463,-0.04097227734,419.000,717.500
color_4,1.276239994,-0.04097227734,420.000,717.500
color_4,1.277365359,-0.04097227734,421.000,717.500
color_4,1.278490724,-0.04097227734,422.000,717.500
color_4,1.279616088,-0.04097227734,423.000,717.500
color_4,1.280741453,-0.04097227734,424.000,717.500
color_4,1.281866818,-0.023618601,425.000,717.000
color_4,1.282992182,-0.006264924672,426.000,716.500
color_4,1.284117547,-0.006264924672,427.000,716.500
color_4,1.285242912,-0.006264924672,428.000,716.500
color_4,1.286368276,-0.006264924672,429.000,716.500
color_4,1.287493641,-0.006264924672,430.000,716.500
color_4,1.288619006,-0.006264924672,431.000,716.500
color_4,1.28974437,-0.006264924672,432.000,716.500
color_4,1.290869735,-0.006264924672,433.000,716.500
color_4,1.2919951,-0.006264924672,434.000,716.500
color_4,1.293120464,-0.006264924672,435.000,716.500
color_4,1.294245829,-0.006264924672,436.000,716.500
color_4,1.295371194,-0.006264924672,437.000,716.500
color_4,1.296496558,-0.006264924672,438.000,716.500
color_4,1.297621923,-0.023618601,439.000,717.000
color_4,1.298747287,-0.006264924672,440.000,716.500
color_4,1.299872652,0.04579610432,441.000,715.000
color_4,1.300998017,0.04579610432,442.000,715.000
color_4,1.302123381,0.04579610432,443.000,715.000
color_4,1.303248746,0.04579610432,444.000,715.000
color_4,1.304374111,0.04579610432,445.000,715.000
color_4,1.305499475,0.04579610432,446.000,715.000
color_4,1.30662484,-0.023618601,447.000,717.000
color_4,1.307750205,-0.023618601,448.000,717.000
color_4,1.308875569,-0.023618601,449.000,717.000
color_4,1.310000934,-0.023618601,450.000,717.000
color_4,1.311126299,-0.023618601,451.000,717.000
color_4,1.312251663,-0.09303330633,452.000,719.000
color_4,1.313377028,-0.09303330633,453.000,719.000
color_4,1.314502393,-0.09303330633,454.000,719.000
color_4,1.315627757,-0.09303330633,455.000,719.000
color_4,1.316753122,-0.09303330633,456.000,719.000
color_4,1.317878487,-0.09303330633,457.000,719.000
color_4,1.319003851,-0.09303330633,458.000,719.000
color_4,1.320129216,-0.09303330633,459.000,719.000
color_4,1.321254581,-0.09303330633,460.000,719.000
color_4,1.322379945,-0.09303330633,461.000,719.000
color_4,1.32350531,-0.09303330633,462.000,719.000
color_4,1.324630675,-0.09303330633,463.000,719.000
color_4,1.325756039,-0.09303330633,464.000,719.000
color_4,1.326881404,-0.09303330633,465.000,719.000
color_4,1.328006769,-0.09303330633,466.000,719.000
color_4,1.329132133,-0.09303330633,467.000,719.000
color_4,1.330257498,-0.09303330633,468.000,719.000
color_4,1.341511144,-0.09303330633,478.000,719.000
color_4,1.342636509,-0.09303330633,479.000,719.000
color_4,1.343761874,-0.09303330633,480.000,719.000
color_4,1.344887238,-0.09303330633,481.000,719.000
color_4,1.346012603,-0.09303330633,482.000,719.000
color_4,1.347137968,-0.07567963,483.000,718.500
color_4,1.348263332,-0.07567963,484.000,718.500
color_4,1.349388697,-0.07567963,485.000,718.500
color_4,1.350514062,-0.07567963,486.000,718.500
color_4,1.351639426,-0.07567963,487.000,718.500
color_4,1.352764791,-0.07567963,488.000,718.500
color_4,1.353890156,-0.07567963,489.000,718.500
color_4,1.35501552,-0.07567963,490.000,718.500
color_4,1.356140885,-0.07567963,491.000,718.500
color_4,1.35726625,-0.07567963,492.000,718.500
color_4,1.358391614,-0.07567963,493.000,718.500
color_4,1.359516979,-0.07567963,494.000,718.500
color_4,1.360642344,-0.07567963,495.000,718.500
color_4,1.361767708,-0.05832595367,496.000,718.000
color_4,1.362893073,-0.05832595367,497.000,718.000
color_4,1.364018437,-0.05832595367,498.000,718.000
color_4,1.365143802,-0.05832595367,499.000,718.000
color_4,1.366269167,-0.05832595367,500.000,718.000
color_4,1.367394531,-0.04097227734,501.000,717.500
color_4,1.368519896,-0.05832595367,502.000,718.000
color_4,1.369645261,-0.05832595367,503.000,718.000
color_4,1.439417869,-0.05832595367,565.000,718.000
color_4,1.440543234,-0.05832595367,566.000,718.000
color_4,1.441668599,-0.05832595367,567.000,718.000
color_4,1.442793963,-0.05832595367,568.000,718.000
color_4,1.443919328,-0.05832595367,569.000,718.000
color_4,1.445044693,-0.05832595367,570.000,718.000
color_4,1.446170057,-0.05832595367,571.000,718.000
color_4,1.447295422,-0.05832595367,572.000,718.000
color_4,1.448420787,-0.05832595367,573.000,718.000
color_4,1.449546151,-0.05832595367,574.000,718.000
color_4,1.450671516,-0.05832595367,575.000,718.000
color_4,1.451796881,-0.05832595367,576.000,718.000
color_4,1.452922245,-0.05832595367,577.000,718.000
color_4,1.45404761,-0.05832595367,578.000,718.000
color_4,1.455172975,-0.05832595367,579.000,718.000
color_4,1.456298339,-0.04097227734,580.000,717.500
color_4,1.457423704,-0.04097227734,581.000,717.500
color_4,1.458549069,-0.04097227734,582.000,717.500
color_4,1.459674433,-0.04097227734,583.000,717.500
color_4,1.460799798,-0.04097227734,584.000,717.500
color_4,1.461925162,-0.04097227734,585.000,717.500
color_4,1.463050527,-0.04097227734,586.000,717.500
color_4,1.464175892,-0.04097227734,587.000,717.500
color_4,1.465301256,-0.04097227734,588.000,717.500
color_4,1.466426621,-0.04097227734,589.000,717.500
color_4,1.467551986,-0.04097227734,590.000,717.500
color_4,1.46867735,-0.04097227734,591.000,717.500
color_4,1.469802715,-0.04097227734,592.000,717.500
color_4,1.47092808,-0.05832595367,593.000,718.000
color_4,1.602595744,-0.05832595367,710.000,718.000
color_4,1.603721109,-0.05832595367,711.000,718.000
color_4,1.604846474,-0.05832595367,712.000,718.000
color_4,1.605971838,-0.05832595367,713.000,718.000
color_4,1.607097203,-0.05832595367,714.000,718.000
color_4,1.608222568,-0.05832595367,715.000,718.000
color_4,1.609347932,-0.05832595367,716.000,718.000
color_4,1.610473297,-0.05832595367,717.000,718.000
color_4,1.611598662,-0.05832595367,718.000,718.000
color_4,1.612724026,-0.05832595367,719.000,718.000
color_4,1.613849391,-0.07567963,720.000,718.500
color_4,1.614974756,-0.09303330633,721.000,719.000
color_4,1.61610012,-0.09303330633,722.000,719.000
color_4,1.617225485,-0.09303330633,723.000,719.000
color_4,1.61835085,-0.09303330633,724.000,719.000
color_4,1.619476214,-0.07567963,725.000,718.500
color_4,1.620601579,-0.07567963,726.000,718.500
color_4,1.621726944,-0.07567963,727.000,718.500
color_4,1.622852308,-0.07567963,728.000,718.500
color_4,1.623977673,-0.05832595367,729.000,718.000
color_4,1.625103038,-0.05832595367,730.000,718.000
color_4,1.626228402,-0.04097227734,731.000,717.500
color_4,1.627353767,-0.023618601,732.000,717.000
color_4,1.628479131,-0.023618601,733.000,717.000
color_4,1.629604496,-0.023618601,734.000,717.000
color_4,1.630729861,-0.023618601,735.000,717.000
color_4,1.631855225,-0.023618601,736.000,717.000
color_4,1.63298059,-0.006264924672,737.000,716.500
color_4,1.634105955,0.01108875166,738.000,716.000
color_4,1.641983507,0.08050345698,745.000,714.000
color_4,1.643108872,0.09785713332,746.000,713.500
color_4,1.644234237,0.09785713332,747.000,713.500
color_4,1.645359601,0.09785713332,748.000,713.500
color_4,1.646484966,0.1152108096,749.000,713.000
color_4,1.647610331,0.1152108096,750.000,713.000
color_4,1.648735695,0.1152108096,751.000,713.000
color_4,1.64986106,0.1152108096,752.000,713.000
color_4,1.650986425,0.132564486,753.000,712.500
color_4,1.652111789,0.1152108096,754.000,713.000
color_4,1.653237154,0.132564486,755.000,712.500
color_4,1.654362519,0.132564486,756.000,712.500
color_4,1.655487883,0.132564486,757.000,712.500
color_4,1.656613248,0.132564486,758.000,712.500
color_4,1.657738613,0.1499181623,759.000,712.000
color_4,1.658863977,0.1499181623,760.000,712.000
color_4,1.659989342,0.1499181623,761.000,712.000
color_4,1.661114706,0.1672718386,762.000,711.500
color_4,1.662240071,0.1672718386,763.000,711.500
color_4,1.663365436,0.1672718386,764.000,711.500
color_4,1.6644908,0.2193328676,765.000,710.000
color_4,1.665616165,0.236686544,766.000,709.500
color_4,1.66674153,0.236686544,767.000,709.500
color_4,1.667866894,0.236686544,768.000,709.500
color_4,1.668992259,0.2540402203,769.000,709.000
color_4,1.670117624,0.2713938966,770.000,708.500
color_4,1.671242988,0.288747573,771.000,708.000
color_4,1.672368353,0.288747573,772.000,708.000
color_4,1.673493718,0.2540402203,773.000,709.000
color_4,1.674619082,0.3234549256,774.000,707.000
color_4,1.675744447,0.3234549256,775.000,707.000
color_4,1.676869812,0.4102233073,776.000,704.500
color_4,1.677995176,0.4102233073,777.000,704.500
color_4,1.679120541,0.4275769836,778.000,704.000
color_4,1.680245906,0.3928696309,779.000,705.000
color_4,1.68137127,0.4102233073,780.000,704.500
color_4,1.682496635,0.4102233073,781.000,704.500
color_4,1.683622,0.4102233073,782.000,704.500
color_4,1.684747364,0.4275769836,783.000,704.000
color_4,1.685872729,0.4449306599,784.000,703.500
color_4,1.686998094,0.4622843363,785.000,703.000
color_4,1.688123458,0.4622843363,786.000,703.000
color_4,1.689248823,0.4622843363,787.000,703.000
color_4,1.690374188,0.5143453653,788.000,701.500
color_4,1.691499552,0.5143453653,789.000,701.500
color_4,1.692624917,0.5316990416,790.000,701.000
color_4,1.693750281,0.5316990416,791.000,701.000
color_4,1.694875646,0.5664063943,792.000,700.000
color_4,1.696001011,0.5316990416,793.000,701.000
color_4,1.697126375,0.6184674233,794.000,698.500
color_4,1.69825174,0.6184674233,795.000,698.500
color_4,1.699377105,0.6358210996,796.000,698.000
color_4,1.700502469,0.5837600706,797.000,699.500
color_4,1.701627834,0.6011137469,798.000,699.000
color_4,1.702753199,0.6531747759,799.000,697.500
color_4,1.703878563,0.7225894812,800.000,695.500
color_4,1.705003928,0.6705284523,801.000,697.000
color_4,1.706129293,0.6705284523,802.000,697.000
color_4,1.707254657,0.7746505102,803.000,694.000
color_4,1.708380022,0.7746505102,804.000,694.000
color_4,1.709505387,0.7746505102,805.000,694.000
color_4,1.710630751,0.8093578629,806.000,693.000
color_4,1.711756116,0.7746505102,807.000,694.000
color_4,1.712881481,0.7920041866,808.000,693.500
color_4,1.714006845,0.7920041866,809.000,693.500
color_4,1.71513221,0.9134799209,810.000,690.000
color_4,1.716257575,0.8787725682,811.000,691.000
color_4,1.717382939,1.017601979,812.000,687.000
color_4,1.718508304,1.034955655,813.000,686.500
color_4,1.719633669,1.052309332,814.000,686.000
color_4,1.720759033,1.121724037,815.000,684.000
color_4,1.721884398,1.121724037,816.000,684.000
color_4,1.723009763,1.139077713,817.000,683.500
color_4,1.724135127,1.139077713,818.000,683.500
color_4,1.725260492,1.104370361,819.000,684.500
color_4,1.726385856,1.121724037,820.000,684.000
color_4,1.727511221,1.173785066,821.000,682.500
color_4,1.728636586,1.191138742,822.000,682.000
color_4,1.72976195,1.208492419,823.000,681.500
color_4,1.730887315,1.260553448,824.000,680.000
color_4,1.73201268,1.277907124,825.000,679.500
color_4,1.733138044,1.277907124,826.000,679.500
color_4,1.734263409,1.329968153,827.000,678.000
color_4,1.735388774,1.329968153,828.000,678.000
color_4,1.736514138,1.347321829,829.000,677.500
color_4,1.737639503,1.312614477,830.000,678.500
color_4,1.738764868,1.399382858,831.000,676.000
color_4,1.739890232,1.48615124,832.000,673.500
color_4,1.741015597,1.434090211,833.000,675.000
color_4,1.742140962,1.451443887,834.000,674.500
color_4,1.743266326,1.468797563,835.000,674.000
color_4,1.744391691,1.468797563,836.000,674.000
color_4,1.745517056,1.48615124,837.000,673.500
color_4,1.74664242,1.503504916,838.000,673.000
color_4,1.747767785,1.572919621,839.000,671.000
color_4,1.74889315,1.642334327,840.000,669.000
color_4,1.750018514,1.711749032,841.000,667.000
color_4,1.751143879,1.850578443,842.000,663.000
color_4,1.752269244,1.850578443,843.000,663.000
color_4,1.753394608,1.850578443,844.000,663.000
color_4,1.754519973,1.81587109,845.000,664.000
color_4,1.755645338,1.763810061,846.000,665.500
color_4,1.756770702,1.781163737,847.000,665.000
color_4,1.757896067,1.81587109,848.000,664.000
color_4,1.759021432,1.833224766,849.000,663.500
color_4,1.760146796,1.867932119,850.000,662.500
color_4,1.761272161,1.919993148,851.000,661.000
color_4,1.762397525,2.093529911,852.000,656.000
color_4,1.76352289,2.215005646,853.000,652.500
color_4,1.764648255,2.110883588,854.000,655.500
color_4,1.765773619,2.128237264,855.000,655.000
color_4,1.766898984,2.128237264,856.000,655.000
color_4,1.768024349,2.110883588,857.000,655.500
color_4,1.769149713,2.215005646,858.000,652.500
color_4,1.770275078,2.319127704,859.000,649.500
color_4,1.771400443,2.33648138,860.000,649.000
color_4,1.772525807,2.232359322,861.000,652.000
color_4,1.773651172,2.249712998,862.000,651.500
color_4,1.792782371,3.065335786,879.000,628.000
color_4,1.793907736,3.082689462,880.000,627.500
color_4,1.7950331,3.100043139,881.000,627.000
color_4,1.796158465,3.065335786,882.000,628.000
color_4,1.79728383,2.995921081,883.000,630.000
color_4,1.798409194,3.04798211,884.000,628.500
color_4,1.799534559,3.04798211,885.000,628.500
color_4,1.800659924,3.18681152,886.000,624.500
color_4,1.801785288,3.273579902,887.000,622.000
color_4,1.802910653,3.37770196,888.000,619.000
color_4,1.804036018,3.360348284,889.000,619.500
color_4,1.805161382,3.37770196,890.000,619.000
color_4,1.806286747,3.37770196,891.000,619.000
color_4,1.807412112,3.464470342,892.000,616.500
color_4,1.808537476,3.464470342,893.000,616.500
color_4,1.809662841,3.481824018,894.000,616.000
color_4,1.810788206,3.585946076,895.000,613.000
color_4,1.81191357,3.759482839,896.000,608.000
color_4,1.813038935,3.828897545,897.000,606.000
color_4,1.8141643,3.828897545,898.000,606.000
color_4,1.815289664,3.863604897,899.000,605.000
color_4,1.816415029,3.846251221,900.000,605.500
color_4,1.817540394,3.880958574,901.000,604.500
color_4,1.818665758,3.89831225,902.000,604.000
color_4,1.819791123,3.950373279,903.000,602.500
color_4,1.820916488,3.985080632,904.000,601.500
color_4,1.822041852,4.002434308,905.000,601.000
color_4,1.823167217,4.054495337,906.000,599.500
color_4,1.824292582,4.054495337,907.000,599.500
color_4,1.825417946,4.037141661,908.000,600.000
color_4,1.826543311,4.037141661,909.000,600.000
color_4,1.827668675,4.175971071,910.000,596.000
color_4,1.82879404,4.297446806,911.000,592.500
color_4,1.829919405,4.332154158,912.000,591.500
color_4,1.831044769,4.349507834,913.000,591.000
color_4,1.832170134,4.366861511,914.000,590.500
color_4,1.833295499,4.384215187,915.000,590.000
color_4,1.834420863,4.384215187,916.000,590.000
color_4,1.843423781,4.922179153,924.000,574.500
color_4,1.844549145,4.904825477,925.000,575.000
color_4,1.84567451,4.974240182,926.000,573.000
color_4,1.846799875,5.061008564,927.000,570.500
color_4,1.847925239,5.026301211,928.000,571.500
color_4,1.849050604,5.147776946,929.000,568.000
color_4,1.850175969,5.286606356,930.000,564.000
color_4,1.851301333,5.286606356,931.000,564.000
color_4,1.852426698,5.321313709,932.000,563.000
color_4,1.853552063,5.338667385,933.000,562.500
color_4,1.854677427,5.321313709,934.000,563.000
color_4,1.855802792,5.356021062,935.000,562.000
color_4,1.856928157,5.494850472,936.000,558.000
color_4,1.858053521,5.529557825,937.000,557.000
color_4,1.859178886,5.512204149,938.000,557.500
color_4,1.86030425,5.529557825,939.000,557.000
color_4,1.861429615,5.737801941,940.000,551.000
color_4,1.86255498,5.685740912,941.000,552.500
color_4,1.863680344,5.911338704,942.000,546.000
color_4,1.864805709,5.928692381,943.000,545.500
color_4,1.865931074,5.946046057,944.000,545.000
color_4,1.867056438,5.98075341,945.000,544.000
color_4,1.868181803,6.032814439,946.000,542.500
color_4,1.869307168,5.98075341,947.000,544.000
color_4,1.870432532,6.015460762,948.000,543.000
color_4,1.871557897,6.241058555,949.000,536.500
color_4,1.872683262,6.067521791,950.000,541.500
color_4,1.873808626,6.171643849,951.000,538.500
color_4,1.874933991,6.223704878,952.000,537.000
color_4,1.876059356,6.293119584,953.000,535.000
color_4,1.87718472,6.466656347,954.000,530.000
color_4,1.878310085,6.466656347,955.000,530.000
color_4,1.87943545,6.466656347,956.000,530.000
color_4,1.880560814,6.466656347,957.000,530.000
color_4,1.881686179,6.536071052,958.000,528.000
color_4,1.882811544,6.622839434,959.000,525.500
color_4,1.883936908,6.657546787,960.000,524.500
color_4,1.885062273,6.692254139,961.000,523.500
color_4,1.886187638,6.761668845,962.000,521.500
color_4,1.887313002,6.796376197,963.000,520.500
color_4,1.888438367,6.83108355,964.000,519.500
color_4,1.907569566,8.080548246,981.000,483.500
color_4,1.908694931,8.115255598,982.000,482.500
color_4,1.909820295,8.045840893,983.000,484.500
color_4,1.91094566,8.236731333,984.000,479.000
color_4,1.912071025,8.254085009,985.000,478.500
color_4,1.913196389,8.184670304,986.000,480.500
color_4,1.914321754,8.236731333,987.000,479.000
color_4,1.915447119,8.271438685,988.000,478.000
color_4,1.916572483,8.427621772,989.000,473.500
color_4,1.917697848,8.549097507,990.000,470.000
color_4,1.918823213,8.53174383,991.000,470.500
color_4,1.919948577,8.549097507,992.000,470.000
color_4,1.921073942,8.72263427,993.000,465.000
color_4,1.922199307,8.739987946,994.000,464.500
color_4,1.923324671,8.757341623,995.000,464.000
color_4,1.924450036,8.792048975,996.000,463.000
color_4,1.9255754,8.91352471,997.000,459.500
color_4,1.926700765,8.91352471,998.000,459.500
color_4,1.92782613,8.930878386,999.000,459.000
color_4,1.928951494,8.982939415,1000.000,457.500
color_4,1.930076859,9.017646768,1001.000,456.500
color_4,1.931202224,9.05235412,1002.000,455.500
color_4,1.948082694,10.02415999,1017.000,427.500
color_4,1.949208058,10.00680632,1018.000,428.000
color_4,1.950333423,10.02415999,1019.000,427.500
color_4,1.951458788,10.04151367,1020.000,427.000
color_4,1.952584152,10.28446514,1021.000,420.000
color_4,1.953709517,10.28446514,1022.000,420.000
color_4,1.954834882,10.33652617,1023.000,418.500
color_4,1.955960246,10.33652617,1024.000,418.500
color_4,1.957085611,10.3885872,1025.000,417.000
color_4,1.958210975,10.3885872,1026.000,417.000
color_4,1.95933634,10.56212396,1027.000,412.000
color_4,1.960461705,10.73566072,1028.000,407.000
color_4,1.961587069,10.7530144,1029.000,406.500
color_4,1.962712434,10.7530144,1030.000,406.500
color_4,1.963837799,10.77036808,1031.000,406.000
color_4,1.964963163,10.77036808,1032.000,406.000
color_4,1.966088528,11.03067322,1033.000,398.500
color_4,1.967213893,11.03067322,1034.000,398.500
color_4,1.968339257,11.03067322,1035.000,398.500
color_4,1.969464622,11.0480269,1036.000,398.000
color_4,1.970589987,11.13479528,1037.000,395.500
color_4,1.971715351,11.18685631,1038.000,394.000
color_4,1.972840716,11.18685631,1039.000,394.000
color_4,1.973966081,11.23891734,1040.000,392.500
color_4,1.975091445,11.32568572,1041.000,390.000
color_4,1.97621681,11.3430394,1042.000,389.500
color_4,1.977342175,11.36039307,1043.000,389.000
color_4,1.978467539,11.44716145,1044.000,386.500
color_4,1.979592904,11.44716145,1045.000,386.500
color_4,1.980718269,11.44716145,1046.000,386.500
color_4,1.981843633,11.60334454,1047.000,382.000
color_4,1.982968998,11.56863719,1048.000,383.000
color_4,1.984094363,11.56863719,1049.000,383.000
color_4,1.985219727,11.65540557,1050.000,380.500
color_4,1.986345092,11.65540557,1051.000,380.500
color_4,1.987470457,11.63805189,1052.000,381.000
color_4,1.988595821,11.65540557,1053.000,380.500
color_4,1.989721186,11.84629601,1054.000,375.000
color_4,1.99084655,11.82894233,1055.000,375.500
color_4,1.991971915,11.98512542,1056.000,371.000
color_4,1.99309728,12.03718645,1057.000,369.500
color_4,1.994222644,12.05454013,1058.000,369.000
color_4,1.995348009,12.08924748,1059.000,368.000
color_4,1.996473374,12.08924748,1060.000,368.000
color_4,1.997598738,12.14130851,1061.000,366.500
color_4,1.998724103,12.26278424,1062.000,363.000
color_4,1.999849468,12.45367468,1063.000,357.500
color_4,2.000974832,12.47102836,1064.000,357.000
color_4,2.002100197,12.436321,1065.000,358.000
color_4,2.003225562,12.59250409,1066.000,353.500
color_4,2.004350926,12.60985777,1067.000,353.000
color_4,2.005476291,12.57515042,1068.000,354.000
color_4,2.006601656,12.81810188,1069.000,347.000
color_4,2.00772702,12.85280924,1070.000,346.000
color_4,2.008852385,12.83545556,1071.000,346.500
color_4,2.00997775,12.83545556,1072.000,346.500
color_4,2.011103114,13.026346,1073.000,341.000
color_4,2.012228479,13.09576071,1074.000,339.000
color_4,2.013353844,13.06105335,1075.000,340.000
color_5,1.006152477,-0.127740659,180.000,720.000
color_5,1.007277842,-0.127740659,181.000,720.000
color_5,1.008403206,-0.127740659,182.000,720.000
color_5,1.009528571,-0.127740659,183.000,720.000
color_5,1.010653936,-0.127740659,184.000,720.000
color_5,1.0117793,-0.127740659,185.000,720.000
color_5,1.012904665,-0.127740659,186.000,720.000
color_5,1.01403003,-0.127740659,187.000,720.000
color_5,1.015155394,-0.1103869827,188.000,719.500
color_5,1.016280759,-0.1103869827,189.000,719.500
color_5,1.017406124,-0.1624480117,190.000,721.000
color_5,1.018531488,-0.1624480117,191.000,721.000
color_5,1.019656853,-0.1624480117,192.000,721.000
color_5,1.020782218,-0.1624480117,193.000,721.000
color_5,1.021907582,-0.1103869827,194.000,719.500
color_5,1.023032947,-0.09303330633,195.000,719.000
color_5,1.024158312,-0.09303330633,196.000,719.000
color_5,1.025283676,-0.1103869827,197.000,719.500
color_5,1.026409041,-0.1103869827,198.000,719.500
color_5,1.027534406,-0.1103869827,199.000,719.500
color_5,1.02865977,-0.1103869827,200.000,719.500
color_5,1.029785135,-0.1103869827,201.000,719.500
color_5,1.0309105,-0.1103869827,202.000,719.500
color_5,1.032035864,-0.1103869827,203.000,719.500
color_5,1.033161229,-0.1103869827,204.000,719.500
color_5,1.034286593,-0.1103869827,205.000,719.500
color_5,1.035411958,-0.1103869827,206.000,719.500
color_5,1.036537323,-0.1103869827,207.000,719.500
color_5,1.037662687,-0.1103869827,208.000,719.500
color_5,1.038788052,-0.1103869827,209.000,719.500
color_5,1.039913417,-0.1103869827,210.000,719.500
color_5,1.041038781,-0.1103869827,211.000,719.500
color_5,1.042164146,-0.1103869827,212.000,719.500
color_5,1.043289511,-0.1103869827,213.000,719.500
color_5,1.044414875,-0.1103869827,214.000,719.500
color_5,1.04554024,-0.1103869827,215.000,719.500
color_5,1.046665605,-0.1103869827,216.000,719.500
color_5,1.047790969,-0.1103869827,217.000,719.500
color_5,1.048916334,-0.1103869827,218.000,719.500
color_5,1.050041699,-0.1103869827,219.000,719.500
color_5,1.051167063,-0.1103869827,220.000,719.500
color_5,1.052292428,-0.1103869827,221.000,719.500
color_5,1.053417793,-0.1103869827,222.000,719.500
color_5,1.054543157,-0.1103869827,223.000,719.500
color_5,1.055668522,-0.1103869827,224.000,719.500
color_5,1.056793887,-0.1103869827,225.000,719.500
color_5,1.057919251,-0.1103869827,226.000,719.500
color_5,1.059044616,-0.1103869827,227.000,719.500
color_5,1.060169981,-0.1103869827,228.000,719.500
color_5,1.061295345,-0.1103869827,229.000,719.500
color_5,1.06242071,-0.1103869827,230.000,719.500
color_5,1.063546075,5.946046057,231.000,545.000
color_5,1.064671439,5.946046057,232.000,545.000
color_5,1.065796804,5.946046057,233.000,545.000
color_5,1.066922168,5.946046057,234.000,545.000
color_5,1.068047533,5.946046057,235.000,545.000
color_5,1.069172898,5.946046057,236.000,545.000
color_5,1.070298262,5.946046057,237.000,545.000
color_5,1.071423627,11.98512542,238.000,371.000
color_5,1.072548992,12.0024791,239.000,370.500
color_5,1.073674356,12.0024791,240.000,370.500
color_5,1.074799721,12.01983277,241.000,370.000
color_5,1.075925086,12.01983277,242.000,370.000
color_5,1.07705045,12.01983277,243.000,370.000
color_5,1.078175815,12.01983277,244.000,370.000
color_5,1.07930118,12.01983277,245.000,370.000
color_5,1.080426544,12.01983277,246.000,370.000
color_5,1.081551909,12.01983277,247.000,370.000
color_5,1.082677274,12.01983277,248.000,370.000
color_5,1.083802638,12.01983277,249.000,370.000
color_5,1.084928003,12.01983277,250.000,370.000
color_5,1.086053368,12.01983277,251.000,370.000
color_5,1.087178732,12.01983277,252.000,370.000
color_5,1.088304097,12.01983277,253.000,370.000
color_5,1.089429462,12.01983277,254.000,370.000
color_5,1.090554826,12.01983277,255.000,370.000
color_5,1.091680191,12.01983277,256.000,370.000
color_5,1.092805556,12.01983277,257.000,370.000
color_5,1.09393092,12.01983277,258.000,370.000
color_5,1.095056285,12.01983277,259.000,370.000
color_5,1.09618165,12.01983277,260.000,370.000
color_5,1.097307014,12.01983277,261.000,370.000
color_5,1.098432379,12.01983277,262.000,370.000
color_5,1.099557743,12.01983277,263.000,370.000
color_5,1.100683108,12.01983277,264.000,370.000
color_5,1.101808473,12.01983277,265.000,370.000
color_5,1.102933837,12.01983277,266.000,370.000
color_5,1.104059202,12.01983277,267.000,370.000
color_5,1.105184567,12.01983277,268.000,370.000
color_5,1.106309931,12.01983277,269.000,370.000
color_5,1.107435296,12.01983277,270.000,370.000
color_5,1.108560661,12.01983277,271.000,370.000
color_5,1.109686025,12.01983277,272.000,370.000
color_5,1.11081139,12.01983277,273.000,370.000
color_5,1.111936755,12.01983277,274.000,370.000
color_5,1.113062119,12.01983277,275.000,370.000
color_5,1.114187484,12.01983277,276.000,370.000
color_5,1.115312849,12.01983277,277.000,370.000
color_5,1.116438213,12.01983277,278.000,370.000
color_5,1.117563578,12.01983277,279.000,370.000
color_5,1.118688943,12.01983277,280.000,370.000
color_5,1.119814307,12.01983277,281.000,370.000
color_5,1.120939672,12.01983277,282.000,370.000
color_5,1.122065037,12.01983277,283.000,370.000
color_5,1.123190401,12.01983277,284.000,370.000
color_5,1.124315766,12.01983277,285.000,370.000
color_5,1.125441131,12.01983277,286.000,370.000
color_5,1.126566495,12.01983277,287.000,370.000
color_5,1.12769186,12.01983277,288.000,370.000
color_5,1.128817225,12.01983277,289.000,370.000
color_5,1.129942589,12.01983277,290.000,370.000
color_5,1.131067954,12.01983277,291.000,370.000
color_5,1.132193318,12.01983277,292.000,370.000
color_5,1.133318683,12.01983277,293.000,370.000
color_5,1.134444048,12.01983277,294.000,370.000
color_5,1.135569412,12.0024791,295.000,370.500
color_5,1.136694777,12.0024791,296.000,370.500
color_5,1.137820142,12.0024791,297.000,370.500
color_5,1.138945506,12.0024791,298.000,370.500
color_5,1.140070871,12.0024791,299.000,370.500
color_5,1.141196236,12.0024791,300.000,370.500
color_5,1.1423216,12.0024791,301.000,370.500
color_5,1.143446965,12.0024791,302.000,370.500
color_5,1.14457233,12.0024791,303.000,370.500
color_5,1.145697694,12.0024791,304.000,370.500
color_5,1.146823059,12.0024791,305.000,370.500
color_5,1.147948424,12.0024791,306.000,370.500
color_5,1.149073788,12.0024791,307.000,370.500
color_5,1.150199153,12.0024791,308.000,370.500
color_5,1.151324518,12.0024791,309.000,370.500
color_5,1.152449882,12.0024791,310.000,370.500
color_5,1.153575247,12.0024791,311.000,370.500
color_5,1.154700612,-0.231862717,312.000,723.000
color_5,1.155825976,-0.231862717,313.000,723.000
color_5,1.156951341,-0.231862717,314.000,723.000
color_5,1.158076706,-0.231862717,315.000,723.000
color_5,1.15920207,-0.231862717,316.000,723.000
color_5,1.160327435,-0.231862717,317.000,723.000
color_5,1.1614528,-0.231862717,318.000,723.000
color_5,1.162578164,-0.231862717,319.000,723.000
color_5,1.163703529,-0.231862717,320.000,723.000
color_5,1.164828893,-0.231862717,321.000,723.000
color_5,1.165954258,-0.231862717,322.000,723.000
color_5,1.167079623,-0.231862717,323.000,723.000
color_5,1.168204987,-0.231862717,324.000,723.000
color_5,1.169330352,-0.231862717,325.000,723.000
color_5,1.170455717,-0.231862717,326.000,723.000
color_5,1.171581081,-0.231862717,327.000,723.000
color_5,1.172706446,-0.231862717,328.000,723.000
color_5,1.173831811,-0.231862717,329.000,723.000
color_5,1.174957175,-0.231862717,330.000,723.000
color_5,1.17608254,-0.231862717,331.000,723.000
color_5,1.177207905,-0.231862717,332.000,723.000
color_5,1.178333269,-0.231862717,333.000,723.000
color_5,1.179458634,-0.231862717,334.000,723.000
color_5,1.180583999,-0.231862717,335.000,723.000
color_5,1.181709363,-0.231862717,336.000,723.000
color_5,1.182834728,-0.231862717,337.000,723.000
color_5,1.183960093,-0.231862717,338.000,723.000
color_5,1.185085457,-0.231862717,339.000,723.000
color_5,1.186210822,-0.231862717,340.000,723.000
color_5,1.187336187,-0.231862717,341.000,723.000
color_5,1.188461551,-0.231862717,342.000,723.000
color_5,1.189586916,-0.231862717,343.000,723.000
color_5,1.190712281,-0.231862717,344.000,723.000
color_5,1.191837645,-0.179801688,345.000,721.500
color_5,1.19296301,-0.1624480117,346.000,721.000
color_5,1.194088375,-0.1624480117,347.000,721.000
color_5,1.195213739,-0.1624480117,348.000,721.000
color_5,1.196339104,-0.1624480117,349.000,721.000
color_5,1.197464468,-0.1624480117,350.000,721.000
color_5,1.198589833,-0.1624480117,351.000,721.000
color_5,1.199715198,-0.1624480117,352.000,721.000
color_5,1.200840562,-0.1624480117,353.000,721.000
color_5,1.201965927,-0.1624480117,354.000,721.000
color_5,1.203091292,-0.1624480117,355.000,721.000
color_5,1.204216656,-0.1624480117,356.000,721.000
color_5,1.205342021,-0.1624480117,357.000,721.000
color_5,1.206467386,-0.1624480117,358.000,721.000
color_5,1.20759275,-0.1624480117,359.000,721.000
color_5,1.208718115,-0.1624480117,360.000,721.000
color_5,1.20984348,-0.1624480117,361.000,721.000
color_5,1.210968844,-0.1624480117,362.000,721.000
color_5,1.212094209,-0.1624480117,363.000,721.000
color_5,1.213219574,-0.1624480117,364.000,721.000
color_5,1.214344938,-0.1624480117,365.000,721.000
color_5,1.215470303,-0.1624480117,366.000,721.000
color_5,1.216595668,-0.1624480117,367.000,721.000
color_5,1.217721032,-0.1624480117,368.000,721.000
color_5,1.218846397,-0.1624480117,369.000,721.000
color_5,1.219971762,-0.1624480117,370.000,721.000
color_5,1.221097126,-0.1624480117,371.000,721.000
color_5,1.222222491,-0.1624480117,372.000,721.000
color_5,1.223347856,-0.1624480117,373.000,721.000
color_5,1.22447322,-0.1624480117,374.000,721.000
color_5,1.225598585,-0.1624480117,375.000,721.000
color_5,1.22672395,-0.1624480117,376.000,721.000
color_5,1.227849314,-0.1624480117,377.000,721.000
color_5,1.228974679,-0.1624480117,378.000,721.000
color_5,1.230100043,-0.1624480117,379.000,721.000
color_5,1.231225408,-0.1624480117,380.000,721.000
color_5,1.232350773,-0.1624480117,381.000,721.000
color_5,1.233476137,-0.1624480117,382.000,721.000
color_5,1.234601502,-0.1624480117,383.000,721.000
color_5,1.235726867,-0.1624480117,384.000,721.000
color_5,1.236852231,-0.1624480117,385.000,721.000
color_5,1.237977596,-0.1624480117,386.000,721.000
color_5,1.239102961,-0.1624480117,387.000,721.000
color_5,1.240228325,-0.1624480117,388.000,721.000
color_5,1.24135369,-0.1624480117,389.000,721.000
color_5,1.242479055,-0.1624480117,390.000,721.000
color_5,1.243604419,-0.1624480117,391.000,721.000
color_5,1.244729784,-0.1624480117,392.000,721.000
color_5,1.245855149,-0.1624480117,393.000,721.000
color_5,1.246980513,-0.1624480117,394.000,721.000
color_5,1.248105878,-0.1624480117,395.000,721.000
color_5,1.249231243,-0.1624480117,396.000,721.000
color_5,1.250356607,-0.1624480117,397.000,721.000
color_5,1.251481972,-0.1624480117,398.000,721.000
color_5,1.252607337,-0.1624480117,399.000,721.000
color_5,1.253732701,-0.1624480117,400.000,721.000
color_5,1.254858066,-0.1624480117,401.000,721.000
color_5,1.255983431,-0.1624480117,402.000,721.000
color_5,1.257108795,-0.1624480117,403.000,721.000
color_5,1.25823416,-0.1624480117,404.000,721.000
color_5,1.259359525,-0.1624480117,405.000,721.000
color_5,1.260484889,-0.1624480117,406.000,721.000
color_5,1.261610254,-0.1624480117,407.000,721.000
color_5,1.262735619,-0.1624480117,408.000,721.000
color_5,1.263860983,-0.1624480117,409.000,721.000
color_5,1.264986348,-0.1624480117,410.000,721.000
color_5,1.266111712,-0.1624480117,411.000,721.000
color_5,1.267237077,-0.1624480117,412.000,721.000
color_5,1.268362442,-0.1624480117,413.000,721.000
color_5,1.269487806,-0.1624480117,414.000,721.000
color_5,1.270613171,-0.1624480117,415.000,721.000
color_5,1.271738536,-0.1624480117,416.000,721.000
color_5,1.2728639,-0.1624480117,417.000,721.000
color_5,1.273989265,-0.1624480117,418.000,721.000
color_5,1.27511463,-0.1624480117,419.000,721.000
color_5,1.276239994,-0.1624480117,420.000,721.000
color_5,1.277365359,-0.1624480117,421.000,721.000
color_5,1.278490724,-0.1624480117,422.000,721.000
color_5,1.279616088,-0.1624480117,423.000,721.000
color_5,1.280741453,-0.1624480117,424.000,721.000
color_5,1.281866818,-0.1624480117,425.000,721.000
color_5,1.282992182,-0.1624480117,426.000,721.000
color_5,1.284117547,-0.1624480117,427.000,721.000
color_5,1.285242912,-0.1624480117,428.000,721.000
color_5,1.286368276,-0.1624480117,429.000,721.000
color_5,1.287493641,-0.1624480117,430.000,721.000
color_5,1.288619006,-0.1624480117,431.000,721.000
color_5,1.28974437,-0.1624480117,432.000,721.000
color_5,1.290869735,-0.1624480117,433.000,721.000
color_5,1.2919951,-0.1624480117,434.000,721.000
color_5,1.293120464,-0.1624480117,435.000,721.000
color_5,1.294245829,-0.1624480117,436.000,721.000
color_5,1.295371194,-0.1624480117,437.000,721.000
color_5,1.296496558,-0.1624480117,438.000,721.000
color_5,1.297621923,-0.1624480117,439.000,721.000
color_5,1.298747287,-0.1624480117,440.000,721.000
color_5,1.299872652,-0.1624480117,441.000,721.000
color_5,1.300998017,-0.1624480117,442.000,721.000
color_5,1.302123381,-0.1624480117,443.000,721.000
color_5,1.303248746,-0.1624480117,444.000,721.000
color_5,1.304374111,-0.1624480117,445.000,721.000
color_5,1.305499475,-0.1624480117,446.000,721.000
color_5,1.30662484,-0.1624480117,447.000,721.000
color_5,1.307750205,-0.1624480117,448.000,721.000
color_5,1.308875569,-0.1624480117,449.000,721.000
color_5,1.310000934,-0.1624480117,450.000,721.000
color_5,1.311126299,-0.1624480117,451.000,721.000
color_5,1.312251663,-0.1624480117,452.000,721.000
color_5,1.313377028,-0.1624480117,453.000,721.000
color_5,1.314502393,-0.1624480117,454.000,721.000
color_5,1.315627757,-0.1624480117,455.000,721.000
color_5,1.316753122,-0.1624480117,456.000,721.000
color_5,1.317878487,-0.1624480117,457.000,721.000
color_5,1.319003851,-0.1624480117,458.000,721.000
color_5,1.320129216,-0.1624480117,459.000,721.000
color_5,1.321254581,-0.1624480117,460.000,721.000
color_5,1.322379945,-0.1624480117,461.000,721.000
color_5,1.32350531,-0.1624480117,462.000,721.000
color_5,1.324630675,-0.1624480117,463.000,721.000
color_5,1.325756039,-0.1624480117,464.000,721.000
color_5,1.326881404,-0.1624480117,465.000,721.000
color_5,1.328006769,-0.1624480117,466.000,721.000
color_5,1.329132133,-0.1624480117,467.000,721.000
color_5,1.330257498,-0.1624480117,468.000,721.000
color_5,1.331382862,-0.1624480117,469.000,721.000
color_5,1.332508227,-0.1624480117,470.000,721.000
color_5,1.333633592,-0.1624480117,471.000,721.000
color_5,1.334758956,-0.1624480117,472.000,721.000
color_5,1.335884321,-0.1624480117,473.000,721.000
color_5,1.337009686,-0.1624480117,474.000,721.000
color_5,1.33813505,-0.1624480117,475.000,721.000
color_5,1.339260415,-0.1624480117,476.000,721.000
color_5,1.34038578,-0.1624480117,477.000,721.000
color_5,1.341511144,-0.1624480117,478.000,721.000
color_5,1.342636509,-0.1624480117,479.000,721.000
color_5,1.343761874,-0.1624480117,480.000,721.000
color_5,1.344887238,-0.1624480117,481.000,721.000
color_5,1.346012603,-0.1624480117,482.000,721.000
color_5,1.347137968,-0.1624480117,483.000,721.000
color_5,1.348263332,-0.1624480117,484.000,721.000
color_5,1.349388697,-0.1624480117,485.000,721.000
color_5,1.350514062,-0.1624480117,486.000,721.000
color_5,1.351639426,-0.1624480117,487.000,721.000
color_5,1.352764791,-0.1624480117,488.000,721.000
color_5,1.353890156,-0.1624480117,489.000,721.000
color_5,1.35501552,-0.1624480117,490.000,721.000
color_5,1.356140885,-0.1624480117,491.000,721.000
color_5,1.35726625,-0.1624480117,492.000,721.000
color_5,1.358391614,-0.1624480117,493.000,721.000
color_5,1.359516979,-0.1624480117,494.000,721.000
color_5,1.360642344,-0.1624480117,495.000,721.000
color_5,1.361767708,-0.1624480117,496.000,721.000
color_5,1.362893073,-0.1624480117,497.000,721.000
color_5,1.364018437,-0.1624480117,498.000,721.000
color_5,1.365143802,-0.1624480117,499.000,721.000
color_5,1.366269167,-0.1624480117,500.000,721.000
color_5,1.367394531,-0.1624480117,501.000,721.000
color_5,1.368519896,-0.1624480117,502.000,721.000
color_5,1.369645261,-0.1450943353,503.000,720.500
color_5,1.370770625,-0.1450943353,504.000,720.500
color_5,1.37189599,-0.1624480117,505.000,721.000
color_5,1.373021355,-0.1624480117,506.000,721.000
color_5,1.374146719,-0.1624480117,507.000,721.000
color_5,1.375272084,-0.1624480117,508.000,721.000
color_5,1.376397449,-0.1624480117,509.000,721.000
color_5,1.377522813,-0.1624480117,510.000,721.000
color_5,1.378648178,-0.1624480117,511.000,721.000
color_5,1.379773543,-0.1624480117,512.000,721.000
color_5,1.380898907,-0.1624480117,513.000,721.000
color_5,1.382024272,-0.1624480117,514.000,721.000
color_5,1.383149637,-0.1624480117,515.000,721.000
color_5,1.384275001,-0.1624480117,516.000,721.000
color_5,1.385400366,-0.1624480117,517.000,721.000
color_5,1.386525731,-0.1624480117,518.000,721.000
color_5,1.387651095,-0.1624480117,519.000,721.000
color_5,1.38877646,-0.1624480117,520.000,721.000
color_5,1.389901825,-0.1624480117,521.000,721.000
color_5,1.391027189,-0.1624480117,522.000,721.000
color_5,1.392152554,-0.1624480117,523.000,721.000
color_5,1.393277919,-0.1624480117,524.000,721.000
color_5,1.394403283,-0.1624480117,525.000,721.000
color_5,1.395528648,-0.1624480117,526.000,721.000
color_5,1.396654012,-0.1624480117,527.000,721.000
color_5,1.397779377,-0.1624480117,528.000,721.000
color_5,1.398904742,-0.1624480117,529.000,721.000
color_5,1.400030106,-0.1624480117,530.000,721.000
color_5,1.401155471,-0.1624480117,531.000,721.000
color_5,1.402280836,-0.1624480117,532.000,721.000
color_5,1.4034062,-0.1624480117,533.000,721.000
color_5,1.404531565,-0.1624480117,534.000,721.000
color_5,1.40565693,-0.1624480117,535.000,721.000
color_5,1.406782294,-0.1624480117,536.000,721.000
color_5,1.407907659,-0.1624480117,537.000,721.000
color_5,1.409033024,-0.1624480117,538.000,721.000
color_5,1.410158388,-0.1624480117,539.000,721.000
color_5,1.411283753,-0.1624480117,540.000,721.000
color_5,1.412409118,-0.1624480117,541.000,721.000
color_5,1.413534482,-0.1624480117,542.000,721.000
color_5,1.414659847,-0.1624480117,543.000,721.000
color_5,1.415785212,-0.1624480117,544.000,721.000
color_5,1.416910576,-0.1624480117,545.000,721.000
color_5,1.418035941,-0.1624480117,546.000,721.000
color_5,1.419161306,-0.1624480117,547.000,721.000
color_5,1.42028667,-0.1624480117,548.000,721.000
color_5,1.421412035,-0.1624480117,549.000,721.000
color_5,1.4225374,-0.1624480117,550.000,721.000
color_5,1.423662764,-0.1624480117,551.000,721.000
color_5,1.424788129,-0.1624480117,552.000,721.000
color_5,1.425913494,-0.1624480117,553.000,721.000
color_5,1.427038858,-0.1624480117,554.000,721.000
color_5,1.428164223,-0.1624480117,555.000,721.000
color_5,1.429289587,-0.1624480117,556.000,721.000
color_5,1.430414952,-0.1624480117,557.000,721.000
color_5,1.431540317,-0.1624480117,558.000,721.000
color_5,1.432665681,-0.1624480117,559.000,721.000
color_5,1.433791046,-0.1624480117,560.000,721.000
color_5,1.434916411,-0.1624480117,561.000,721.000
color_5,1.436041775,-0.1624480117,562.000,721.000
color_5,1.43716714,-0.1624480117,563.000,721.000
color_5,1.438292505,-0.1624480117,564.000,721.000
color_5,1.439417869,-0.1624480117,565.000,721.000
color_5,1.440543234,-0.1624480117,566.000,721.000
color_5,1.441668599,-0.1624480117,567.000,721.000
color_5,1.442793963,-0.1624480117,568.000,721.000
color_5,1.443919328,-0.1624480117,569.000,721.000
color_5,1.445044693,-0.1624480117,570.000,721.000
color_5,1.446170057,-0.1624480117,571.000,721.000
color_5,1.447295422,-0.1624480117,572.000,721.000
color_5,1.448420787,-0.1624480117,573.000,721.000
color_5,1.449546151,-0.1624480117,574.000,721.000
color_5,1.450671516,-0.1624480117,575.000,721.000
color_5,1.451796881,-0.1624480117,576.000,721.000
color_5,1.452922245,-0.1624480117,577.000,721.000
color_5,1.45404761,-0.1624480117,578.000,721.000
color_5,1.455172975,-0.1624480117,579.000,721.000
color_5,1.456298339,-0.1624480117,580.000,721.000
color_5,1.457423704,-0.1624480117,581.000,721.000
color_5,1.458549069,-0.1624480117,582.000,721.000
color_5,1.459674433,-0.1624480117,583.000,721.000
color_5,1.460799798,-0.1624480117,584.000,721.000
color_5,1.461925162,-0.1624480117,585.000,721.000
color_5,1.463050527,-0.1624480117,586.000,721.000
color_5,1.464175892,-0.1624480117,587.000,721.000
color_5,1.465301256,-0.1624480117,588.000,721.000
color_5,1.466426621,-0.1624480117,589.000,721.000
color_5,1.467551986,-0.1624480117,590.000,721.000
color_5,1.46867735,-0.1624480117,591.000,721.000
color_5,1.469802715,-0.1624480117,592.000,721.000
color_5,1.47092808,-0.1624480117,593.000,721.000
color_5,1.472053444,-0.1624480117,594.000,721.000
color_5,1.473178809,-0.1624480117,595.000,721.000
color_5,1.474304174,-0.1624480117,596.000,721.000
color_5,1.475429538,-0.1624480117,597.000,721.000
color_5,1.476554903,-0.1624480117,598.000,721.000
color_5,1.477680268,-0.1624480117,599.000,721.000
color_5,1.478805632,-0.1624480117,600.000,721.000
color_5,1.479930997,-0.1624480117,601.000,721.000
color_5,1.481056362,-0.1624480117,602.000,721.000
color_5,1.482181726,-0.1624480117,603.000,721.000
color_5,1.483307091,-0.1624480117,604.000,721.000
color_5,1.484432456,-0.1624480117,605.000,721.000
color_5,1.48555782,-0.1624480117,606.000,721.000
color_5,1.486683185,-0.1624480117,607.000,721.000
color_5,1.48780855,-0.1624480117,608.000,721.000
color_5,1.488933914,-0.1624480117,609.000,721.000
color_5,1.490059279,-0.1624480117,610.000,721.000
color_5,1.491184644,-0.1624480117,611.000,721.000
color_5,1.492310008,-0.1624480117,612.000,721.000
color_5,1.493435373,-0.1624480117,613.000,721.000
color_5,1.494560737,-0.1624480117,614.000,721.000
color_5,1.495686102,-0.1624480117,615.000,721.000
color_5,1.496811467,-0.1624480117,616.000,721.000
color_5,1.497936831,-0.1624480117,617.000,721.000
color_5,1.499062196,-0.1624480117,618.000,721.000
color_5,1.500187561,-0.1624480117,619.000,721.000
color_5,1.501312925,-0.1624480117,620.000,721.000
color_5,1.50243829,-0.1624480117,621.000,721.000
color_5,1.503563655,-0.1624480117,622.000,721.000
color_5,1.504689019,-0.1624480117,623.000,721.000
color_5,1.505814384,-0.1624480117,624.000,721.000
color_5,1.506939749,-0.1624480117,625.000,721.000
color_5,1.508065113,-0.1624480117,626.000,721.000
color_5,1.509190478,-0.1624480117,627.000,721.000
color_5,1.510315843,-0.1624480117,628.000,721.000
color_5,1.511441207,-0.1624480117,629.000,721.000
color_5,1.512566572,-0.1624480117,630.000,721.000
color_5,1.513691937,-0.1624480117,631.000,721.000
color_5,1.514817301,-0.1624480117,632.000,721.000
color_5,1.515942666,-0.1624480117,633.000,721.000
color_5,1.517068031,-0.1624480117,634.000,721.000
color_5,1.518193395,-0.1624480117,635.000,721.000
color_5,1.51931876,-0.1624480117,636.000,721.000
color_5,1.520444125,-0.1624480117,637.000,721.000
color_5,1.521569489,-0.1624480117,638.000,721.000
color_5,1.522694854,-0.1624480117,639.000,721.000
color_5,1.523820219,-0.1624480117,640.000,721.000
color_5,1.524945583,-0.1624480117,641.000,721.000
color_5,1.526070948,-0.1624480117,642.000,721.000
color_5,1.527196313,-0.1624480117,643.000,721.000
color_5,1.528321677,-0.1624480117,644.000,721.000
color_5,1.529447042,-0.1624480117,645.000,721.000
color_5,1.530572406,-0.1103869827,646.000,719.500
color_5,1.531697771,-0.1103869827,647.000,719.500
color_5,1.532823136,-0.1103869827,648.000,719.500
color_5,1.5339485,-0.1103869827,649.000,719.500
color_5,1.535073865,-0.1103869827,650.000,719.500
color_5,1.53619923,-0.1103869827,651.000,719.500
color_5,1.537324594,-0.1103869827,652.000,719.500
color_5,1.538449959,-0.1103869827,653.000,719.500
color_5,1.539575324,-0.127740659,654.000,720.000
color_5,1.540700688,-0.127740659,655.000,720.000
color_5,1.541826053,-0.127740659,656.000,720.000
color_5,1.542951418,-0.1103869827,657.000,719.500
color_5,1.544076782,-0.1624480117,658.000,721.000
color_5,1.545202147,-0.1624480117,659.000,721.000
color_5,1.546327512,-0.1624480117,660.000,721.000
color_5,1.547452876,-0.1624480117,661.000,721.000
color_5,1.548578241,-0.1624480117,662.000,721.000
color_5,1.549703606,-0.1624480117,663.000,721.000
color_5,1.55082897,-0.1624480117,664.000,721.000
color_5,1.551954335,-0.1624480117,665.000,721.000
color_5,1.5530797,-0.1624480117,666.000,721.000
color_5,1.554205064,-0.1624480117,667.000,721.000
color_5,1.555330429,-0.1624480117,668.000,721.000
color_5,1.556455794,-0.1624480117,669.000,721.000
color_5,1.557581158,-0.1624480117,670.000,721.000
color_5,1.558706523,-0.1624480117,671.000,721.000
color_5,1.559831888,-0.1624480117,672.000,721.000
color_5,1.560957252,-0.1624480117,673.000,721.000
color_5,1.562082617,-0.1624480117,674.000,721.000
color_5,1.563207981,-0.1624480117,675.000,721.000
color_5,1.564333346,-0.1624480117,676.000,721.000
color_5,1.565458711,-0.1624480117,677.000,721.000
color_5,1.566584075,-0.1624480117,678.000,721.000
color_5,1.56770944,-0.1624480117,679.000,721.000
color_5,1.568834805,-0.1624480117,680.000,721.000
color_5,1.569960169,-0.1624480117,681.000,721.000
color_5,1.571085534,-0.1624480117,682.000,721.000
color_5,1.572210899,-0.1624480117,683.000,721.000
color_5,1.573336263,-0.1624480117,684.000,721.000
color_5,1.574461628,-0.1624480117,685.000,721.000
color_5,1.575586993,-0.1624480117,686.000,721.000
color_5,1.576712357,-0.1624480117,687.000,721.000
color_5,1.577837722,-0.1624480117,688.000,721.000
color_5,1.578963087,-0.1624480117,689.000,721.000
color_5,1.580088451,-0.1624480117,690.000,721.000
color_5,1.581213816,-0.1624480117,691.000,721.000
color_5,1.582339181,-0.1624480117,692.000,721.000
color_5,1.583464545,-0.1624480117,693.000,721.000
color_5,1.58458991,-0.1624480117,694.000,721.000
color_5,1.585715275,-0.1624480117,695.000,721.000
color_5,1.586840639,-0.1624480117,696.000,721.000
color_5,1.587966004,-0.1624480117,697.000,721.000
color_5,1.589091369,-0.1624480117,698.000,721.000
color_5,1.590216733,-0.1624480117,699.000,721.000
color_5,1.591342098,-0.1624480117,700.000,721.000
color_5,1.592467463,-0.1624480117,701.000,721.000
color_5,1.593592827,-0.1624480117,702.000,721.000
color_5,1.594718192,-0.1624480117,703.000,721.000
color_5,1.595843556,-0.1624480117,704.000,721.000
color_5,1.596968921,-0.1624480117,705.000,721.000
color_5,1.598094286,-0.1624480117,706.000,721.000
color_5,1.59921965,-0.1624480117,707.000,721.000
color_5,1.600345015,-0.1624480117,708.000,721.000
color_5,1.60147038,-0.1624480117,709.000,721.000
color_5,1.602595744,-0.1624480117,710.000,721.000
color_5,1.603721109,-0.1624480117,711.000,721.000
color_5,1.604846474,-0.1624480117,712.000,721.000
color_5,1.605971838,-0.1624480117,713.000,721.000
color_5,1.607097203,-0.1624480117,714.000,721.000
color_5,1.608222568,-0.1624480117,715.000,721.000
color_5,1.609347932,-0.1624480117,716.000,721.000
color_5,1.610473297,-0.1624480117,717.000,721.000
color_5,1.611598662,-0.1624480117,718.000,721.000
color_5,1.612724026,-0.1624480117,719.000,721.000
color_5,1.613849391,-0.1624480117,720.000,721.000
color_5,1.614974756,-0.1624480117,721.000,721.000
color_5,1.61610012,-0.1624480117,722.000,721.000
color_5,1.617225485,-0.1624480117,723.000,721.000
color_5,1.61835085,-0.1624480117,724.000,721.000
color_5,1.619476214,-0.1624480117,725.000,721.000
color_5,1.620601579,-0.127740659,726.000,720.000
color_5,1.621726944,-0.127740659,727.000,720.000
color_5,1.622852308,-0.127740659,728.000,720.000
color_5,1.623977673,-0.127740659,729.000,720.000
color_5,1.625103038,-0.127740659,730.000,720.000
color_5,1.626228402,-0.09303330633,731.000,719.000
color_5,1.627353767,-0.07567963,732.000,718.500
color_5,1.628479131,-0.07567963,733.000,718.500
color_5,1.629604496,-0.05832595367,734.000,718.000
color_5,1.630729861,-0.05832595367,735.000,718.000
color_5,1.631855225,-0.05832595367,736.000,718.000
color_5,1.63298059,-0.05832595367,737.000,718.000
color_5,1.634105955,-0.04097227734,738.000,717.500
color_5,1.635231319,-0.04097227734,739.000,717.500
color_5,1.636356684,-0.04097227734,740.000,717.500
color_5,1.637482049,-0.04097227734,741.000,717.500
color_5,1.638607413,-0.04097227734,742.000,717.500
color_5,1.639732778,-0.04097227734,743.000,717.500
color_5,1.640858143,-0.04097227734,744.000,717.500
color_5,1.641983507,-0.023618601,745.000,717.000
color_5,1.643108872,-0.023618601,746.000,717.000
color_5,1.644234237,0.02844242799,747.000,715.500
color_5,1.645359601,0.04579610432,748.000,715.000
color_5,1.646484966,0.08050345698,749.000,714.000
color_5,1.647610331,0.08050345698,750.000,714.000
color_5,1.648735695,0.08050345698,751.000,714.000
color_5,1.64986106,0.08050345698,752.000,714.000
color_5,1.650986425,0.08050345698,753.000,714.000
color_5,1.652111789,0.08050345698,754.000,714.000
color_5,1.653237154,0.09785713332,755.000,713.500
color_5,1.654362519,0.1152108096,756.000,713.000
color_5,1.655487883,0.1499181623,757.000,712.000
color_5,1.656613248,0.1499181623,758.000,712.000
color_5,1.657738613,0.1499181623,759.000,712.000
color_5,1.658863977,0.1499181623,760.000,712.000
color_5,1.659989342,0.1499181623,761.000,712.000
color_5,1.661114706,0.1499181623,762.000,712.000
color_5,1.662240071,0.2019791913,763.000,710.500
color_5,1.663365436,0.2019791913,764.000,710.500
color_5,1.6644908,0.2019791913,765.000,710.500
color_5,1.665616165,0.236686544,766.000,709.500
color_5,1.66674153,0.236686544,767.000,709.500
color_5,1.667866894,0.2540402203,768.000,709.000
color_5,1.668992259,0.2713938966,769.000,708.500
color_5,1.670117624,0.288747573,770.000,708.000
color_5,1.671242988,0.288747573,771.000,708.000
color_5,1.672368353,0.3061012493,772.000,707.500
color_5,1.673493718,0.3061012493,773.000,707.500
color_5,1.674619082,0.3234549256,774.000,707.000
color_5,1.675744447,0.3234549256,775.000,707.000
color_5,1.676869812,0.340808602,776.000,706.500
color_5,1.677995176,0.340808602,777.000,706.500
color_5,1.679120541,0.340808602,778.000,706.500
color_5,1.680245906,0.3755159546,779.000,705.500
color_5,1.68137127,0.4102233073,780.000,704.500
color_5,1.682496635,0.4102233073,781.000,704.500
color_5,1.683622,0.4275769836,782.000,704.000
color_5,1.684747364,0.4449306599,783.000,703.500
color_5,1.685872729,0.4449306599,784.000,703.500
color_5,1.686998094,0.4449306599,785.000,703.500
color_5,1.688123458,0.4622843363,786.000,703.000
color_5,1.689248823,0.4796380126,787.000,702.500
color_5,1.690374188,0.4796380126,788.000,702.500
color_5,1.691499552,0.5143453653,789.000,701.500
color_5,1.692624917,0.5490527179,790.000,700.500
color_5,1.693750281,0.5490527179,791.000,700.500
color_5,1.694875646,0.5664063943,792.000,700.000
color_5,1.696001011,0.6011137469,793.000,699.000
color_5,1.697126375,0.6184674233,794.000,698.500
color_5,1.69825174,0.6184674233,795.000,698.500
color_5,1.699377105,0.6358210996,796.000,698.000
color_5,1.700502469,0.6531747759,797.000,697.500
color_5,1.701627834,0.6878821286,798.000,696.500
color_5,1.702753199,0.6878821286,799.000,696.500
color_5,1.703878563,0.7225894812,800.000,695.500
color_5,1.705003928,0.7572968339,801.000,694.500
color_5,1.706129293,0.7572968339,802.000,694.500
color_5,1.707254657,0.7746505102,803.000,694.000
color_5,1.708380022,0.7920041866,804.000,693.500
color_5,1.709505387,0.7920041866,805.000,693.500
color_5,1.710630751,0.7920041866,806.000,693.500
color_5,1.711756116,0.8267115392,807.000,692.500
color_5,1.712881481,0.8787725682,808.000,691.000
color_5,1.714006845,0.8961262446,809.000,690.500
color_5,1.71513221,0.8961262446,810.000,690.500
color_5,1.716257575,0.9308335972,811.000,689.500
color_5,1.717382939,0.9308335972,812.000,689.500
color_5,1.718508304,0.9655409499,813.000,688.500
color_5,1.719633669,1.017601979,814.000,687.000
color_5,1.720759033,1.034955655,815.000,686.500
color_5,1.721884398,1.052309332,816.000,686.000
color_5,1.723009763,1.069663008,817.000,685.500
color_5,1.724135127,1.087016684,818.000,685.000
color_5,1.725260492,1.104370361,819.000,684.500
color_5,1.726385856,1.121724037,820.000,684.000
color_5,1.727511221,1.173785066,821.000,682.500
color_5,1.728636586,1.173785066,822.000,682.500
color_5,1.72976195,1.208492419,823.000,681.500
color_5,1.730887315,1.260553448,824.000,680.000
color_5,1.73201268,1.277907124,825.000,679.500
color_5,1.733138044,1.277907124,826.000,679.500
color_5,1.734263409,1.277907124,827.000,679.500
color_5,1.735388774,1.364675506,828.000,677.000
color_5,1.736514138,1.382029182,829.000,676.500
color_5,1.737639503,1.382029182,830.000,676.500
color_5,1.738764868,1.451443887,831.000,674.500
color_5,1.739890232,1.451443887,832.000,674.500
color_5,1.741015597,1.451443887,833.000,674.500
color_5,1.742140962,1.503504916,834.000,673.000
color_5,1.743266326,1.520858592,835.000,672.500
color_5,1.744391691,1.520858592,836.000,672.500
color_5,1.745517056,1.538212269,837.000,672.000
color_5,1.74664242,1.607626974,838.000,670.000
color_5,1.747767785,1.62498065,839.000,669.500
color_5,1.74889315,1.659688003,840.000,668.500
color_5,1.750018514,1.711749032,841.000,667.000
color_5,1.751143879,1.729102708,842.000,666.500
color_5,1.752269244,1.763810061,843.000,665.500
color_5,1.753394608,1.763810061,844.000,665.500
color_5,1.754519973,1.81587109,845.000,664.000
color_5,1.755645338,1.81587109,846.000,664.000
color_5,1.756770702,1.867932119,847.000,662.500
color_5,1.757896067,1.885285795,848.000,662.000
color_5,1.759021432,1.885285795,849.000,662.000
color_5,1.760146796,1.919993148,850.000,661.000
color_5,1.761272161,1.937346824,851.000,660.500
color_5,1.762397525,1.954700501,852.000,660.000
color_5,1.76352289,2.00676153,853.000,658.500
color_5,1.764648255,2.128237264,854.000,655.000
color_5,1.765773619,2.180298293,855.000,653.500
color_5,1.766898984,2.197651969,856.000,653.000
color_5,1.768024349,2.197651969,857.000,653.000
color_5,1.769149713,2.232359322,858.000,652.000
color_5,1.770275078,2.249712998,859.000,651.500
color_5,1.771400443,2.267066675,860.000,651.000
color_5,1.772525807,2.284420351,861.000,650.500
color_5,1.773651172,2.33648138,862.000,649.000
color_5,1.774776537,2.353835056,863.000,648.500
color_5,1.775901901,2.353835056,864.000,648.500
color_5,1.777027266,2.475310791,865.000,645.000
color_5,1.778152631,2.492664467,866.000,644.500
color_5,1.779277995,2.510018143,867.000,644.000
color_5,1.78040336,2.631493878,868.000,640.500
color_5,1.781528725,2.683554907,869.000,639.000
color_5,1.791657007,2.926506375,878.000,632.000
color_5,1.792782371,2.978567404,879.000,630.500
color_5,1.793907736,3.013274757,880.000,629.500
color_5,1.7950331,3.013274757,881.000,629.500
color_5,1.796158465,3.030628433,882.000,629.000
color_5,1.79728383,3.117396815,883.000,626.500
color_5,1.798409194,3.152104168,884.000,625.500
color_5,1.799534559,3.152104168,885.000,625.500
color_5,1.800659924,3.238872549,886.000,623.000
color_5,1.801785288,3.290933578,887.000,621.500
color_5,1.802910653,3.308287255,888.000,621.000
color_5,1.804036018,3.360348284,889.000,619.500
color_5,1.805161382,3.37770196,890.000,619.000
color_5,1.806286747,3.412409313,891.000,618.000
color_5,1.807412112,3.447116665,892.000,617.000
color_5,1.808537476,3.516531371,893.000,615.000
color_5,1.809662841,3.5685924,894.000,613.500
color_5,1.810788206,3.585946076,895.000,613.000
color_5,1.81191357,3.620653429,896.000,612.000
color_5,1.813038935,3.70742181,897.000,609.500
color_5,1.8141643,3.742129163,898.000,608.500
color_5,1.815289664,3.776836516,899.000,607.500
color_5,1.816415029,3.846251221,900.000,605.500
color_5,1.817540394,3.89831225,901.000,604.000
color_5,1.818665758,3.89831225,902.000,604.000
color_5,1.819791123,3.933019603,903.000,603.000
color_5,1.820916488,3.950373279,904.000,602.500
color_5,1.822041852,3.985080632,905.000,601.500
color_5,1.823167217,4.054495337,906.000,599.500
color_5,1.824292582,4.08920269,907.000,598.500
color_5,1.825417946,4.158617395,908.000,596.500
color_5,1.826543311,4.175971071,909.000,596.000
color_5,1.827668675,4.245385777,910.000,594.000
color_5,1.82879404,4.297446806,911.000,592.500
color_5,1.829919405,4.332154158,912.000,591.500
color_5,1.831044769,4.384215187,913.000,590.000
color_5,1.832170134,4.436276216,914.000,588.500
color_5,1.833295499,4.470983569,915.000,587.500
color_5,1.834420863,4.505690921,916.000,586.500
color_5,1.835546228,4.55775195,917.000,585.000
color_5,1.836671593,4.575105627,918.000,584.500
color_5,1.837796957,4.644520332,919.000,582.500
color_5,1.838922322,4.713935037,920.000,580.500
color_5,1.840047687,4.74864239,921.000,579.500
color_5,1.841173051,4.783349743,922.000,578.500
color_5,1.842298416,4.835410772,923.000,577.000
color_5,1.843423781,4.904825477,924.000,575.000
color_5,1.844549145,4.93953283,925.000,574.000
color_5,1.84567451,4.974240182,926.000,573.000
color_5,1.846799875,5.026301211,927.000,571.500
color_5,1.847925239,5.130423269,928.000,568.500
color_5,1.849050604,5.147776946,929.000,568.000
color_5,1.850175969,5.165130622,930.000,567.500
color_5,1.851301333,5.234545327,931.000,565.500
color_5,1.852426698,5.26925268,932.000,564.500
color_5,1.853552063,5.321313709,933.000,563.000
color_5,1.854677427,5.390728414,934.000,561.000
color_5,1.855802792,5.408082091,935.000,560.500
color_5,1.856928157,5.46014312,936.000,559.000
color_5,1.858053521,5.512204149,937.000,557.500
color_5,1.859178886,5.59897253,938.000,555.000
color_5,1.86030425,5.59897253,939.000,555.000
color_5,1.861429615,5.633679883,940.000,554.000
color_5,1.86255498,5.737801941,941.000,551.000
color_5,1.863680344,5.841923999,942.000,548.000
color_5,1.864805709,5.859277675,943.000,547.500
color_5,1.865931074,5.876631352,944.000,547.000
color_5,1.867056438,5.98075341,945.000,544.000
color_5,1.868181803,6.032814439,946.000,542.500
color_5,1.869307168,6.084875468,947.000,541.000
color_5,1.870432532,6.102229144,948.000,540.500
color_5,1.871557897,6.11958282,949.000,540.000
color_5,1.872683262,6.171643849,950.000,538.500
color_5,1.873808626,6.258412231,951.000,536.000
color_5,1.874933991,6.345180613,952.000,533.500
color_5,1.876059356,6.362534289,953.000,533.000
color_5,1.87718472,6.449302671,954.000,530.500
color_5,1.878310085,6.518717376,955.000,528.500
color_5,1.87943545,6.570778405,956.000,527.000
color_5,1.880560814,6.570778405,957.000,527.000
color_5,1.881686179,6.674900463,958.000,524.000
color_5,1.882811544,6.744315168,959.000,522.000
color_5,1.883936908,6.779022521,960.000,521.000
color_5,1.885062273,6.813729874,961.000,520.000
color_5,1.886187638,6.917851932,962.000,517.000
color_5,1.887313002,6.917851932,963.000,517.000
color_5,1.888438367,6.987266637,964.000,515.000
color_5,1.889563732,7.056681342,965.000,513.000
color_5,1.890689096,7.126096048,966.000,511.000
color_5,1.891814461,7.143449724,967.000,510.500
color_5,1.892939825,7.230218105,968.000,508.000
color_5,1.89406519,7.299632811,969.000,506.000
color_5,1.895190555,7.334340163,970.000,505.000
color_5,1.896315919,7.369047516,971.000,504.000
color_5,1.897441284,7.473169574,972.000,501.000
color_5,1.898566649,7.542584279,973.000,499.000
color_5,1.899692013,7.577291632,974.000,498.000
color_5,1.900817378,7.646706337,975.000,496.000
color_5,1.901942743,7.68141369,976.000,495.000
color_5,1.903068107,7.68141369,977.000,495.000
color_5,1.904193472,7.785535748,978.000,492.000
color_5,1.905318837,7.889657806,979.000,489.000
color_5,1.906444201,7.889657806,980.000,489.000
color_5,1.907569566,7.959072511,981.000,487.000
color_5,1.908694931,8.028487217,982.000,485.000
color_5,1.909820295,8.132609275,983.000,482.000
color_5,1.91094566,8.132609275,984.000,482.000
color_5,1.912071025,8.184670304,985.000,480.500
color_5,1.913196389,8.254085009,986.000,478.500
color_5,1.914321754,8.358207067,987.000,475.500
color_5,1.915447119,8.375560743,988.000,475.000
color_5,1.916572483,8.444975449,989.000,473.000
color_5,1.917697848,8.479682801,990.000,472.000
color_5,1.918823213,8.53174383,991.000,470.500
color_5,1.919948577,8.618512212,992.000,468.000
color_5,1.921073942,8.670573241,993.000,466.500
color_5,1.922199307,8.705280594,994.000,465.500
color_5,1.923324671,8.757341623,995.000,464.000
color_5,1.924450036,8.861463681,996.000,461.000
color_5,1.9255754,8.930878386,997.000,459.000
color_5,1.926700765,8.965585739,998.000,458.000
color_5,1.92782613,9.017646768,999.000,456.500
color_5,1.928951494,9.104415149,1000.000,454.000
color_5,1.930076859,9.139122502,1001.000,453.000
color_5,1.931202224,9.173829855,1002.000,452.000
color_5,1.932327588,9.295305589,1003.000,448.500
color_5,1.933452953,9.347366618,1004.000,447.000
color_5,1.934578318,9.382073971,1005.000,446.000
color_5,1.935703682,9.434135,1006.000,444.500
color_5,1.936829047,9.451488676,1007.000,444.000
color_5,1.937954412,9.468842352,1008.000,443.500
color_5,1.939079776,9.555610734,1009.000,441.000
color_5,1.940205141,9.659732792,1010.000,438.000
color_5,1.941330506,9.694440145,1011.000,437.000
color_5,1.94245587,9.746501174,1012.000,435.500
color_5,1.943581235,9.798562203,1013.000,434.000
color_5,1.9447066,9.867976908,1014.000,432.000
color_5,1.945831964,9.885330584,1015.000,431.500
color_5,1.946957329,9.95474529,1016.000,429.500
color_5,1.948082694,10.00680632,1017.000,428.000
color_5,1.949208058,10.11092838,1018.000,425.000
color_5,1.950333423,10.14563573,1019.000,424.000
color_5,1.951458788,10.18034308,1020.000,423.000
color_5,1.952584152,10.21505043,1021.000,422.000
color_5,1.953709517,10.24975779,1022.000,421.000
color_5,1.954834882,10.35387985,1023.000,418.000
color_5,1.955960246,10.40594087,1024.000,416.500
color_5,1.957085611,10.4580019,1025.000,415.000
color_5,1.958210975,10.47535558,1026.000,414.500
color_5,1.95933634,10.54477028,1027.000,412.500
color_5,1.960461705,10.63153867,1028.000,410.000
color_5,1.961587069,10.63153867,1029.000,410.000
color_5,1.962712434,10.70095337,1030.000,408.000
color_5,1.963837799,10.83978278,1031.000,404.000
color_5,1.964963163,10.87449014,1032.000,403.000
color_5,1.966088528,10.89184381,1033.000,402.500
color_5,1.967213893,10.97861219,1034.000,400.000
color_5,1.968339257,11.01331955,1035.000,399.000
color_5,1.969464622,11.06538057,1036.000,397.500
color_5,1.970589987,11.13479528,1037.000,395.500
color_5,1.971715351,11.16950263,1038.000,394.500
color_5,1.972840716,11.20420999,1039.000,393.500
color_5,1.973966081,11.23891734,1040.000,392.500
color_5,1.975091445,11.32568572,1041.000,390.000
color_5,1.97621681,11.36039307,1042.000,389.000
color_5,1.977342175,11.36039307,1043.000,389.000
color_5,1.978467539,11.46451513,1044.000,386.000
color_5,1.979592904,11.53392984,1045.000,384.000
color_5,1.980718269,11.58599086,1046.000,382.500
color_5,1.981843633,11.58599086,1047.000,382.500
color_5,1.982968998,11.62069822,1048.000,381.500
color_5,1.984094363,11.65540557,1049.000,380.500
color_5,1.985219727,11.65540557,1050.000,380.500
color_5,1.986345092,11.7074666,1051.000,379.000
color_5,1.987470457,11.72482028,1052.000,378.500
color_5,1.988595821,11.74217395,1053.000,378.000
color_5,1.989721186,11.81158866,1054.000,376.000
color_5,1.99084655,11.88100336,1055.000,374.000
color_5,1.991971915,11.93306439,1056.000,372.500
color_5,1.99309728,11.98512542,1057.000,371.000
color_5,1.994222644,12.10660115,1058.000,367.500
color_5,1.995348009,12.17601586,1059.000,365.500
color_5,1.996473374,12.19336954,1060.000,365.000
color_5,1.997598738,12.24543057,1061.000,363.500
color_5,1.998724103,12.34955262,1062.000,360.500
color_5,1.999849468,12.40161365,1063.000,359.000
color_5,2.000974832,12.40161365,1064.000,359.000
color_5,2.002100197,12.48838203,1065.000,356.500
color_5,2.003225562,12.54044306,1066.000,355.000
color_5,2.004350926,12.54044306,1067.000,355.000
color_5,2.005476291,12.64456512,1068.000,352.000
color_5,2.006601656,12.69662615,1069.000,350.500
color_5,2.00772702,12.7313335,1070.000,349.500
color_5,2.008852385,12.80074821,1071.000,347.500
color_5,2.00997775,12.92222394,1072.000,344.000
color_5,2.011103114,12.97428497,1073.000,342.500
color_5,2.012228479,13.026346,1074.000,341.000
color_5,2.013353844,13.06105335,1075.000,340.000
color_6,1.018531488,16.51443494,191.000,240.500
color_6,1.019656853,16.49708127,192.000,241.000
color_6,1.020782218,16.47972759,193.000,241.500
color_6,1.021907582,16.47972759,194.000,241.500
color_6,1.023032947,16.47972759,195.000,241.500
color_6,1.024158312,16.47972759,196.000,241.500
color_6,1.025283676,16.47972759,197.000,241.500
color_6,1.026409041,16.47972759,198.000,241.500
color_6,1.027534406,16.47972759,199.000,241.500
color_6,1.02865977,16.47972759,200.000,241.500
color_6,1.029785135,16.47972759,201.000,241.500
color_6,1.0309105,16.47972759,202.000,241.500
color_6,1.032035864,16.47972759,203.000,241.500
color_6,1.033161229,16.47972759,204.000,241.500
color_6,1.034286593,16.47972759,205.000,241.500
color_6,1.035411958,16.47972759,206.000,241.500
color_6,1.036537323,16.47972759,207.000,241.500
color_6,1.037662687,16.47972759,208.000,241.500
color_6,1.038788052,16.47972759,209.000,241.500
color_6,1.039913417,16.47972759,210.000,241.500
color_6,1.041038781,16.47972759,211.000,241.500
color_6,1.042164146,16.47972759,212.000,241.500
color_6,1.043289511,16.47972759,213.000,241.500
color_6,1.044414875,16.47972759,214.000,241.500
color_6,1.04554024,16.47972759,215.000,241.500
color_6,1.046665605,16.47972759,216.000,241.500
color_6,1.047790969,16.47972759,217.000,241.500
color_6,1.048916334,16.47972759,218.000,241.500
color_6,1.050041699,16.47972759,219.000,241.500
color_6,1.051167063,16.47972759,220.000,241.500
color_6,1.052292428,16.47972759,221.000,241.500
color_6,1.053417793,16.47972759,222.000,241.500
color_6,1.054543157,16.47972759,223.000,241.500
color_6,1.055668522,16.47972759,224.000,241.500
color_6,1.056793887,16.47972759,225.000,241.500
color_6,1.057919251,16.47972759,226.000,241.500
color_6,1.059044616,16.47972759,227.000,241.500
color_6,1.060169981,16.47972759,228.000,241.500
color_6,1.061295345,16.47972759,229.000,241.500
color_6,1.06242071,16.47972759,230.000,241.500
color_6,1.063546075,16.47972759,231.000,241.500
color_6,1.064671439,16.47972759,232.000,241.500
color_6,1.065796804,16.47972759,233.000,241.500
color_6,1.066922168,16.47972759,234.000,241.500
color_6,1.068047533,16.47972759,235.000,241.500
color_6,1.069172898,16.47972759,236.000,241.500
color_6,1.070298262,16.47972759,237.000,241.500
color_6,1.071423627,16.47972759,238.000,241.500
color_6,1.072548992,16.47972759,239.000,241.500
color_6,1.073674356,16.47972759,240.000,241.500
color_6,1.074799721,16.47972759,241.000,241.500
color_6,1.075925086,16.47972759,242.000,241.500
color_6,1.07705045,16.47972759,243.000,241.500
color_6,1.078175815,16.47972759,244.000,241.500
color_6,1.07930118,16.47972759,245.000,241.500
color_6,1.080426544,16.47972759,246.000,241.500
color_6,1.081551909,16.47972759,247.000,241.500
color_6,1.082677274,16.47972759,248.000,241.500
color_6,1.083802638,16.47972759,249.000,241.500
color_6,1.084928003,16.47972759,250.000,241.500
color_6,1.086053368,16.47972759,251.000,241.500
color_6,1.087178732,16.47972759,252.000,241.500
color_6,1.088304097,16.47972759,253.000,241.500
color_6,1.089429462,16.47972759,254.000,241.500
color_6,1.090554826,16.47972759,255.000,241.500
color_6,1.091680191,16.47972759,256.000,241.500
color_6,1.092805556,16.47972759,257.000,241.500
color_6,1.09393092,16.47972759,258.000,241.500
color_6,1.095056285,16.47972759,259.000,241.500
color_6,1.09618165,16.47972759,260.000,241.500
color_6,1.097307014,16.47972759,261.000,241.500
color_6,1.098432379,16.47972759,262.000,241.500
color_6,1.099557743,16.47972759,263.000,241.500
color_6,1.100683108,16.47972759,264.000,241.500
color_6,1.101808473,16.47972759,265.000,241.500
color_6,1.102933837,16.47972759,266.000,241.500
color_6,1.104059202,16.47972759,267.000,241.500
color_6,1.105184567,16.47972759,268.000,241.500
color_6,1.106309931,16.47972759,269.000,241.500
color_6,1.107435296,16.47972759,270.000,241.500
color_6,1.108560661,16.47972759,271.000,241.500
color_6,1.109686025,16.47972759,272.000,241.500
color_6,1.11081139,16.47972759,273.000,241.500
color_6,1.111936755,16.47972759,274.000,241.500
color_6,1.113062119,16.47972759,275.000,241.500
color_6,1.114187484,16.47972759,276.000,241.500
color_6,1.115312849,16.47972759,277.000,241.500
color_6,1.116438213,16.47972759,278.000,241.500
color_6,1.117563578,16.47972759,279.000,241.500
color_6,1.118688943,16.47972759,280.000,241.500
color_6,1.119814307,16.47972759,281.000,241.500
color_6,1.120939672,16.47972759,282.000,241.500
color_6,1.122065037,16.47972759,283.000,241.500
color_6,1.123190401,16.47972759,284.000,241.500
color_6,1.124315766,16.47972759,285.000,241.500
color_6,1.125441131,16.47972759,286.000,241.500
color_6,1.126566495,16.47972759,287.000,241.500
color_6,1.12769186,16.47972759,288.000,241.500
color_6,1.128817225,16.47972759,289.000,241.500
color_6,1.129942589,16.47972759,290.000,241.500
color_6,1.131067954,16.47972759,291.000,241.500
color_6,1.132193318,16.47972759,292.000,241.500
color_6,1.133318683,16.47972759,293.000,241.500
color_6,1.134444048,16.47972759,294.000,241.500
color_6,1.135569412,16.47972759,295.000,241.500
color_6,1.136694777,16.47972759,296.000,241.500
color_6,1.137820142,16.47972759,297.000,241.500
color_6,1.138945506,16.47972759,298.000,241.500
color_6,1.140070871,16.47972759,299.000,241.500
color_6,1.141196236,16.47972759,300.000,241.500
color_6,1.1423216,16.47972759,301.000,241.500
color_6,1.143446965,16.47972759,302.000,241.500
color_6,1.14457233,16.47972759,303.000,241.500
color_6,1.145697694,16.47972759,304.000,241.500
color_6,1.146823059,16.47972759,305.000,241.500
color_6,1.147948424,16.47972759,306.000,241.500
color_6,1.149073788,16.47972759,307.000,241.500
color_6,1.150199153,16.47972759,308.000,241.500
color_6,1.151324518,16.47972759,309.000,241.500
color_6,1.152449882,16.47972759,310.000,241.500
color_6,1.153575247,16.47972759,311.000,241.500
color_6,1.154700612,16.47972759,312.000,241.500
color_6,1.155825976,16.51443494,313.000,240.500
color_6,1.509190478,-0.023618601,627.000,717.000
color_6,1.510315843,-0.023618601,628.000,717.000
color_6,1.511441207,-0.023618601,629.000,717.000
color_6,1.512566572,-0.023618601,630.000,717.000
color_6,1.513691937,-0.023618601,631.000,717.000
color_6,1.514817301,-0.023618601,632.000,717.000
color_6,1.515942666,-0.006264924672,633.000,716.500
color_6,1.517068031,-0.006264924672,634.000,716.500
color_6,1.518193395,0.01108875166,635.000,716.000
color_6,1.51931876,0.02844242799,636.000,715.500
color_6,1.520444125,0.02844242799,637.000,715.500
color_6,1.521569489,0.02844242799,638.000,715.500
color_6,1.522694854,0.02844242799,639.000,715.500
color_6,1.523820219,0.04579610432,640.000,715.000
color_6,1.524945583,0.04579610432,641.000,715.000
color_6,1.526070948,0.08050345698,642.000,714.000
color_6,1.527196313,0.08050345698,643.000,714.000
color_6,1.528321677,0.1152108096,644.000,713.000
color_6,1.529447042,0.132564486,645.000,712.500
color_6,1.530572406,0.132564486,646.000,712.500
color_6,1.531697771,0.132564486,647.000,712.500
color_6,1.532823136,0.1499181623,648.000,712.000
color_6,1.5339485,0.1499181623,649.000,712.000
color_6,1.535073865,0.1499181623,650.000,712.000
color_6,1.53619923,0.1499181623,651.000,712.000
color_6,1.537324594,0.1499181623,652.000,712.000
color_6,1.538449959,0.1499181623,653.000,712.000
color_6,1.539575324,0.1499181623,654.000,712.000
color_6,1.540700688,0.1499181623,655.000,712.000
color_6,1.541826053,0.1499181623,656.000,712.000
color_6,1.542951418,0.1499181623,657.000,712.000
color_6,1.544076782,0.1672718386,658.000,711.500
color_6,1.545202147,0.2019791913,659.000,710.500
color_6,1.546327512,0.2019791913,660.000,710.500
color_6,1.547452876,0.2019791913,661.000,710.500
color_6,1.548578241,0.2019791913,662.000,710.500
color_6,1.549703606,0.2019791913,663.000,710.500
color_6,1.55082897,0.2193328676,664.000,710.000
color_6,1.551954335,0.2540402203,665.000,709.000
color_6,1.5530797,0.288747573,666.000,708.000
color_6,1.554205064,0.288747573,667.000,708.000
color_6,1.555330429,0.3061012493,668.000,707.500
color_6,1.556455794,0.3061012493,669.000,707.500
color_6,1.557581158,0.3234549256,670.000,707.000
color_6,1.558706523,0.340808602,671.000,706.500
color_6,1.559831888,0.3581622783,672.000,706.000
color_6,1.560957252,0.3581622783,673.000,706.000
color_6,1.562082617,0.3581622783,674.000,706.000
color_6,1.563207981,0.3581622783,675.000,706.000
color_6,1.564333346,0.3755159546,676.000,705.500
color_6,1.565458711,0.3928696309,677.000,705.000
color_6,1.566584075,0.3928696309,678.000,705.000
color_6,1.56770944,0.4275769836,679.000,704.000
color_6,1.568834805,0.4449306599,680.000,703.500
color_6,1.569960169,0.4622843363,681.000,703.000
color_6,1.571085534,0.4969916889,682.000,702.000
color_6,1.572210899,0.4969916889,683.000,702.000
color_6,1.573336263,0.4969916889,684.000,702.000
color_6,1.574461628,0.4969916889,685.000,702.000
color_6,1.575586993,0.4969916889,686.000,702.000
color_6,1.576712357,0.5316990416,687.000,701.000
color_6,1.577837722,0.5490527179,688.000,700.500
color_6,1.578963087,0.6011137469,689.000,699.000
color_6,1.580088451,0.6878821286,690.000,696.500
color_6,1.581213816,0.6878821286,691.000,696.500
color_6,1.582339181,0.6878821286,692.000,696.500
color_6,1.583464545,0.6878821286,693.000,696.500
color_6,1.58458991,0.7225894812,694.000,695.500
color_6,1.585715275,0.7225894812,695.000,695.500
color_6,1.586840639,0.7399431576,696.000,695.000
color_6,1.587966004,0.7399431576,697.000,695.000
color_6,1.589091369,0.7572968339,698.000,694.500
color_6,1.590216733,0.7746505102,699.000,694.000
color_6,1.591342098,0.8093578629,700.000,693.000
color_6,1.592467463,0.8440652156,701.000,692.000
color_6,1.593592827,0.8614188919,702.000,691.500
color_6,1.594718192,0.8787725682,703.000,691.000
color_6,1.595843556,0.8787725682,704.000,691.000
color_6,1.596968921,0.8787725682,705.000,691.000
color_6,1.598094286,0.8787725682,706.000,691.000
color_6,1.59921965,0.8961262446,707.000,690.500
color_6,1.600345015,0.9308335972,708.000,689.500
color_6,1.60147038,0.9655409499,709.000,688.500
color_6,1.602595744,0.9828946262,710.000,688.000
color_6,1.603721109,1.034955655,711.000,686.500
color_6,1.604846474,1.069663008,712.000,685.500
color_6,1.605971838,1.087016684,713.000,685.000
color_6,1.607097203,1.121724037,714.000,684.000
color_6,1.608222568,1.139077713,715.000,683.500
color_6,1.609347932,1.15643139,716.000,683.000
color_6,1.610473297,1.15643139,717.000,683.000
color_6,1.611598662,1.191138742,718.000,682.000
color_6,1.612724026,1.191138742,719.000,682.000
color_6,1.613849391,1.260553448,720.000,680.000
color_6,1.614974756,1.2952608,721.000,679.000
color_6,1.61610012,1.312614477,722.000,678.500
color_6,1.617225485,1.312614477,723.000,678.500
color_6,1.61835085,1.329968153,724.000,678.000
color_6,1.619476214,1.416736534,725.000,675.500
color_6,1.620601579,1.434090211,726.000,675.000
color_6,1.621726944,1.451443887,727.000,674.500
color_6,1.622852308,1.451443887,728.000,674.500
color_6,1.623977673,1.48615124,729.000,673.500
color_6,1.625103038,1.520858592,730.000,672.500
color_6,1.626228402,1.555565945,731.000,671.500
color_6,1.627353767,1.590273298,732.000,670.500
color_6,1.628479131,1.590273298,733.000,670.500
color_6,1.629604496,1.642334327,734.000,669.000
color_6,1.630729861,1.694395356,735.000,667.500
color_6,1.631855225,1.694395356,736.000,667.500
color_6,1.63298059,1.694395356,737.000,667.500
color_6,1.634105955,1.781163737,738.000,665.000
color_6,1.635231319,1.81587109,739.000,664.000
color_6,1.636356684,1.833224766,740.000,663.500
color_6,1.637482049,1.850578443,741.000,663.000
color_6,1.638607413,1.885285795,742.000,662.000
color_6,1.639732778,1.919993148,743.000,661.000
color_6,1.640858143,1.989407853,744.000,659.000
color_6,1.641983507,1.989407853,745.000,659.000
color_6,1.643108872,2.00676153,746.000,658.500
color_6,1.644234237,2.041468882,747.000,657.500
color_6,1.645359601,2.093529911,748.000,656.000
color_6,1.646484966,2.128237264,749.000,655.000
color_6,1.647610331,2.128237264,750.000,655.000
color_6,1.648735695,2.128237264,751.000,655.000
color_6,1.64986106,2.249712998,752.000,651.500
color_6,1.650986425,2.284420351,753.000,650.500
color_6,1.652111789,2.319127704,754.000,649.500
color_6,1.653237154,2.353835056,755.000,648.500
color_6,1.654362519,2.405896085,756.000,647.000
color_6,1.655487883,2.457957114,757.000,645.500
color_6,1.656613248,2.510018143,758.000,644.000
color_6,1.657738613,2.52737182,759.000,643.500
color_6,1.658863977,2.52737182,760.000,643.500
color_6,1.659989342,2.579432849,761.000,642.000
color_6,1.661114706,2.596786525,762.000,641.500
color_6,1.662240071,2.648847554,763.000,640.000
color_6,1.663365436,2.700908583,764.000,638.500
color_6,1.6644908,2.700908583,765.000,638.500
color_6,1.665616165,2.770323288,766.000,636.500
color_6,1.66674153,2.770323288,767.000,636.500
color_6,1.667866894,2.822384317,768.000,635.000
color_6,1.668992259,2.891799023,769.000,633.000
color_6,1.670117624,2.909152699,770.000,632.500
color_6,1.671242988,2.909152699,771.000,632.500
color_6,1.672368353,2.978567404,772.000,630.500
color_6,1.673493718,2.995921081,773.000,630.000
color_6,1.674619082,3.04798211,774.000,628.500
color_6,1.675744447,3.082689462,775.000,627.500
color_6,1.676869812,3.117396815,776.000,626.500
color_6,1.677995176,3.18681152,777.000,624.500
color_6,1.679120541,3.204165197,778.000,624.000
color_6,1.680245906,3.256226226,779.000,622.500
color_6,1.68137127,3.256226226,780.000,622.500
color_6,1.682496635,3.290933578,781.000,621.500
color_6,1.683622,3.37770196,782.000,619.000
color_6,1.684747364,3.464470342,783.000,616.500
color_6,1.685872729,3.516531371,784.000,615.000
color_6,1.686998094,3.533885047,785.000,614.500
color_6,1.688123458,3.551238723,786.000,614.000
color_6,1.689248823,3.603299752,787.000,612.500
color_6,1.690374188,3.638007105,788.000,611.500
color_6,1.691499552,3.70742181,789.000,609.500
color_6,1.692624917,3.776836516,790.000,607.500
color_6,1.693750281,3.776836516,791.000,607.500
color_6,1.694875646,3.811543868,792.000,606.500
color_6,1.696001011,3.915665926,793.000,603.500
color_6,1.697126375,3.985080632,794.000,601.500
color_6,1.69825174,4.002434308,795.000,601.000
color_6,1.699377105,4.019787984,796.000,600.500
color_6,1.700502469,4.106556366,797.000,598.000
color_6,1.701627834,4.123910042,798.000,597.500
color_6,1.702753199,4.141263719,799.000,597.000
color_6,1.703878563,4.158617395,800.000,596.500
color_6,1.705003928,4.2280321,801.000,594.500
color_6,1.706129293,4.297446806,802.000,592.500
color_6,1.707254657,4.349507834,803.000,591.000
color_6,1.708380022,4.41892254,804.000,589.000
color_6,1.709505387,4.436276216,805.000,588.500
color_6,1.710630751,4.488337245,806.000,587.000
color_6,1.711756116,4.505690921,807.000,586.500
color_6,1.712881481,4.55775195,808.000,585.000
color_6,1.714006845,4.592459303,809.000,584.000
color_6,1.71513221,4.644520332,810.000,582.500
color_6,1.716257575,4.74864239,811.000,579.500
color_6,1.717382939,4.74864239,812.000,579.500
color_6,1.718508304,4.800703419,813.000,578.000
color_6,1.719633669,4.887471801,814.000,575.500
color_6,1.720759033,5.008947535,815.000,572.000
color_6,1.721884398,5.026301211,816.000,571.500
color_6,1.723009763,5.026301211,817.000,571.500
color_6,1.724135127,5.061008564,818.000,570.500
color_6,1.725260492,5.095715917,819.000,569.500
color_6,1.726385856,5.165130622,820.000,567.500
color_6,1.727511221,5.217191651,821.000,566.000
color_6,1.728636586,5.234545327,822.000,565.500
color_6,1.72976195,5.286606356,823.000,564.000
color_6,1.730887315,5.373374738,824.000,561.500
color_6,1.73201268,5.425435767,825.000,560.000
color_6,1.733138044,5.425435767,826.000,560.000
color_6,1.734263409,5.529557825,827.000,557.000
color_6,1.735388774,5.564265178,828.000,556.000
color_6,1.736514138,5.633679883,829.000,554.000
color_6,1.737639503,5.668387236,830.000,553.000
color_6,1.738764868,5.703094588,831.000,552.000
color_6,1.739890232,5.737801941,832.000,551.000
color_6,1.741015597,5.807216646,833.000,549.000
color_6,1.742140962,5.841923999,834.000,548.000
color_6,1.743266326,5.946046057,835.000,545.000
color_6,1.744391691,5.963399733,836.000,544.500
color_6,1.745517056,5.998107086,837.000,543.500
color_6,1.74664242,6.102229144,838.000,540.500
color_6,1.747767785,6.11958282,839.000,540.000
color_6,1.74889315,6.154290173,840.000,539.000
color_6,1.750018514,6.206351202,841.000,537.500
color_6,1.751143879,6.293119584,842.000,535.000
color_6,1.752269244,6.345180613,843.000,533.500
color_6,1.753394608,6.397241642,844.000,532.000
color_6,1.754519973,6.5013637,845.000,529.000
color_6,1.755645338,6.5013637,846.000,529.000
color_6,1.756770702,6.518717376,847.000,528.500
color_6,1.757896067,6.570778405,848.000,527.000
color_6,1.759021432,6.64019311,849.000,525.000
color_6,1.760146796,6.657546787,850.000,524.500
color_6,1.761272161,6.779022521,851.000,521.000
color_6,1.762397525,6.848437226,852.000,519.000
color_6,1.76352289,6.900498255,853.000,517.500
color_6,1.764648255,6.917851932,854.000,517.000
color_6,1.765773619,6.952559284,855.000,516.000
color_6,1.766898984,7.039327666,856.000,513.500
color_6,1.768024349,7.039327666,857.000,513.500
color_6,1.769149713,7.108742371,858.000,511.500
color_6,1.770275078,7.126096048,859.000,511.000
color_6,1.771400443,7.178157077,860.000,509.500
color_6,1.772525807,7.264925458,861.000,507.000
color_6,1.773651172,7.334340163,862.000,505.000
color_6,1.774776537,7.35169384,863.000,504.500
color_6,1.775901901,7.369047516,864.000,504.000
color_6,1.777027266,7.473169574,865.000,501.000
color_6,1.778152631,7.507876927,866.000,500.000
color_6,1.779277995,7.559937956,867.000,498.500
color_6,1.78040336,7.577291632,868.000,498.000
color_6,1.781528725,7.68141369,869.000,495.000
color_6,1.782654089,7.733474719,870.000,493.500
color_6,1.783779454,7.785535748,871.000,492.000
color_6,1.784904819,7.837596777,872.000,490.500
color_6,1.786030183,7.87230413,873.000,489.500
color_6,1.787155548,7.941718835,874.000,487.500
color_6,1.788280913,8.01113354,875.000,485.500
color_6,1.789406277,8.097901922,876.000,483.000
color_6,1.790531642,8.149962951,877.000,481.500
color_6,1.791657007,8.254085009,878.000,478.500
color_6,1.792782371,8.271438685,879.000,478.000
color_6,1.793907736,8.323499714,880.000,476.500
color_6,1.7950331,8.340853391,881.000,476.000
color_6,1.796158465,8.410268096,882.000,474.000
color_6,1.79728383,8.444975449,883.000,473.000
color_6,1.798409194,8.514390154,884.000,471.000
color_6,1.799534559,8.549097507,885.000,470.000
color_6,1.800659924,8.653219565,886.000,467.000
color_6,1.801785288,8.687926917,887.000,466.000
color_6,1.802910653,8.687926917,888.000,466.000
color_6,1.804036018,8.792048975,889.000,463.000
color_6,1.805161382,8.792048975,890.000,463.000
color_6,1.806286747,8.809402652,891.000,462.500
color_6,1.807412112,8.861463681,892.000,461.000
color_6,1.808537476,8.965585739,893.000,458.000
color_6,1.809662841,9.017646768,894.000,456.500
color_6,1.810788206,9.05235412,895.000,455.500
color_6,1.81191357,9.087061473,896.000,454.500
color_6,1.813038935,9.156476178,897.000,452.500
color_6,1.8141643,9.191183531,898.000,451.500
color_6,1.815289664,9.225890884,899.000,450.500
color_6,1.816415029,9.312659265,900.000,448.000
color_6,1.817540394,9.382073971,901.000,446.000
color_6,1.818665758,9.382073971,902.000,446.000
color_6,1.819791123,9.468842352,903.000,443.500
color_6,1.820916488,9.486196029,904.000,443.000
color_6,1.822041852,9.503549705,905.000,442.500
color_6,1.823167217,9.607671763,906.000,439.500
color_6,1.824292582,9.642379116,907.000,438.500
color_6,1.825417946,9.677086468,908.000,437.500
color_6,1.826543311,9.694440145,909.000,437.000
color_6,1.827668675,9.746501174,910.000,435.500
color_6,1.82879404,9.833269555,911.000,433.000
color_6,1.829919405,9.867976908,912.000,432.000
color_6,1.831044769,9.937391613,913.000,430.000
color_6,1.832170134,10.04151367,914.000,427.000
color_6,1.833295499,10.05886735,915.000,426.500
color_6,1.834420863,10.11092838,916.000,425.000
color_6,1.835546228,10.16298941,917.000,423.500
color_6,1.836671593,10.18034308,918.000,423.000
color_6,1.837796957,10.18034308,919.000,423.000
color_6,1.838922322,10.28446514,920.000,420.000
color_6,1.840047687,10.35387985,921.000,418.000
color_6,1.841173051,10.42329455,922.000,416.000
color_6,1.842298416,10.4580019,923.000,415.000
color_6,1.843423781,10.57947764,924.000,411.500
color_6,1.844549145,10.63153867,925.000,410.000
color_6,1.84567451,10.63153867,926.000,410.000
color_6,1.846799875,10.70095337,927.000,408.000
color_6,1.847925239,10.80507543,928.000,405.000
color_6,1.849050604,10.83978278,929.000,404.000
color_6,1.850175969,10.83978278,930.000,404.000
color_6,1.851301333,10.94390484,931.000,401.000
color_6,1.852426698,10.96125852,932.000,400.500
color_6,1.853552063,10.99596587,933.000,399.500
color_6,1.854677427,11.10008793,934.000,396.500
color_6,1.855802792,11.1174416,935.000,396.000
color_6,1.856928157,11.16950263,936.000,394.500
color_6,1.858053521,11.23891734,937.000,392.500
color_6,1.859178886,11.32568572,938.000,390.000
color_6,1.86030425,11.3430394,939.000,389.500
color_6,1.861429615,11.44716145,940.000,386.500
color_6,1.86255498,11.49922248,941.000,385.000
color_6,1.863680344,11.51657616,942.000,384.500
color_6,1.864805709,11.51657616,943.000,384.500
color_6,1.865931074,11.56863719,944.000,383.000
color_6,1.867056438,11.62069822,945.000,381.500
color_6,1.868181803,11.65540557,946.000,380.500
color_6,1.869307168,11.65540557,947.000,380.500
color_6,1.870432532,11.72482028,948.000,378.500
color_6,1.871557897,11.7768813,949.000,377.000
color_6,1.872683262,11.82894233,950.000,375.500
color_6,1.873808626,11.89835704,951.000,373.500
color_6,1.874933991,11.93306439,952.000,372.500
color_6,1.876059356,11.93306439,953.000,372.500
color_6,1.87718472,12.0024791,954.000,370.500
color_6,1.878310085,12.0718938,955.000,368.500
color_6,1.87943545,12.10660115,956.000,367.500
color_6,1.880560814,12.10660115,957.000,367.500
color_6,1.881686179,12.14130851,958.000,366.500
color_6,1.882811544,12.21072321,959.000,364.500
color_6,1.883936908,12.28013792,960.000,362.500
color_6,1.885062273,12.33219895,961.000,361.000
color_6,1.886187638,12.34955262,962.000,360.500
color_6,1.887313002,12.3669063,963.000,360.000
color_6,1.888438367,12.41896733,964.000,358.500
color_6,1.889563732,12.45367468,965.000,357.500
color_6,1.890689096,12.47102836,966.000,357.000
color_6,1.891814461,12.50573571,967.000,356.000
color_6,1.892939825,12.59250409,968.000,353.500
color_6,1.89406519,12.6619188,969.000,351.500
color_6,1.895190555,12.6619188,970.000,351.500
color_6,1.896315919,12.6619188,971.000,351.500
color_6,1.897441284,12.7313335,972.000,349.500
color_6,1.898566649,12.7313335,973.000,349.500
color_6,1.899692013,12.7313335,974.000,349.500
color_6,1.900817378,12.78339453,975.000,348.000
color_6,1.901942743,12.85280924,976.000,346.000
color_6,1.903068107,12.85280924,977.000,346.000
color_6,1.904193472,12.87016291,978.000,345.500
color_6,1.905318837,12.93957762,979.000,343.500
color_6,1.906444201,12.97428497,980.000,342.500
color_6,1.907569566,13.00899232,981.000,341.500
color_6,1.908694931,13.07840703,982.000,339.500
color_6,1.909820295,13.11311438,983.000,338.500
color_6,1.91094566,13.14782173,984.000,337.500
color_6,1.912071025,13.19988276,985.000,336.000
color_6,1.913196389,13.21723644,986.000,335.500
color_6,1.914321754,13.23459012,987.000,335.000
color_6,1.915447119,13.23459012,988.000,335.000
color_6,1.916572483,13.3213585,989.000,332.500
color_6,1.917697848,13.35606585,990.000,331.500
color_6,1.918823213,13.35606585,991.000,331.500
color_6,1.919948577,13.42548056,992.000,329.500
color_6,1.921073942,13.46018791,993.000,328.500
color_6,1.922199307,13.47754158,994.000,328.000
color_6,1.923324671,13.49489526,995.000,327.500
color_6,1.924450036,13.49489526,996.000,327.500
color_6,1.9255754,13.52960261,997.000,326.500
color_6,1.926700765,13.56430997,998.000,325.500
color_6,1.92782613,13.616371,999.000,324.000
color_6,1.928951494,13.616371,1000.000,324.000
color_6,1.930076859,13.6857857,1001.000,322.000
color_6,1.931202224,13.6857857,1002.000,322.000
color_6,1.932327588,13.73784673,1003.000,320.500
color_6,1.933452953,13.73784673,1004.000,320.500
color_6,1.934578318,13.73784673,1005.000,320.500
color_6,1.935703682,13.75520041,1006.000,320.000
color_6,1.936829047,13.77255408,1007.000,319.500
color_6,1.937954412,13.80726144,1008.000,318.500
color_6,1.939079776,13.85932246,1009.000,317.000
color_6,1.940205141,13.87667614,1010.000,316.500
color_6,1.941330506,13.89402982,1011.000,316.000
color_6,1.94245587,13.89402982,1012.000,316.000
color_6,1.943581235,13.91138349,1013.000,315.500
color_6,1.9447066,13.9807982,1014.000,313.500
color_6,1.945831964,13.99815187,1015.000,313.000
color_6,1.946957329,14.03285923,1016.000,312.000
color_6,1.948082694,14.08492026,1017.000,310.500
color_6,1.949208058,14.10227393,1018.000,310.000
color_6,1.950333423,14.13698129,1019.000,309.000
color_6,1.951458788,14.15433496,1020.000,308.500
color_6,1.952584152,14.17168864,1021.000,308.000
color_6,1.953709517,14.17168864,1022.000,308.000
color_6,1.954834882,14.17168864,1023.000,308.000
color_6,1.955960246,14.17168864,1024.000,308.000
color_6,1.957085611,14.17168864,1025.000,308.000
color_6,1.958210975,14.18904231,1026.000,307.500
color_6,1.95933634,14.29316437,1027.000,304.500
color_6,1.960461705,14.32787173,1028.000,303.500
color_6,1.961587069,14.32787173,1029.000,303.500
color_6,1.962712434,14.36257908,1030.000,302.500
color_6,1.963837799,14.39728643,1031.000,301.500
color_6,1.964963163,14.43199378,1032.000,300.500
color_6,1.966088528,14.43199378,1033.000,300.500
color_6,1.967213893,14.43199378,1034.000,300.500
color_6,1.968339257,14.43199378,1035.000,300.500
color_6,1.969464622,14.43199378,1036.000,300.500
color_6,1.970589987,14.43199378,1037.000,300.500
color_6,1.971715351,14.43199378,1038.000,300.500
color_6,1.972840716,14.43199378,1039.000,300.500
color_6,1.973966081,14.44934746,1040.000,300.000
color_6,1.975091445,14.46670114,1041.000,299.500
color_6,1.97621681,14.50140849,1042.000,298.500
color_6,1.977342175,14.50140849,1043.000,298.500
color_6,1.978467539,14.51876216,1044.000,298.000
color_6,1.979592904,14.55346952,1045.000,297.000
color_6,1.980718269,14.55346952,1046.000,297.000
color_6,1.981843633,14.55346952,1047.000,297.000
color_6,1.982968998,14.55346952,1048.000,297.000
color_6,1.984094363,14.55346952,1049.000,297.000
color_6,1.985219727,14.55346952,1050.000,297.000
color_6,1.986345092,14.55346952,1051.000,297.000
color_6,1.987470457,14.55346952,1052.000,297.000
color_6,1.988595821,14.55346952,1053.000,297.000
color_6,1.989721186,14.55346952,1054.000,297.000
color_6,1.99084655,14.55346952,1055.000,297.000
color_6,1.991971915,14.55346952,1056.000,297.000
color_6,1.99309728,14.55346952,1057.000,297.000
color_6,1.994222644,14.55346952,1058.000,297.000
color_6,1.995348009,14.57082319,1059.000,296.500
color_6,1.996473374,14.57082319,1060.000,296.500
color_6,1.997598738,14.57082319,1061.000,296.500
color_6,1.998724103,14.58817687,1062.000,296.000
color_6,1.999849468,14.58817687,1063.000,296.000
color_6,2.000974832,14.60553055,1064.000,295.500
color_6,2.002100197,14.65759158,1065.000,294.000
color_6,2.003225562,14.67494525,1066.000,293.500
color_6,2.004350926,14.67494525,1067.000,293.500
color_6,2.005476291,14.67494525,1068.000,293.500
color_6,2.006601656,14.67494525,1069.000,293.500
color_6,2.00772702,14.67494525,1070.000,293.500
color_6,2.008852385,14.67494525,1071.000,293.500
color_6,2.00997775,14.67494525,1072.000,293.500
color_6,2.011103114,14.69229893,1073.000,293.000
color_6,2.012228479,14.69229893,1074.000,293.000
color_6,2.013353844,14.69229893,1075.000,293.000
color_7,1.020782218,18.70099816,193.000,177.500
color_7,1.021907582,18.70099816,194.000,177.500
color_7,1.023032947,18.70099816,195.000,177.500
color_7,1.024158312,18.70099816,196.000,177.500
color_7,1.025283676,18.70099816,197.000,177.500
color_7,1.026409041,18.70099816,198.000,177.500
color_7,1.027534406,18.70099816,199.000,177.500
color_7,1.02865977,18.70099816,200.000,177.500
color_7,1.029785135,18.70099816,201.000,177.500
color_7,1.0309105,18.70099816,202.000,177.500
color_7,1.032035864,18.70099816,203.000,177.500
color_7,1.033161229,18.71835184,204.000,177.000
color_7,1.034286593,18.71835184,205.000,177.000
color_7,1.035411958,18.71835184,206.000,177.000
color_7,1.036537323,18.71835184,207.000,177.000
color_7,1.037662687,18.71835184,208.000,177.000
color_7,1.038788052,18.71835184,209.000,177.000
color_7,1.039913417,18.71835184,210.000,177.000
color_7,1.041038781,18.71835184,211.000,177.000
color_7,1.042164146,18.71835184,212.000,177.000
color_7,1.043289511,18.71835184,213.000,177.000
color_7,1.044414875,18.71835184,214.000,177.000
color_7,1.04554024,18.71835184,215.000,177.000
color_7,1.046665605,18.71835184,216.000,177.000
color_7,1.047790969,18.71835184,217.000,177.000
color_7,1.048916334,18.71835184,218.000,177.000
color_7,1.050041699,18.71835184,219.000,177.000
color_7,1.051167063,18.71835184,220.000,177.000
color_7,1.052292428,18.71835184,221.000,177.000
color_7,1.053417793,18.71835184,222.000,177.000
color_7,1.054543157,18.71835184,223.000,177.000
color_7,1.055668522,18.71835184,224.000,177.000
color_7,1.056793887,18.71835184,225.000,177.000
color_7,1.057919251,18.71835184,226.000,177.000
color_7,1.059044616,18.71835184,227.000,177.000
color_7,1.060169981,18.71835184,228.000,177.000
color_7,1.061295345,18.71835184,229.000,177.000
color_7,1.06242071,18.71835184,230.000,177.000
color_7,1.063546075,18.71835184,231.000,177.000
color_7,1.064671439,18.71835184,232.000,177.000
color_7,1.065796804,18.71835184,233.000,177.000
color_7,1.066922168,18.71835184,234.000,177.000
color_7,1.068047533,18.71835184,235.000,177.000
color_7,1.069172898,18.71835184,236.000,177.000
color_7,1.070298262,18.71835184,237.000,177.000
color_7,1.071423627,18.71835184,238.000,177.000
color_7,1.072548992,18.71835184,239.000,177.000
color_7,1.073674356,18.71835184,240.000,177.000
color_7,1.074799721,18.71835184,241.000,177.000
color_7,1.075925086,18.71835184,242.000,177.000
color_7,1.07705045,18.71835184,243.000,177.000
color_7,1.078175815,18.71835184,244.000,177.000
color_7,1.07930118,18.71835184,245.000,177.000
color_7,1.080426544,18.71835184,246.000,177.000
color_7,1.081551909,18.71835184,247.000,177.000
color_7,1.082677274,18.71835184,248.000,177.000
color_7,1.083802638,18.71835184,249.000,177.000
color_7,1.084928003,18.71835184,250.000,177.000
color_7,1.086053368,18.71835184,251.000,177.000
color_7,1.087178732,18.71835184,252.000,177.000
color_7,1.088304097,18.71835184,253.000,177.000
color_7,1.089429462,18.71835184,254.000,177.000
color_7,1.090554826,18.71835184,255.000,177.000
color_7,1.091680191,18.71835184,256.000,177.000
color_7,1.092805556,18.71835184,257.000,177.000
color_7,1.09393092,18.71835184,258.000,177.000
color_7,1.095056285,18.71835184,259.000,177.000
color_7,1.09618165,18.71835184,260.000,177.000
color_7,1.097307014,18.71835184,261.000,177.000
color_7,1.098432379,18.71835184,262.000,177.000
color_7,1.099557743,18.71835184,263.000,177.000
color_7,1.100683108,18.71835184,264.000,177.000
color_7,1.101808473,18.71835184,265.000,177.000
color_7,1.102933837,18.71835184,266.000,177.000
color_7,1.104059202,18.71835184,267.000,177.000
color_7,1.105184567,18.71835184,268.000,177.000
color_7,1.106309931,18.71835184,269.000,177.000
color_7,1.107435296,18.71835184,270.000,177.000
color_7,1.108560661,18.71835184,271.000,177.000
color_7,1.109686025,18.71835184,272.000,177.000
color_7,1.11081139,18.71835184,273.000,177.000
color_7,1.111936755,18.71835184,274.000,177.000
color_7,1.113062119,18.71835184,275.000,177.000
color_7,1.114187484,18.71835184,276.000,177.000
color_7,1.115312849,18.71835184,277.000,177.000
color_7,1.116438213,18.71835184,278.000,177.000
color_7,1.117563578,18.71835184,279.000,177.000
color_7,1.118688943,18.71835184,280.000,177.000
color_7,1.119814307,18.71835184,281.000,177.000
color_7,1.120939672,18.71835184,282.000,177.000
color_7,1.122065037,18.71835184,283.000,177.000
color_7,1.123190401,18.71835184,284.000,177.000
color_7,1.124315766,18.71835184,285.000,177.000
color_7,1.125441131,18.71835184,286.000,177.000
color_7,1.126566495,18.71835184,287.000,177.000
color_7,1.12769186,18.71835184,288.000,177.000
color_7,1.128817225,18.71835184,289.000,177.000
color_7,1.129942589,18.71835184,290.000,177.000
color_7,1.131067954,18.71835184,291.000,177.000
color_7,1.132193318,18.71835184,292.000,177.000
color_7,1.133318683,18.71835184,293.000,177.000
color_7,1.134444048,18.71835184,294.000,177.000
color_7,1.135569412,18.71835184,295.000,177.000
color_7,1.136694777,18.71835184,296.000,177.000
color_7,1.137820142,18.71835184,297.000,177.000
color_7,1.138945506,18.71835184,298.000,177.000
color_7,1.140070871,18.71835184,299.000,177.000
color_7,1.141196236,18.70099816,300.000,177.500
color_7,1.1423216,18.70099816,301.000,177.500
color_7,1.143446965,18.70099816,302.000,177.500
color_7,1.14457233,18.70099816,303.000,177.500
color_7,1.145697694,18.70099816,304.000,177.500
color_7,1.146823059,18.70099816,305.000,177.500
color_7,1.147948424,18.70099816,306.000,177.500
color_7,1.149073788,18.70099816,307.000,177.500
color_7,1.150199153,18.70099816,308.000,177.500
color_7,1.151324518,18.70099816,309.000,177.500
color_7,1.152449882,18.70099816,310.000,177.500
color_7,1.153575247,18.70099816,311.000,177.500
color_7,1.154700612,18.71835184,312.000,177.000
color_7,1.155825976,18.70099816,313.000,177.500
color_7,1.374146719,-0.023618601,507.000,717.000
color_7,1.375272084,-0.023618601,508.000,717.000
color_7,1.376397449,-0.006264924672,509.000,716.500
color_7,1.377522813,-0.006264924672,510.000,716.500
color_7,1.378648178,-0.006264924672,511.000,716.500
color_7,1.379773543,0.01108875166,512.000,716.000
color_7,1.380898907,0.01108875166,513.000,716.000
color_7,1.382024272,0.02844242799,514.000,715.500
color_7,1.383149637,0.04579610432,515.000,715.000
color_7,1.384275001,0.04579610432,516.000,715.000
color_7,1.385400366,0.04579610432,517.000,715.000
color_7,1.386525731,0.08050345698,518.000,714.000
color_7,1.387651095,0.1152108096,519.000,713.000
color_7,1.38877646,0.1152108096,520.000,713.000
color_7,1.389901825,0.1499181623,521.000,712.000
color_7,1.391027189,0.1499181623,522.000,712.000
color_7,1.392152554,0.1499181623,523.000,712.000
color_7,1.393277919,0.1672718386,524.000,711.500
color_7,1.394403283,0.1672718386,525.000,711.500
color_7,1.395528648,0.1672718386,526.000,711.500
color_7,1.396654012,0.2019791913,527.000,710.500
color_7,1.397779377,0.236686544,528.000,709.500
color_7,1.398904742,0.2713938966,529.000,708.500
color_7,1.400030106,0.2713938966,530.000,708.500
color_7,1.401155471,0.3061012493,531.000,707.500
color_7,1.402280836,0.3061012493,532.000,707.500
color_7,1.4034062,0.3234549256,533.000,707.000
color_7,1.404531565,0.3234549256,534.000,707.000
color_7,1.40565693,0.3755159546,535.000,705.500
color_7,1.406782294,0.3928696309,536.000,705.000
color_7,1.407907659,0.4102233073,537.000,704.500
color_7,1.409033024,0.4275769836,538.000,704.000
color_7,1.410158388,0.4275769836,539.000,704.000
color_7,1.411283753,0.4449306599,540.000,703.500
color_7,1.412409118,0.4622843363,541.000,703.000
color_7,1.413534482,0.5143453653,542.000,701.500
color_7,1.414659847,0.5143453653,543.000,701.500
color_7,1.415785212,0.5490527179,544.000,700.500
color_7,1.416910576,0.5837600706,545.000,699.500
color_7,1.418035941,0.6184674233,546.000,698.500
color_7,1.419161306,0.6184674233,547.000,698.500
color_7,1.42028667,0.6184674233,548.000,698.500
color_7,1.421412035,0.6531747759,549.000,697.500
color_7,1.4225374,0.6878821286,550.000,696.500
color_7,1.423662764,0.6878821286,551.000,696.500
color_7,1.424788129,0.7225894812,552.000,695.500
color_7,1.425913494,0.7225894812,553.000,695.500
color_7,1.427038858,0.7746505102,554.000,694.000
color_7,1.428164223,0.7920041866,555.000,693.500
color_7,1.429289587,0.8093578629,556.000,693.000
color_7,1.430414952,0.8267115392,557.000,692.500
color_7,1.431540317,0.8614188919,558.000,691.500
color_7,1.432665681,0.8961262446,559.000,690.500
color_7,1.433791046,0.9134799209,560.000,690.000
color_7,1.434916411,0.9308335972,561.000,689.500
color_7,1.436041775,0.9655409499,562.000,688.500
color_7,1.43716714,1.017601979,563.000,687.000
color_7,1.438292505,1.052309332,564.000,686.000
color_7,1.439417869,1.069663008,565.000,685.500
color_7,1.440543234,1.104370361,566.000,684.500
color_7,1.441668599,1.104370361,567.000,684.500
color_7,1.442793963,1.104370361,568.000,684.500
color_7,1.443919328,1.225846095,569.000,681.000
color_7,1.445044693,1.243199771,570.000,680.500
color_7,1.446170057,1.243199771,571.000,680.500
color_7,1.447295422,1.260553448,572.000,680.000
color_7,1.448420787,1.312614477,573.000,678.500
color_7,1.449546151,1.312614477,574.000,678.500
color_7,1.450671516,1.347321829,575.000,677.500
color_7,1.451796881,1.382029182,576.000,676.500
color_7,1.452922245,1.434090211,577.000,675.000
color_7,1.45404761,1.451443887,578.000,674.500
color_7,1.455172975,1.468797563,579.000,674.000
color_7,1.456298339,1.555565945,580.000,671.500
color_7,1.457423704,1.555565945,581.000,671.500
color_7,1.458549069,1.572919621,582.000,671.000
color_7,1.459674433,1.590273298,583.000,670.500
color_7,1.460799798,1.62498065,584.000,669.500
color_7,1.461925162,1.659688003,585.000,668.500
color_7,1.463050527,1.711749032,586.000,667.000
color_7,1.464175892,1.746456385,587.000,666.000
color_7,1.465301256,1.763810061,588.000,665.500
color_7,1.466426621,1.798517414,589.000,664.500
color_7,1.467551986,1.850578443,590.000,663.000
color_7,1.46867735,1.885285795,591.000,662.000
color_7,1.469802715,1.885285795,592.000,662.000
color_7,1.47092808,1.937346824,593.000,660.500
color_7,1.472053444,2.041468882,594.000,657.500
color_7,1.473178809,2.041468882,595.000,657.500
color_7,1.474304174,2.041468882,596.000,657.500
color_7,1.475429538,2.076176235,597.000,656.500
color_7,1.476554903,2.093529911,598.000,656.000
color_7,1.477680268,2.14559094,599.000,654.500
color_7,1.478805632,2.232359322,600.000,652.000
color_7,1.479930997,2.267066675,601.000,651.000
color_7,1.481056362,2.267066675,602.000,651.000
color_7,1.482181726,2.301774027,603.000,650.000
color_7,1.483307091,2.353835056,604.000,648.500
color_7,1.484432456,2.388542409,605.000,647.500
color_7,1.48555782,2.405896085,606.000,647.000
color_7,1.486683185,2.475310791,607.000,645.000
color_7,1.48780855,2.562079172,608.000,642.500
color_7,1.488933914,2.579432849,609.000,642.000
color_7,1.490059279,2.614140201,610.000,641.000
color_7,1.491184644,2.631493878,611.000,640.500
color_7,1.492310008,2.631493878,612.000,640.500
color_7,1.493435373,2.718262259,613.000,638.000
color_7,1.494560737,2.752969612,614.000,637.000
color_7,1.495686102,2.752969612,615.000,637.000
color_7,1.496811467,2.770323288,616.000,636.500
color_7,1.497936831,2.822384317,617.000,635.000
color_7,1.499062196,2.891799023,618.000,633.000
color_7,1.500187561,2.909152699,619.000,632.500
color_7,1.501312925,2.961213728,620.000,631.000
color_7,1.50243829,3.013274757,621.000,629.500
color_7,1.503563655,3.082689462,622.000,627.500
color_7,1.504689019,3.117396815,623.000,626.500
color_7,1.505814384,3.117396815,624.000,626.500
color_7,1.506939749,3.134750491,625.000,626.000
color_7,1.508065113,3.169457844,626.000,625.000
color_7,1.509190478,3.273579902,627.000,622.000
color_7,1.510315843,3.308287255,628.000,621.000
color_7,1.511441207,3.325640931,629.000,620.500
color_7,1.512566572,3.342994607,630.000,620.000
color_7,1.513691937,3.412409313,631.000,618.000
color_7,1.514817301,3.464470342,632.000,616.500
color_7,1.515942666,3.481824018,633.000,616.000
color_7,1.517068031,3.499177694,634.000,615.500
color_7,1.518193395,3.603299752,635.000,612.500
color_7,1.51931876,3.620653429,636.000,612.000
color_7,1.520444125,3.620653429,637.000,612.000
color_7,1.521569489,3.70742181,638.000,609.500
color_7,1.522694854,3.759482839,639.000,608.000
color_7,1.523820219,3.794190192,640.000,607.000
color_7,1.524945583,3.828897545,641.000,606.000
color_7,1.526070948,3.863604897,642.000,605.000
color_7,1.527196313,3.863604897,643.000,605.000
color_7,1.528321677,3.950373279,644.000,602.500
color_7,1.529447042,4.019787984,645.000,600.500
color_7,1.530572406,4.054495337,646.000,599.500
color_7,1.531697771,4.054495337,647.000,599.500
color_7,1.532823136,4.106556366,648.000,598.000
color_7,1.5339485,4.193324748,649.000,595.500
color_7,1.535073865,4.2280321,650.000,594.500
color_7,1.53619923,4.245385777,651.000,594.000
color_7,1.537324594,4.314800482,652.000,592.000
color_7,1.538449959,4.366861511,653.000,590.500
color_7,1.539575324,4.384215187,654.000,590.000
color_7,1.540700688,4.41892254,655.000,589.000
color_7,1.541826053,4.453629892,656.000,588.000
color_7,1.542951418,4.488337245,657.000,587.000
color_7,1.544076782,4.55775195,658.000,585.000
color_7,1.545202147,4.609812979,659.000,583.500
color_7,1.546327512,4.661874008,660.000,582.000
color_7,1.547452876,4.661874008,661.000,582.000
color_7,1.548578241,4.731288714,662.000,580.000
color_7,1.549703606,4.783349743,663.000,578.500
color_7,1.55082897,4.800703419,664.000,578.000
color_7,1.551954335,4.835410772,665.000,577.000
color_7,1.5530797,4.904825477,666.000,575.000
color_7,1.554205064,4.93953283,667.000,574.000
color_7,1.555330429,4.956886506,668.000,573.500
color_7,1.556455794,5.026301211,669.000,571.500
color_7,1.557581158,5.061008564,670.000,570.500
color_7,1.558706523,5.095715917,671.000,569.500
color_7,1.559831888,5.165130622,672.000,567.500
color_7,1.560957252,5.199837975,673.000,566.500
color_7,1.562082617,5.217191651,674.000,566.000
color_7,1.563207981,5.26925268,675.000,564.500
color_7,1.564333346,5.356021062,676.000,562.000
color_7,1.565458711,5.390728414,677.000,561.000
color_7,1.566584075,5.390728414,678.000,561.000
color_7,1.56770944,5.46014312,679.000,559.000
color_7,1.568834805,5.512204149,680.000,557.500
color_7,1.569960169,5.529557825,681.000,557.000
color_7,1.571085534,5.59897253,682.000,555.000
color_7,1.572210899,5.633679883,683.000,554.000
color_7,1.573336263,5.633679883,684.000,554.000
color_7,1.574461628,5.737801941,685.000,551.000
color_7,1.575586993,5.772509294,686.000,550.000
color_7,1.576712357,5.841923999,687.000,548.000
color_7,1.577837722,5.859277675,688.000,547.500
color_7,1.578963087,5.893985028,689.000,546.500
color_7,1.580088451,5.998107086,690.000,543.500
color_7,1.581213816,5.998107086,691.000,543.500
color_7,1.582339181,6.050168115,692.000,542.000
color_7,1.583464545,6.102229144,693.000,540.500
color_7,1.58458991,6.11958282,694.000,540.000
color_7,1.585715275,6.171643849,695.000,538.500
color_7,1.586840639,6.223704878,696.000,537.000
color_7,1.587966004,6.327826936,697.000,534.000
color_7,1.589091369,6.327826936,698.000,534.000
color_7,1.590216733,6.362534289,699.000,533.000
color_7,1.591342098,6.414595318,700.000,531.500
color_7,1.592467463,6.449302671,701.000,530.500
color_7,1.593592827,6.466656347,702.000,530.000
color_7,1.594718192,6.570778405,703.000,527.000
color_7,1.595843556,6.588132081,704.000,526.500
color_7,1.596968921,6.605485758,705.000,526.000
color_7,1.598094286,6.674900463,706.000,524.000
color_7,1.59921965,6.726961492,707.000,522.500
color_7,1.600345015,6.744315168,708.000,522.000
color_7,1.60147038,6.779022521,709.000,521.000
color_7,1.602595744,6.848437226,710.000,519.000
color_7,1.603721109,6.917851932,711.000,517.000
color_7,1.604846474,6.969912961,712.000,515.500
color_7,1.605971838,7.039327666,713.000,513.500
color_7,1.607097203,7.091388695,714.000,512.000
color_7,1.608222568,7.091388695,715.000,512.000
color_7,1.609347932,7.108742371,716.000,511.500
color_7,1.610473297,7.178157077,717.000,509.500
color_7,1.611598662,7.247571782,718.000,507.500
color_7,1.612724026,7.264925458,719.000,507.000
color_7,1.613849391,7.316986487,720.000,505.500
color_7,1.614974756,7.421108545,721.000,502.500
color_7,1.61610012,7.455815898,722.000,501.500
color_7,1.617225485,7.455815898,723.000,501.500
color_7,1.61835085,7.473169574,724.000,501.000
color_7,1.619476214,7.542584279,725.000,499.000
color_7,1.620601579,7.594645308,726.000,497.500
color_7,1.621726944,7.629352661,727.000,496.500
color_7,1.622852308,7.646706337,728.000,496.000
color_7,1.623977673,7.664060014,729.000,495.500
color_7,1.625103038,7.716121043,730.000,494.000
color_7,1.626228402,7.785535748,731.000,492.000
color_7,1.627353767,7.802889424,732.000,491.500
color_7,1.628479131,7.837596777,733.000,490.500
color_7,1.629604496,7.889657806,734.000,489.000
color_7,1.630729861,7.959072511,735.000,487.000
color_7,1.631855225,7.959072511,736.000,487.000
color_7,1.63298059,8.01113354,737.000,485.500
color_7,1.634105955,8.080548246,738.000,483.500
color_7,1.635231319,8.149962951,739.000,481.500
color_7,1.636356684,8.167316627,740.000,481.000
color_7,1.637482049,8.236731333,741.000,479.000
color_7,1.638607413,8.271438685,742.000,478.000
color_7,1.639732778,8.288792362,743.000,477.500
color_7,1.640858143,8.323499714,744.000,476.500
color_7,1.641983507,8.410268096,745.000,474.000
color_7,1.643108872,8.410268096,746.000,474.000
color_7,1.644234237,8.444975449,747.000,473.000
color_7,1.645359601,8.514390154,748.000,471.000
color_7,1.646484966,8.583804859,749.000,469.000
color_7,1.647610331,8.583804859,750.000,469.000
color_7,1.648735695,8.618512212,751.000,468.000
color_7,1.64986106,8.72263427,752.000,465.000
color_7,1.650986425,8.757341623,753.000,464.000
color_7,1.652111789,8.774695299,754.000,463.500
color_7,1.653237154,8.861463681,755.000,461.000
color_7,1.654362519,9.000293091,756.000,457.000
color_7,1.655487883,9.000293091,757.000,457.000
color_7,1.656613248,9.017646768,758.000,456.500
color_7,1.657738613,9.05235412,759.000,455.500
color_7,1.658863977,9.087061473,760.000,454.500
color_7,1.659989342,9.139122502,761.000,453.000
color_7,1.661114706,9.173829855,762.000,452.000
color_7,1.662240071,9.191183531,763.000,451.500
color_7,1.663365436,9.225890884,764.000,450.500
color_7,1.6644908,9.295305589,765.000,448.500
color_7,1.665616165,9.330012942,766.000,447.500
color_7,1.66674153,9.416781323,767.000,445.000
color_7,1.667866894,9.416781323,768.000,445.000
color_7,1.668992259,9.468842352,769.000,443.500
color_7,1.670117624,9.538257058,770.000,441.500
color_7,1.671242988,9.555610734,771.000,441.000
color_7,1.672368353,9.555610734,772.000,441.000
color_7,1.673493718,9.590318087,773.000,440.000
color_7,1.674619082,9.625025439,774.000,439.000
color_7,1.675744447,9.677086468,775.000,437.500
color_7,1.676869812,9.729147497,776.000,436.000
color_7,1.677995176,9.746501174,777.000,435.500
color_7,1.679120541,9.746501174,778.000,435.500
color_7,1.680245906,9.867976908,779.000,432.000
color_7,1.68137127,9.937391613,780.000,430.000
color_7,1.682496635,9.937391613,781.000,430.000
color_7,1.683622,9.937391613,782.000,430.000
color_7,1.684747364,10.00680632,783.000,428.000
color_7,1.685872729,10.0935747,784.000,425.500
color_7,1.686998094,10.0935747,785.000,425.500
color_7,1.688123458,10.12828205,786.000,424.500
color_7,1.689248823,10.14563573,787.000,424.000
color_7,1.690374188,10.18034308,788.000,423.000
color_7,1.691499552,10.31917249,789.000,419.000
color_7,1.692624917,10.33652617,790.000,418.500
color_7,1.699377105,10.64889234,796.000,409.500
color_7,1.700502469,10.6835997,797.000,408.500
color_7,1.701627834,10.70095337,798.000,408.000
color_7,1.702753199,10.7530144,799.000,406.500
color_7,1.703878563,10.77036808,800.000,406.000
color_7,1.705003928,10.80507543,801.000,405.000
color_7,1.706129293,10.82242911,802.000,404.500
color_7,1.707254657,10.85713646,803.000,403.500
color_7,1.708380022,10.89184381,804.000,402.500
color_7,1.709505387,10.90919749,805.000,402.000
color_7,1.710630751,10.94390484,806.000,401.000
color_7,1.711756116,10.99596587,807.000,399.500
color_7,1.712881481,11.01331955,808.000,399.000
color_7,1.714006845,11.0480269,809.000,398.000
color_7,1.71513221,11.1174416,810.000,396.000
color_7,1.716257575,11.13479528,811.000,395.500
color_7,1.717382939,11.16950263,812.000,394.500
color_7,1.718508304,11.20420999,813.000,393.500
color_7,1.719633669,11.29097837,814.000,391.000
color_7,1.720759033,11.29097837,815.000,391.000
color_7,1.721884398,11.29097837,816.000,391.000
color_7,1.723009763,11.3430394,817.000,389.500
color_7,1.724135127,11.36039307,818.000,389.000
color_7,1.725260492,11.39510043,819.000,388.000
color_7,1.726385856,11.42980778,820.000,387.000
color_7,1.727511221,11.48186881,821.000,385.500
color_7,1.728636586,11.53392984,822.000,384.000
color_7,1.72976195,11.58599086,823.000,382.500
color_7,1.730887315,11.58599086,824.000,382.500
color_7,1.73201268,11.62069822,825.000,381.500
color_7,1.733138044,11.62069822,826.000,381.500
color_7,1.734263409,11.65540557,827.000,380.500
color_7,1.735388774,11.7074666,828.000,379.000
color_7,1.736514138,11.74217395,829.000,378.000
color_7,1.737639503,11.75952763,830.000,377.500
color_7,1.738764868,11.75952763,831.000,377.500
color_7,1.739890232,11.7768813,832.000,377.000
color_7,1.741015597,11.7768813,833.000,377.000
color_7,1.742140962,11.82894233,834.000,375.500
color_7,1.743266326,11.86364969,835.000,374.500
color_7,1.744391691,11.88100336,836.000,374.000
color_7,1.745517056,11.91571071,837.000,373.000
color_7,1.74664242,11.96777174,838.000,371.500
color_7,1.747767785,12.01983277,839.000,370.000
color_7,1.74889315,12.03718645,840.000,369.500
color_7,1.750018514,12.0718938,841.000,368.500
color_7,1.751143879,12.0718938,842.000,368.500
color_7,1.752269244,12.10660115,843.000,367.500
color_7,1.753394608,12.17601586,844.000,365.500
color_7,1.754519973,12.22807689,845.000,364.000
color_7,1.755645338,12.22807689,846.000,364.000
color_7,1.756770702,12.28013792,847.000,362.500
color_7,1.757896067,12.29749159,848.000,362.000
color_7,1.759021432,12.33219895,849.000,361.000
color_7,1.760146796,12.34955262,850.000,360.500
color_7,1.761272161,12.3669063,851.000,360.000
color_7,1.762397525,12.40161365,852.000,359.000
color_7,1.76352289,12.41896733,853.000,358.500
color_7,1.764648255,12.436321,854.000,358.000
color_7,1.765773619,12.48838203,855.000,356.500
color_7,1.766898984,12.48838203,856.000,356.500
color_7,1.768024349,12.48838203,857.000,356.500
color_7,1.769149713,12.50573571,858.000,356.000
color_7,1.770275078,12.50573571,859.000,356.000
color_7,1.771400443,12.55779674,860.000,354.500
color_7,1.772525807,12.57515042,861.000,354.000
color_7,1.773651172,12.6619188,862.000,351.500
color_7,1.774776537,12.67927247,863.000,351.000
color_7,1.775901901,12.67927247,864.000,351.000
color_7,1.777027266,12.71397983,865.000,350.000
color_7,1.778152631,12.7313335,866.000,349.500
color_7,1.779277995,12.7313335,867.000,349.500
color_7,1.78040336,12.7313335,868.000,349.500
color_7,1.781528725,12.7313335,869.000,349.500
color_7,1.782654089,12.7313335,870.000,349.500
color_7,1.783779454,12.7313335,871.000,349.500
color_7,1.784904819,12.7313335,872.000,349.500
color_7,1.786030183,12.7313335,873.000,349.500
color_7,1.787155548,12.74868718,874.000,349.000
color_7,1.788280913,12.78339453,875.000,348.000
color_7,1.789406277,12.80074821,876.000,347.500
color_7,1.790531642,12.83545556,877.000,346.500
color_7,1.791657007,12.85280924,878.000,346.000
color_7,1.792782371,12.90487027,879.000,344.500
color_7,1.793907736,12.92222394,880.000,344.000
color_7,1.7950331,12.93957762,881.000,343.500
color_7,1.796158465,13.026346,882.000,341.000
color_7,1.79728383,13.07840703,883.000,339.500
color_7,1.798409194,13.11311438,884.000,338.500
color_7,1.799534559,13.11311438,885.000,338.500
color_7,1.800659924,13.14782173,886.000,337.500
color_7,1.801785288,13.19988276,887.000,336.000
color_7,1.802910653,13.19988276,888.000,336.000
color_7,1.804036018,13.23459012,889.000,335.000
color_7,1.805161382,13.30400482,890.000,333.000
color_7,1.806286747,13.3213585,891.000,332.500
color_7,1.807412112,13.3907732,892.000,330.500
color_7,1.808537476,13.44283423,893.000,329.000
color_7,1.809662841,13.46018791,894.000,328.500
color_7,1.810788206,13.47754158,895.000,328.000
color_7,1.81191357,13.49489526,896.000,327.500
color_7,1.813038935,13.54695629,897.000,326.000
color_7,1.8141643,13.54695629,898.000,326.000
color_7,1.815289664,13.59901732,899.000,324.500
color_7,1.816415029,13.63372467,900.000,323.500
color_7,1.817540394,13.63372467,901.000,323.500
color_7,1.818665758,13.66843202,902.000,322.500
color_7,1.819791123,13.6857857,903.000,322.000
color_7,1.820916488,13.73784673,904.000,320.500
color_7,1.822041852,13.73784673,905.000,320.500
color_7,1.823167217,13.77255408,906.000,319.500
color_7,1.824292582,13.78990776,907.000,319.000
color_7,1.825417946,13.80726144,908.000,318.500
color_7,1.826543311,13.80726144,909.000,318.500
color_7,1.827668675,13.85932246,910.000,317.000
color_7,1.82879404,13.89402982,911.000,316.000
color_7,1.829919405,13.89402982,912.000,316.000
color_7,1.831044769,13.91138349,913.000,315.500
color_7,1.832170134,13.94609085,914.000,314.500
color_7,1.833295499,13.9807982,915.000,313.500
color_7,1.834420863,13.9807982,916.000,313.500
color_7,1.835546228,14.03285923,917.000,312.000
color_7,1.836671593,14.03285923,918.000,312.000
color_7,1.837796957,14.06756658,919.000,311.000
color_7,1.838922322,14.08492026,920.000,310.500
color_7,1.840047687,14.10227393,921.000,310.000
color_7,1.841173051,14.10227393,922.000,310.000
color_7,1.842298416,14.11962761,923.000,309.500
color_7,1.843423781,14.11962761,924.000,309.500
color_7,1.844549145,14.13698129,925.000,309.000
color_7,1.84567451,14.18904231,926.000,307.500
color_7,1.846799875,14.22374967,927.000,306.500
color_7,1.847925239,14.31051805,928.000,304.000
color_7,1.849050604,14.32787173,929.000,303.500
color_7,1.850175969,14.39728643,930.000,301.500
color_7,1.851301333,14.44934746,931.000,300.000
color_7,1.852426698,14.44934746,932.000,300.000
color_7,1.853552063,14.51876216,933.000,298.000
color_7,1.854677427,14.58817687,934.000,296.000
color_7,1.855802792,14.6402379,935.000,294.500
color_7,1.856928157,14.67494525,936.000,293.500
color_7,1.858053521,14.72700628,937.000,292.000
color_7,1.859178886,14.79642099,938.000,290.000
color_7,1.86030425,14.79642099,939.000,290.000
color_7,1.861429615,14.83112834,940.000,289.000
color_7,1.86255498,14.9352504,941.000,286.000
color_7,1.863680344,14.96995775,942.000,285.000
color_7,1.864805709,15.02201878,943.000,283.500
color_7,1.865931074,15.09143348,944.000,281.500
color_7,1.867056438,15.17820187,945.000,279.000
color_7,1.868181803,15.21290922,946.000,278.000
color_7,1.869307168,15.24761657,947.000,277.000
color_7,1.870432532,15.2996776,948.000,275.500
color_7,1.871557897,15.3690923,949.000,273.500
color_7,1.872683262,15.40379966,950.000,272.500
color_7,1.873808626,15.47321436,951.000,270.500
color_7,1.874933991,15.52527539,952.000,269.000
color_7,1.876059356,15.52527539,953.000,269.000
color_7,1.87718472,15.54262907,954.000,268.500
color_7,1.878310085,15.62939745,955.000,266.000
color_7,1.87943545,15.64675113,956.000,265.500
color_7,1.880560814,15.6641048,957.000,265.000
color_7,1.881686179,15.69881216,958.000,264.000
color_7,1.882811544,15.76822686,959.000,262.000
color_7,1.883936908,15.82028789,960.000,260.500
color_7,1.885062273,15.83764157,961.000,260.000
color_7,1.886187638,15.88970259,962.000,258.500
color_7,1.887313002,15.88970259,963.000,258.500
color_7,1.888438367,15.92440995,964.000,257.500
color_7,1.889563732,15.9591173,965.000,256.500
color_7,1.890689096,15.97647098,966.000,256.000
color_7,1.891814461,15.97647098,967.000,256.000
color_7,1.892939825,16.02853201,968.000,254.500
color_7,1.89406519,16.09794671,969.000,252.500
color_7,1.895190555,16.11530039,970.000,252.000
color_7,1.896315919,16.11530039,971.000,252.000
color_7,1.897441284,16.13265406,972.000,251.500
color_7,1.898566649,16.16736142,973.000,250.500
color_7,1.899692013,16.18471509,974.000,250.000
color_7,1.900817378,16.23677612,975.000,248.500
color_7,1.901942743,16.27148347,976.000,247.500
color_7,1.903068107,16.28883715,977.000,247.000
color_7,1.904193472,16.28883715,978.000,247.000
color_7,1.905318837,16.34089818,979.000,245.500
color_7,1.906444201,16.35825186,980.000,245.000
color_7,1.907569566,16.37560553,981.000,244.500
color_7,1.908694931,16.41031288,982.000,243.500
color_7,1.909820295,16.44502024,983.000,242.500
color_7,1.91094566,16.44502024,984.000,242.500
color_7,1.912071025,16.47972759,985.000,241.500
color_7,1.913196389,16.51443494,986.000,240.500
color_7,1.914321754,16.5491423,987.000,239.500
color_7,1.915447119,16.58384965,988.000,238.500
color_7,1.916572483,16.58384965,989.000,238.500
color_7,1.917697848,16.60120332,990.000,238.000
color_7,1.918823213,16.618557,991.000,237.500
color_7,1.919948577,16.65326435,992.000,236.500
color_7,1.921073942,16.68797171,993.000,235.500
color_7,1.922199307,16.72267906,994.000,234.500
color_7,1.923324671,16.72267906,995.000,234.500
color_7,1.924450036,16.77474009,996.000,233.000
color_7,1.9255754,16.79209376,997.000,232.500
color_7,1.926700765,16.79209376,998.000,232.500
color_7,1.92782613,16.82680112,999.000,231.500
color_7,1.928951494,16.87886215,1000.000,230.000
color_7,1.930076859,16.9135695,1001.000,229.000
color_7,1.931202224,16.93092317,1002.000,228.500
color_7,1.932327588,16.96563053,1003.000,227.500
color_7,1.933452953,17.01769156,1004.000,226.000
color_7,1.934578318,17.03504523,1005.000,225.500
color_7,1.935703682,17.06975259,1006.000,224.500
color_7,1.936829047,17.06975259,1007.000,224.500
color_7,1.937954412,17.06975259,1008.000,224.500
color_7,1.939079776,17.10445994,1009.000,223.500
color_7,1.940205141,17.10445994,1010.000,223.500
color_7,1.941330506,17.13916729,1011.000,222.500
color_7,1.94245587,17.15652097,1012.000,222.000
color_7,1.943581235,17.17387464,1013.000,221.500
color_7,1.9447066,17.17387464,1014.000,221.500
color_7,1.945831964,17.208582,1015.000,220.500
color_7,1.946957329,17.22593567,1016.000,220.000
color_7,1.948082694,17.24328935,1017.000,219.500
color_7,1.949208058,17.26064303,1018.000,219.000
color_7,1.950333423,17.26064303,1019.000,219.000
color_7,1.951458788,17.2779967,1020.000,218.500
color_7,1.952584152,17.29535038,1021.000,218.000
color_7,1.953709517,17.29535038,1022.000,218.000
color_7,1.954834882,17.29535038,1023.000,218.000
color_7,1.955960246,17.29535038,1024.000,218.000
color_7,1.957085611,17.29535038,1025.000,218.000
color_7,1.958210975,17.29535038,1026.000,218.000
color_7,1.95933634,17.31270405,1027.000,217.500
color_7,1.960461705,17.31270405,1028.000,217.500
color_7,1.961587069,17.31270405,1029.000,217.500
color_7,1.962712434,17.31270405,1030.000,217.500
color_7,1.963837799,17.31270405,1031.000,217.500
color_7,1.964963163,17.31270405,1032.000,217.500
color_7,1.966088528,17.31270405,1033.000,217.500
color_7,1.967213893,17.2779967,1034.000,218.500
color_7,1.968339257,17.26064303,1035.000,219.000
color_7,1.969464622,17.2779967,1036.000,218.500
color_7,1.970589987,17.31270405,1037.000,217.500
color_7,1.971715351,17.34741141,1038.000,216.500
color_7,1.972840716,17.36476508,1039.000,216.000
color_7,1.973966081,17.39947244,1040.000,215.000
color_7,1.975091445,17.45153346,1041.000,213.500
color_7,1.97621681,17.46888714,1042.000,213.000
color_7,1.977342175,17.48624082,1043.000,212.500
color_7,1.978467539,17.53830185,1044.000,211.000
color_7,1.979592904,17.55565552,1045.000,210.500
color_7,1.980718269,17.5730092,1046.000,210.000
color_7,1.981843633,17.59036288,1047.000,209.500
color_7,1.982968998,17.60771655,1048.000,209.000
color_7,1.984094363,17.62507023,1049.000,208.500
color_7,1.985219727,17.65977758,1050.000,207.500
color_7,1.986345092,17.69448493,1051.000,206.500
color_7,1.987470457,17.69448493,1052.000,206.500
color_7,1.988595821,17.74654596,1053.000,205.000
color_7,1.989721186,17.79860699,1054.000,203.500
color_7,1.99084655,17.79860699,1055.000,203.500
color_7,1.991971915,17.79860699,1056.000,203.500
color_7,1.99309728,17.83331434,1057.000,202.500
color_7,1.994222644,17.8680217,1058.000,201.500
color_7,1.995348009,17.90272905,1059.000,200.500
color_7,1.996473374,17.92008273,1060.000,200.000
color_7,1.997598738,17.9374364,1061.000,199.500
color_7,1.998724103,17.98949743,1062.000,198.000
color_7,1.999849468,18.00685111,1063.000,197.500
color_7,2.000974832,18.04155846,1064.000,196.500
color_7,2.002100197,18.09361949,1065.000,195.000
color_7,2.003225562,18.12832684,1066.000,194.000
color_7,2.004350926,18.16303419,1067.000,193.000
color_7,2.005476291,18.19774155,1068.000,192.000
color_7,2.006601656,18.26715625,1069.000,190.000
color_7,2.00772702,18.28450993,1070.000,189.500
color_7,2.008852385,18.31921728,1071.000,188.500
color_7,2.00997775,18.33657096,1072.000,188.000
color_7,2.011103114,18.38863199,1073.000,186.500
color_7,2.012228479,18.38863199,1074.000,186.500
color_7,2.013353844,18.38863199,1075.000,186.500
color_8,1.018531488,14.24110334,191.000,306.000
color_8,1.019656853,14.24110334,192.000,306.000
color_8,1.020782218,14.25845702,193.000,305.500
color_8,1.021907582,14.25845702,194.000,305.500
color_8,1.023032947,14.25845702,195.000,305.500
color_8,1.024158312,14.25845702,196.000,305.500
color_8,1.025283676,14.24110334,197.000,306.000
color_8,1.026409041,14.25845702,198.000,305.500
color_8,1.027534406,14.25845702,199.000,305.500
color_8,1.02865977,14.25845702,200.000,305.500
color_8,1.029785135,14.25845702,201.000,305.500
color_8,1.0309105,14.25845702,202.000,305.500
color_8,1.032035864,14.25845702,203.000,305.500
color_8,1.033161229,14.25845702,204.000,305.500
color_8,1.034286593,14.25845702,205.000,305.500
color_8,1.035411958,14.25845702,206.000,305.500
color_8,1.036537323,14.25845702,207.000,305.500
color_8,1.037662687,14.24110334,208.000,306.000
color_8,1.038788052,14.24110334,209.000,306.000
color_8,1.039913417,14.24110334,210.000,306.000
color_8,1.041038781,14.24110334,211.000,306.000
color_8,1.042164146,14.24110334,212.000,306.000
color_8,1.043289511,14.24110334,213.000,306.000
color_8,1.044414875,14.24110334,214.000,306.000
color_8,1.04554024,14.24110334,215.000,306.000
color_8,1.046665605,14.24110334,216.000,306.000
color_8,1.047790969,14.24110334,217.000,306.000
color_8,1.048916334,14.24110334,218.000,306.000
color_8,1.050041699,14.24110334,219.000,306.000
color_8,1.051167063,14.24110334,220.000,306.000
color_8,1.052292428,14.25845702,221.000,305.500
color_8,1.053417793,14.25845702,222.000,305.500
color_8,1.054543157,14.25845702,223.000,305.500
color_8,1.055668522,14.25845702,224.000,305.500
color_8,1.056793887,14.25845702,225.000,305.500
color_8,1.057919251,14.25845702,226.000,305.500
color_8,1.059044616,14.25845702,227.000,305.500
color_8,1.060169981,14.25845702,228.000,305.500
color_8,1.061295345,14.25845702,229.000,305.500
color_8,1.06242071,14.25845702,230.000,305.500
color_8,1.063546075,14.25845702,231.000,305.500
color_8,1.064671439,14.25845702,232.000,305.500
color_8,1.065796804,14.25845702,233.000,305.500
color_8,1.066922168,14.25845702,234.000,305.500
color_8,1.068047533,14.25845702,235.000,305.500
color_8,1.069172898,14.25845702,236.000,305.500
color_8,1.070298262,14.25845702,237.000,305.500
color_8,1.071423627,14.25845702,238.000,305.500
color_8,1.072548992,14.25845702,239.000,305.500
color_8,1.073674356,14.25845702,240.000,305.500
color_8,1.074799721,14.25845702,241.000,305.500
color_8,1.075925086,14.25845702,242.000,305.500
color_8,1.07705045,14.25845702,243.000,305.500
color_8,1.078175815,14.25845702,244.000,305.500
color_8,1.07930118,14.25845702,245.000,305.500
color_8,1.080426544,14.25845702,246.000,305.500
color_8,1.081551909,14.25845702,247.000,305.500
color_8,1.082677274,14.25845702,248.000,305.500
color_8,1.083802638,14.25845702,249.000,305.500
color_8,1.084928003,14.25845702,250.000,305.500
color_8,1.086053368,14.25845702,251.000,305.500
color_8,1.087178732,14.25845702,252.000,305.500
color_8,1.088304097,14.25845702,253.000,305.500
color_8,1.089429462,14.25845702,254.000,305.500
color_8,1.090554826,14.25845702,255.000,305.500
color_8,1.091680191,14.25845702,256.000,305.500
color_8,1.092805556,14.25845702,257.000,305.500
color_8,1.09393092,14.25845702,258.000,305.500
color_8,1.095056285,14.25845702,259.000,305.500
color_8,1.09618165,14.25845702,260.000,305.500
color_8,1.097307014,14.25845702,261.000,305.500
color_8,1.098432379,14.25845702,262.000,305.500
color_8,1.099557743,14.25845702,263.000,305.500
color_8,1.100683108,14.25845702,264.000,305.500
color_8,1.101808473,14.25845702,265.000,305.500
color_8,1.102933837,14.25845702,266.000,305.500
color_8,1.104059202,14.25845702,267.000,305.500
color_8,1.105184567,14.25845702,268.000,305.500
color_8,1.106309931,14.25845702,269.000,305.500
color_8,1.107435296,14.25845702,270.000,305.500
color_8,1.108560661,14.25845702,271.000,305.500
color_8,1.109686025,14.25845702,272.000,305.500
color_8,1.11081139,14.25845702,273.000,305.500
color_8,1.111936755,14.25845702,274.000,305.500
color_8,1.113062119,14.25845702,275.000,305.500
color_8,1.114187484,14.25845702,276.000,305.500
color_8,1.115312849,14.25845702,277.000,305.500
color_8,1.116438213,14.25845702,278.000,305.500
color_8,1.117563578,14.25845702,279.000,305.500
color_8,1.118688943,14.24110334,280.000,306.000
color_8,1.119814307,14.24110334,281.000,306.000
color_8,1.120939672,14.24110334,282.000,306.000
color_8,1.122065037,14.24110334,283.000,306.000
color_8,1.123190401,14.24110334,284.000,306.000
color_8,1.124315766,14.24110334,285.000,306.000
color_8,1.125441131,14.24110334,286.000,306.000
color_8,1.126566495,14.24110334,287.000,306.000
color_8,1.12769186,14.24110334,288.000,306.000
color_8,1.128817225,14.24110334,289.000,306.000
color_8,1.129942589,14.24110334,290.000,306.000
color_8,1.131067954,14.24110334,291.000,306.000
color_8,1.132193318,14.24110334,292.000,306.000
color_8,1.133318683,14.24110334,293.000,306.000
color_8,1.134444048,14.24110334,294.000,306.000
color_8,1.135569412,14.24110334,295.000,306.000
color_8,1.136694777,14.24110334,296.000,306.000
color_8,1.137820142,14.24110334,297.000,306.000
color_8,1.138945506,14.24110334,298.000,306.000
color_8,1.140070871,14.24110334,299.000,306.000
color_8,1.141196236,14.25845702,300.000,305.500
color_8,1.1423216,14.25845702,301.000,305.500
color_8,1.143446965,14.25845702,302.000,305.500
color_8,1.14457233,14.25845702,303.000,305.500
color_8,1.145697694,14.25845702,304.000,305.500
color_8,1.146823059,14.25845702,305.000,305.500
color_8,1.147948424,14.25845702,306.000,305.500
color_8,1.149073788,14.25845702,307.000,305.500
color_8,1.150199153,14.25845702,308.000,305.500
color_8,1.151324518,14.25845702,309.000,305.500
color_8,1.152449882,14.25845702,310.000,305.500
color_8,1.153575247,14.25845702,311.000,305.500
color_8,1.154700612,14.25845702,312.000,305.500
color_8,1.155825976,14.24110334,313.000,306.000
color_8,1.545202147,-0.006264924672,659.000,716.500
color_8,1.546327512,-0.006264924672,660.000,716.500
color_8,1.547452876,-0.006264924672,661.000,716.500
color_8,1.548578241,-0.006264924672,662.000,716.500
color_8,1.549703606,-0.006264924672,663.000,716.500
color_8,1.55082897,-0.006264924672,664.000,716.500
color_8,1.551954335,-0.006264924672,665.000,716.500
color_8,1.5530797,-0.006264924672,666.000,716.500
color_8,1.554205064,-0.006264924672,667.000,716.500
color_8,1.555330429,-0.006264924672,668.000,716.500
color_8,1.556455794,0.01108875166,669.000,716.000
color_8,1.557581158,0.01108875166,670.000,716.000
color_8,1.558706523,0.01108875166,671.000,716.000
color_8,1.559831888,0.01108875166,672.000,716.000
color_8,1.560957252,-0.006264924672,673.000,716.500
color_8,1.562082617,-0.006264924672,674.000,716.500
color_8,1.563207981,-0.006264924672,675.000,716.500
color_8,1.564333346,0.02844242799,676.000,715.500
color_8,1.565458711,0.02844242799,677.000,715.500
color_8,1.566584075,0.02844242799,678.000,715.500
color_8,1.56770944,0.02844242799,679.000,715.500
color_8,1.568834805,0.06314978065,680.000,714.500
color_8,1.569960169,0.06314978065,681.000,714.500
color_8,1.571085534,0.06314978065,682.000,714.500
color_8,1.572210899,0.04579610432,683.000,715.000
color_8,1.573336263,0.04579610432,684.000,715.000
color_8,1.574461628,0.06314978065,685.000,714.500
color_8,1.575586993,0.06314978065,686.000,714.500
color_8,1.576712357,0.06314978065,687.000,714.500
color_8,1.577837722,0.06314978065,688.000,714.500
color_8,1.578963087,0.08050345698,689.000,714.000
color_8,1.580088451,0.09785713332,690.000,713.500
color_8,1.581213816,0.09785713332,691.000,713.500
color_8,1.582339181,0.09785713332,692.000,713.500
color_8,1.583464545,0.132564486,693.000,712.500
color_8,1.58458991,0.132564486,694.000,712.500
color_8,1.585715275,0.132564486,695.000,712.500
color_8,1.586840639,0.132564486,696.000,712.500
color_8,1.587966004,0.132564486,697.000,712.500
color_8,1.589091369,0.1672718386,698.000,711.500
color_8,1.590216733,0.1672718386,699.000,711.500
color_8,1.591342098,0.1672718386,700.000,711.500
color_8,1.592467463,0.1672718386,701.000,711.500
color_8,1.593592827,0.1672718386,702.000,711.500
color_8,1.594718192,0.184625515,703.000,711.000
color_8,1.595843556,0.2193328676,704.000,710.000
color_8,1.596968921,0.236686544,705.000,709.500
color_8,1.598094286,0.236686544,706.000,709.500
color_8,1.59921965,0.2540402203,707.000,709.000
color_8,1.600345015,0.2713938966,708.000,708.500
color_8,1.60147038,0.288747573,709.000,708.000
color_8,1.602595744,0.288747573,710.000,708.000
color_8,1.603721109,0.3061012493,711.000,707.500
color_8,1.604846474,0.3061012493,712.000,707.500
color_8,1.605971838,0.3234549256,713.000,707.000
color_8,1.607097203,0.3234549256,714.000,707.000
color_8,1.608222568,0.340808602,715.000,706.500
color_8,1.609347932,0.3581622783,716.000,706.000
color_8,1.610473297,0.3581622783,717.000,706.000
color_8,1.611598662,0.3581622783,718.000,706.000
color_8,1.612724026,0.3581622783,719.000,706.000
color_8,1.613849391,0.3755159546,720.000,705.500
color_8,1.614974756,0.3755159546,721.000,705.500
color_8,1.61610012,0.3755159546,722.000,705.500
color_8,1.617225485,0.3755159546,723.000,705.500
color_8,1.61835085,0.4275769836,724.000,704.000
color_8,1.619476214,0.4275769836,725.000,704.000
color_8,1.620601579,0.4275769836,726.000,704.000
color_8,1.621726944,0.4449306599,727.000,703.500
color_8,1.622852308,0.4622843363,728.000,703.000
color_8,1.623977673,0.4622843363,729.000,703.000
color_8,1.625103038,0.4796380126,730.000,702.500
color_8,1.626228402,0.5143453653,731.000,701.500
color_8,1.627353767,0.5143453653,732.000,701.500
color_8,1.628479131,0.5143453653,733.000,701.500
color_8,1.629604496,0.5316990416,734.000,701.000
color_8,1.630729861,0.5664063943,735.000,700.000
color_8,1.631855225,0.5837600706,736.000,699.500
color_8,1.63298059,0.5837600706,737.000,699.500
color_8,1.634105955,0.6011137469,738.000,699.000
color_8,1.635231319,0.6184674233,739.000,698.500
color_8,1.636356684,0.6184674233,740.000,698.500
color_8,1.637482049,0.6184674233,741.000,698.500
color_8,1.638607413,0.6184674233,742.000,698.500
color_8,1.639732778,0.6184674233,743.000,698.500
color_8,1.640858143,0.6531747759,744.000,697.500
color_8,1.641983507,0.7052358049,745.000,696.000
color_8,1.643108872,0.7225894812,746.000,695.500
color_8,1.644234237,0.7225894812,747.000,695.500
color_8,1.645359601,0.7399431576,748.000,695.000
color_8,1.646484966,0.7399431576,749.000,695.000
color_8,1.647610331,0.7399431576,750.000,695.000
color_8,1.648735695,0.7572968339,751.000,694.500
color_8,1.64986106,0.7746505102,752.000,694.000
color_8,1.650986425,0.8093578629,753.000,693.000
color_8,1.652111789,0.8093578629,754.000,693.000
color_8,1.653237154,0.8093578629,755.000,693.000
color_8,1.654362519,0.8614188919,756.000,691.500
color_8,1.655487883,0.8614188919,757.000,691.500
color_8,1.656613248,0.8614188919,758.000,691.500
color_8,1.657738613,0.8614188919,759.000,691.500
color_8,1.658863977,0.8787725682,760.000,691.000
color_8,1.659989342,0.9134799209,761.000,690.000
color_8,1.661114706,0.9134799209,762.000,690.000
color_8,1.662240071,0.9308335972,763.000,689.500
color_8,1.663365436,0.9308335972,764.000,689.500
color_8,1.6644908,0.9481872736,765.000,689.000
color_8,1.665616165,0.9828946262,766.000,688.000
color_8,1.66674153,1.000248303,767.000,687.500
color_8,1.667866894,1.000248303,768.000,687.500
color_8,1.668992259,1.034955655,769.000,686.500
color_8,1.670117624,1.052309332,770.000,686.000
color_8,1.671242988,1.069663008,771.000,685.500
color_8,1.672368353,1.069663008,772.000,685.500
color_8,1.673493718,1.069663008,773.000,685.500
color_8,1.674619082,1.087016684,774.000,685.000
color_8,1.675744447,1.104370361,775.000,684.500
color_8,1.676869812,1.104370361,776.000,684.500
color_8,1.677995176,1.121724037,777.000,684.000
color_8,1.679120541,1.121724037,778.000,684.000
color_8,1.680245906,1.15643139,779.000,683.000
color_8,1.68137127,1.191138742,780.000,682.000
color_8,1.682496635,1.191138742,781.000,682.000
color_8,1.683622,1.208492419,782.000,681.500
color_8,1.684747364,1.243199771,783.000,680.500
color_8,1.685872729,1.260553448,784.000,680.000
color_8,1.686998094,1.260553448,785.000,680.000
color_8,1.688123458,1.260553448,786.000,680.000
color_8,1.689248823,1.260553448,787.000,680.000
color_8,1.690374188,1.277907124,788.000,679.500
color_8,1.691499552,1.312614477,789.000,678.500
color_8,1.692624917,1.329968153,790.000,678.000
color_8,1.693750281,1.329968153,791.000,678.000
color_8,1.694875646,1.329968153,792.000,678.000
color_8,1.696001011,1.364675506,793.000,677.000
color_8,1.697126375,1.382029182,794.000,676.500
color_8,1.69825174,1.382029182,795.000,676.500
color_8,1.699377105,1.399382858,796.000,676.000
color_8,1.700502469,1.416736534,797.000,675.500
color_8,1.701627834,1.434090211,798.000,675.000
color_8,1.702753199,1.451443887,799.000,674.500
color_8,1.703878563,1.451443887,800.000,674.500
color_8,1.705003928,1.451443887,801.000,674.500
color_8,1.706129293,1.451443887,802.000,674.500
color_8,1.707254657,1.503504916,803.000,673.000
color_8,1.708380022,1.520858592,804.000,672.500
color_8,1.709505387,1.555565945,805.000,671.500
color_8,1.710630751,1.555565945,806.000,671.500
color_8,1.711756116,1.572919621,807.000,671.000
color_8,1.712881481,1.572919621,808.000,671.000
color_8,1.714006845,1.572919621,809.000,671.000
color_8,1.71513221,1.590273298,810.000,670.500
color_8,1.716257575,1.62498065,811.000,669.500
color_8,1.717382939,1.62498065,812.000,669.500
color_8,1.718508304,1.642334327,813.000,669.000
color_8,1.719633669,1.694395356,814.000,667.500
color_8,1.720759033,1.694395356,815.000,667.500
color_8,1.721884398,1.694395356,816.000,667.500
color_8,1.723009763,1.694395356,817.000,667.500
color_8,1.724135127,1.711749032,818.000,667.000
color_8,1.725260492,1.746456385,819.000,666.000
color_8,1.726385856,1.746456385,820.000,666.000
color_8,1.727511221,1.763810061,821.000,665.500
color_8,1.728636586,1.763810061,822.000,665.500
color_8,1.72976195,1.781163737,823.000,665.000
color_8,1.730887315,1.798517414,824.000,664.500
color_8,1.73201268,1.81587109,825.000,664.000
color_8,1.733138044,1.81587109,826.000,664.000
color_8,1.734263409,1.833224766,827.000,663.500
color_8,1.735388774,1.867932119,828.000,662.500
color_8,1.736514138,1.867932119,829.000,662.500
color_8,1.737639503,1.867932119,830.000,662.500
color_8,1.738764868,1.885285795,831.000,662.000
color_8,1.739890232,1.885285795,832.000,662.000
color_8,1.741015597,1.885285795,833.000,662.000
color_8,1.742140962,1.937346824,834.000,660.500
color_8,1.743266326,1.937346824,835.000,660.500
color_8,1.744391691,1.954700501,836.000,660.000
color_8,1.745517056,1.972054177,837.000,659.500
color_8,1.74664242,2.00676153,838.000,658.500
color_8,1.747767785,2.00676153,839.000,658.500
color_8,1.74889315,2.041468882,840.000,657.500
color_8,1.750018514,2.041468882,841.000,657.500
color_8,1.751143879,2.041468882,842.000,657.500
color_8,1.752269244,2.041468882,843.000,657.500
color_8,1.753394608,2.041468882,844.000,657.500
color_8,1.754519973,2.058822559,845.000,657.000
color_8,1.755645338,2.058822559,846.000,657.000
color_8,1.756770702,2.058822559,847.000,657.000
color_8,1.757896067,2.128237264,848.000,655.000
color_8,1.759021432,2.162944617,849.000,654.000
color_8,1.760146796,2.180298293,850.000,653.500
color_8,1.761272161,2.180298293,851.000,653.500
color_8,1.801785288,2.943860052,887.000,631.500
color_8,1.802910653,2.943860052,888.000,631.500
color_8,1.804036018,2.961213728,889.000,631.000
color_8,1.805161382,2.961213728,890.000,631.000
color_8,1.806286747,2.891799023,891.000,633.000
color_8,1.807412112,2.909152699,892.000,632.500
color_8,1.808537476,2.961213728,893.000,631.000
color_8,1.809662841,2.961213728,894.000,631.000
color_8,1.810788206,2.978567404,895.000,630.500
color_8,1.81191357,3.030628433,896.000,629.000
color_8,1.813038935,3.04798211,897.000,628.500
color_8,1.8141643,3.082689462,898.000,627.500
color_8,1.815289664,3.100043139,899.000,627.000
color_8,1.816415029,3.117396815,900.000,626.500
color_8,1.817540394,3.152104168,901.000,625.500
color_8,1.818665758,3.152104168,902.000,625.500
color_8,1.819791123,3.152104168,903.000,625.500
color_8,1.820916488,3.152104168,904.000,625.500
color_8,1.822041852,3.169457844,905.000,625.000
color_8,1.823167217,3.221518873,906.000,623.500
color_8,1.824292582,3.273579902,907.000,622.000
color_8,1.825417946,3.273579902,908.000,622.000
color_8,1.826543311,3.290933578,909.000,621.500
color_8,1.827668675,3.308287255,910.000,621.000
color_8,1.82879404,3.342994607,911.000,620.000
color_8,1.829919405,3.342994607,912.000,620.000
color_8,1.831044769,3.342994607,913.000,620.000
color_8,1.832170134,3.412409313,914.000,618.000
color_8,1.833295499,3.412409313,915.000,618.000
color_8,1.834420863,3.412409313,916.000,618.000
color_8,1.835546228,3.447116665,917.000,617.000
color_8,1.836671593,3.464470342,918.000,616.500
color_8,1.837796957,3.464470342,919.000,616.500
color_8,1.838922322,3.481824018,920.000,616.000
color_8,1.840047687,3.499177694,921.000,615.500
color_8,1.841173051,3.499177694,922.000,615.500
color_8,1.842298416,3.533885047,923.000,614.500
color_8,1.843423781,3.5685924,924.000,613.500
color_8,1.844549145,3.585946076,925.000,613.000
color_8,1.84567451,3.603299752,926.000,612.500
color_8,1.846799875,3.603299752,927.000,612.500
color_8,1.847925239,3.620653429,928.000,612.000
color_8,1.849050604,3.655360781,929.000,611.000
color_8,1.850175969,3.655360781,930.000,611.000
color_8,1.851301333,3.70742181,931.000,609.500
color_8,1.852426698,3.70742181,932.000,609.500
color_8,1.853552063,3.70742181,933.000,609.500
color_8,1.854677427,3.724775487,934.000,609.000
color_8,1.855802792,3.724775487,935.000,609.000
color_8,1.856928157,3.724775487,936.000,609.000
color_8,1.858053521,3.759482839,937.000,608.000
color_8,1.859178886,3.794190192,938.000,607.000
color_8,1.86030425,3.794190192,939.000,607.000
color_8,1.861429615,3.811543868,940.000,606.500
color_8,1.86255498,3.846251221,941.000,605.500
color_8,1.863680344,3.846251221,942.000,605.500
color_8,1.864805709,3.846251221,943.000,605.500
color_8,1.865931074,3.863604897,944.000,605.000
color_8,1.867056438,3.89831225,945.000,604.000
color_8,1.868181803,3.89831225,946.000,604.000
color_8,1.869307168,3.89831225,947.000,604.000
color_8,1.870432532,3.950373279,948.000,602.500
color_8,1.871557897,3.967726955,949.000,602.000
color_8,1.872683262,3.985080632,950.000,601.500
color_8,1.873808626,4.019787984,951.000,600.500
color_8,1.874933991,4.071849013,952.000,599.000
color_8,1.876059356,4.071849013,953.000,599.000
color_8,1.87718472,4.106556366,954.000,598.000
color_8,1.878310085,4.123910042,955.000,597.500
color_8,1.87943545,4.158617395,956.000,596.500
color_8,1.880560814,4.158617395,957.000,596.500
color_8,1.881686179,4.193324748,958.000,595.500
color_8,1.882811544,4.245385777,959.000,594.000
color_8,1.883936908,4.245385777,960.000,594.000
color_8,1.885062273,4.245385777,961.000,594.000
color_8,1.886187638,4.297446806,962.000,592.500
color_8,1.887313002,4.297446806,963.000,592.500
color_8,1.888438367,4.332154158,964.000,591.500
color_8,1.889563732,4.366861511,965.000,590.500
color_8,1.890689096,4.384215187,966.000,590.000
color_8,1.891814461,4.384215187,967.000,590.000
color_8,1.892939825,4.41892254,968.000,589.000
color_8,1.89406519,4.436276216,969.000,588.500
color_8,1.895190555,4.488337245,970.000,587.000
color_8,1.896315919,4.488337245,971.000,587.000
color_8,1.897441284,4.523044598,972.000,586.000
color_8,1.898566649,4.540398274,973.000,585.500
color_8,1.899692013,4.540398274,974.000,585.500
color_8,1.900817378,4.540398274,975.000,585.500
color_8,1.901942743,4.55775195,976.000,585.000
color_8,1.903068107,4.55775195,977.000,585.000
color_8,1.904193472,4.575105627,978.000,584.500
color_8,1.905318837,4.609812979,979.000,583.500
color_8,1.906444201,4.627166656,980.000,583.000
color_8,1.907569566,4.644520332,981.000,582.500
color_8,1.908694931,4.661874008,982.000,582.000
color_8,1.909820295,4.679227685,983.000,581.500
color_8,1.91094566,4.679227685,984.000,581.500
color_8,1.912071025,4.679227685,985.000,581.500
color_8,1.913196389,4.696581361,986.000,581.000
color_8,1.914321754,4.731288714,987.000,580.000
color_8,1.915447119,4.731288714,988.000,580.000
color_8,1.916572483,4.731288714,989.000,580.000
color_8,1.917697848,4.74864239,990.000,579.500
color_8,1.918823213,4.783349743,991.000,578.500
color_8,1.919948577,4.800703419,992.000,578.000
color_8,1.921073942,4.800703419,993.000,578.000
color_8,1.922199307,4.818057095,994.000,577.500
color_8,1.923324671,4.835410772,995.000,577.000
color_8,1.924450036,4.852764448,996.000,576.500
color_8,1.9255754,4.870118124,997.000,576.000
color_8,1.926700765,4.870118124,998.000,576.000
color_8,1.92782613,4.870118124,999.000,576.000
color_8,1.928951494,4.922179153,1000.000,574.500
color_8,1.930076859,4.922179153,1001.000,574.500
color_8,1.931202224,4.922179153,1002.000,574.500
color_8,1.932327588,4.956886506,1003.000,573.500
color_8,1.933452953,4.974240182,1004.000,573.000
color_8,1.934578318,4.974240182,1005.000,573.000
color_8,1.935703682,4.974240182,1006.000,573.000
color_8,1.936829047,4.991593859,1007.000,572.500
color_8,1.937954412,4.991593859,1008.000,572.500
color_8,1.939079776,5.008947535,1009.000,572.000
color_8,1.940205141,5.008947535,1010.000,572.000
color_8,1.941330506,5.026301211,1011.000,571.500
color_8,1.94245587,5.043654888,1012.000,571.000
color_8,1.943581235,5.061008564,1013.000,570.500
color_8,1.9447066,5.07836224,1014.000,570.000
color_8,1.945831964,5.07836224,1015.000,570.000
color_8,1.946957329,5.07836224,1016.000,570.000
color_8,1.948082694,5.113069593,1017.000,569.000
color_8,1.949208058,5.130423269,1018.000,568.500
color_8,1.950333423,5.130423269,1019.000,568.500
color_8,1.951458788,5.130423269,1020.000,568.500
color_8,1.952584152,5.130423269,1021.000,568.500
color_8,1.953709517,5.130423269,1022.000,568.500
color_8,1.954834882,5.147776946,1023.000,568.000
color_8,1.955960246,5.147776946,1024.000,568.000
color_8,1.957085611,5.147776946,1025.000,568.000
color_8,1.958210975,5.147776946,1026.000,568.000
color_8,1.95933634,5.165130622,1027.000,567.500
color_8,1.960461705,5.165130622,1028.000,567.500
color_8,1.961587069,5.165130622,1029.000,567.500
color_8,1.962712434,5.165130622,1030.000,567.500
color_8,1.963837799,5.165130622,1031.000,567.500
color_8,1.964963163,5.165130622,1032.000,567.500
color_8,1.966088528,5.165130622,1033.000,567.500
color_8,1.967213893,5.165130622,1034.000,567.500
color_8,1.968339257,5.165130622,1035.000,567.500
color_8,1.969464622,5.165130622,1036.000,567.500
color_8,1.970589987,5.165130622,1037.000,567.500
color_8,1.971715351,5.182484298,1038.000,567.000
color_8,1.972840716,5.182484298,1039.000,567.000
color_8,1.973966081,5.199837975,1040.000,566.500
color_8,1.975091445,5.199837975,1041.000,566.500
color_8,1.97621681,5.217191651,1042.000,566.000
color_8,1.977342175,5.234545327,1043.000,565.500
color_8,1.978467539,5.234545327,1044.000,565.500
color_8,1.979592904,5.26925268,1045.000,564.500
color_8,1.980718269,5.26925268,1046.000,564.500
color_8,1.981843633,5.26925268,1047.000,564.500
color_8,1.982968998,5.26925268,1048.000,564.500
color_8,1.984094363,5.286606356,1049.000,564.000
color_8,1.985219727,5.286606356,1050.000,564.000
color_8,1.986345092,5.303960033,1051.000,563.500
color_8,1.987470457,5.303960033,1052.000,563.500
color_8,1.988595821,5.303960033,1053.000,563.500
color_8,1.989721186,5.303960033,1054.000,563.500
color_8,1.99084655,5.303960033,1055.000,563.500
color_8,1.991971915,5.303960033,1056.000,563.500
color_8,1.99309728,5.303960033,1057.000,563.500
color_8,1.994222644,5.303960033,1058.000,563.500
color_8,1.995348009,5.303960033,1059.000,563.500
color_8,1.996473374,5.303960033,1060.000,563.500
color_8,1.997598738,5.321313709,1061.000,563.000
color_8,1.998724103,5.321313709,1062.000,563.000
color_8,1.999849468,5.321313709,1063.000,563.000
color_8,2.000974832,5.321313709,1064.000,563.000
color_8,2.002100197,5.321313709,1065.000,563.000
color_8,2.003225562,5.321313709,1066.000,563.000
color_8,2.004350926,5.321313709,1067.000,563.000
color_8,2.005476291,5.321313709,1068.000,563.000
color_8,2.006601656,5.321313709,1069.000,563.000
color_8,2.00772702,5.321313709,1070.000,563.000
color_8,2.008852385,5.321313709,1071.000,563.000
color_8,2.00997775,5.321313709,1072.000,563.000
color_8,2.011103114,5.321313709,1073.000,563.000
color_8,2.012228479,5.321313709,1074.000,563.000
color_8,2.013353844,5.321313709,1075.000,563.000
